id,season,player_id,position
edbfd76f-df8b-4e23-a87f-510990149baa,2024/25,657110e7-2562-4b51-83bf-69551e37f8c1,2
d0e328f4-c8ee-4f2d-b07b-be347ab75e77,2020/21,cde448c3-c413-4852-ae1a-1a4fbac7e91a,1
23f848c9-4128-4da4-84f7-5b78d2abb538,2022/23,8702ee2f-195f-4cb2-b2af-95159eaa74d8,2
5b3ce663-2949-402b-ab25-354645135b7a,2022/23,a9b733b1-f28a-4ee6-9925-aacc58107500,3
adc9ffaf-4cbf-481a-b41b-d0ce82aaf0dc,2022/23,cc48ff04-fda2-4ab5-b65d-7a7fe526fb2f,3
b4b1465d-66c1-413f-b675-1d9f55ed2a16,2019/20,ae038a6e-37a4-4610-ba9e-4cb35f66b3bd,2
e41f1b55-b852-4596-bf35-72bb4a11a3df,2024/25,b0076fa1-2d94-4513-82f0-93616a4e0e84,3
8cff9c1d-5c50-4a0a-975c-8c9ec81a5695,2024/25,d55c24d3-a28a-422f-a250-d478317d3760,2
e3215e05-2a73-4768-bbb1-d6c2655f5e9f,2023/24,00b52884-4ac1-4ef9-aa10-735b1f7d561a,2
4f946410-7059-4505-a85b-b9fd7c7059f7,2024/25,205e17ad-76e5-4a8a-ba2d-17e068f39ce2,3
1a3ffa42-5418-468b-8c5e-0ec0b1309d83,2022/23,f0a83477-9a84-415d-a7f0-c16f464ca033,3
23b6fe89-7d15-4821-ad4b-be696cbfc617,2022/23,a813d09b-3694-4714-b863-bb5997ef8f43,2
7f343fda-65d1-4fc4-a088-ce8ca40e8729,2022/23,7d0ce2be-20f7-4099-add3-2623af5b22d6,3
d7b78349-9b16-4456-ab44-c57cea8f861b,2024/25,54a322fe-500f-4fe6-8649-8c4ba756995e,4
bf813936-c39e-415e-9188-d67f1af3e388,2024/25,3acb44ae-5b2f-45c5-9869-84d7afbc168f,3
88d9c181-f372-4156-a3be-abc6f47c5404,2019/20,dc327a0e-c462-4b63-bdb0-a7def1b09ab3,2
b002b2fd-aaec-4e9c-ab86-7503eb3b83ea,2024/25,4bca5822-74d2-4237-a2ee-0de9bd1aa8fb,2
5908bad9-8e16-42d8-8d7f-7da48e3d55a8,2024/25,e1d9a973-35a1-4fba-9980-59ebf61233f0,2
01106c84-ba8c-4deb-b66d-6895c59a7ec4,2023/24,f6da99d0-3d76-44e8-9a59-110a23a11dce,4
bdaf5b75-db95-463b-8114-a69b1a15e79c,2024/25,1c5fa20c-00ba-4c53-9c42-702c7fc4a517,2
0f5e9700-6a8e-4603-af01-3ce8b044ad4a,2024/25,b5e6c9ad-10c2-4bff-9f45-746f6a7b3465,3
2fe2c161-8508-4170-a291-06f8c046f2f9,2023/24,c6e7ac73-23b7-4259-8695-c7198c3c43cc,2
da1154bd-0c39-47bb-9976-9a7e383b9635,2019/20,2d73beaa-be2a-484c-9dff-1bf7927941e2,2
260dc765-70c7-47e1-be5e-f6a81c5d465a,2019/20,efcb34ce-b8ec-4f6e-8f4d-3f43931a54f6,2
7bb0d6e2-fa24-4372-ba6b-8019fcdcfb14,2024/25,c8c438ab-f065-4b03-9765-3002b42f3a58,2
005ed1eb-361c-4a2c-91f3-2f37273a1bdb,2016/17,e14a60b0-c5c3-482d-9b61-01d92aeaaef5,1
7b924b95-5624-41a0-802b-06c5c78397fb,2024/25,d11092d2-02a1-483d-8581-ce070c6c41d9,3
5fec7736-6ddc-469a-8845-0cbc6555bde6,2024/25,d7143196-0a70-47fd-8ce7-f372f88a1381,3
a0f63eef-5e78-4e36-91bd-051315b23077,2024/25,54bb43bc-e7aa-4943-9132-0c76a4090099,2
4f8a9fa9-2797-4dfd-87ef-d28018b1ccc0,2023/24,54793335-03fc-44e7-8318-5da068f63263,2
3189064a-54ea-4260-8bcc-3ea2dce2f98a,2022/23,d1f5f863-043f-4759-adbe-9489d6df04e1,3
9ac63a87-54c6-41f8-a577-f57c2ba6f60b,2022/23,830feb86-402a-4daf-affa-3f675202527d,3
09f60e55-2249-4e7b-84f2-c28957ce7354,2024/25,26403f80-aee2-4a3c-8d10-b90390d5855e,2
2423d551-2136-430a-94dc-deec4bef9ca3,2020/21,7f160bcd-c48f-454e-bd10-5d13e7b7a608,2
9fe34940-1a52-465e-8237-abba4875164d,2019/20,44dc201e-dc85-4982-a627-e938ddc48bc0,2
55fb1d6a-9a14-463d-b6b4-b5ee4cb5b5ec,2021/22,cde448c3-c413-4852-ae1a-1a4fbac7e91a,1
edc499a9-c943-42af-8e52-81068b674a49,2023/24,df3a988b-b09d-4529-a70a-6bff596cff56,3
0fb9e5b4-d495-4bf4-b4c3-3eee85450bef,2021/22,003c34bb-f0e8-4fef-9e37-a09243dfdd5e,3
e448aa54-428c-4101-befc-0b2e63634e91,2020/21,bba082dc-e723-455d-ac6d-0d5b4006d6a5,2
52e9f22e-b969-4d83-94d1-c6f067e1e77a,2023/24,319633eb-126e-4558-bcbe-3f81634f4b5f,2
1fe38065-a388-48a0-846a-55e13f37d4b1,2022/23,dd8d4123-995c-434f-8617-1ca644f6f2d8,3
d21892a9-5f52-4458-b321-3878c72821c1,2024/25,a57c573b-9e52-4560-8f92-cfbd45ad8f34,3
e56ac56b-b697-43cf-8dc2-0ce75d1dda5a,2020/21,46b262ba-a864-4a5c-983b-8287c9e1b2c6,3
eb88a9b1-1e98-42dc-b9bc-a1ce8928b3ca,2021/22,0770e266-9633-4bd7-9e25-b218ce04a2f4,1
e9d2dc98-9301-4240-8741-f0b978d2ca76,2024/25,9e503294-677d-4eb6-afa0-2e7ac9ca5e05,3
d9c85f4c-7b58-4e9e-b9b9-f025750c11d6,2024/25,c797fded-0f6a-4bfc-86c9-b4aa6003061b,3
71349d2b-e3f2-4a48-8341-7b622abd90b8,2024/25,caea5c3e-561c-4856-b0bd-d1f3a2de121e,3
b0c755d6-ac6f-4d6c-88ce-c77866dae10c,2019/20,733bd107-f236-4471-9655-f01379c1bcc5,3
062dba0b-0a6b-4799-8e4a-874658fd3841,2024/25,a092bc5c-b20b-4d8f-8ed8-634e7f572b27,4
a0d38a27-d419-4641-8529-7b692546d826,2019/20,1a05965f-6a72-43c3-8a21-5d90201b464d,3
cc7fe8a5-6a65-4107-b204-570ed9603077,2024/25,49acc28c-0579-4ecf-bb09-7844ec2862b6,2
e6cc7a5a-636c-4b07-aa33-3b8e85e3e5df,2022/23,f51c9384-294d-43c3-9361-38f350856675,3
48041607-c3fa-4f26-b568-61ec0ae1466c,2020/21,88563d26-fdb6-4255-8558-cd35401b1e47,2
0262739c-c7f6-444f-878e-b34def59fff9,2024/25,892b4701-4709-4ea8-8946-85020dd7456a,3
971f78e7-dea4-43f2-a501-1eaa32525b53,2024/25,3f7d0d15-bae9-4443-b8fd-602d0b46e83b,3
199017c0-bf31-420a-b291-baf019f1b8d0,2023/24,173cfe8b-f489-4922-8264-22e87c1dfc62,4
7ab62ee9-cc99-4ce3-a530-fe8ce18c2c34,2020/21,90385cd1-1b4d-4eb7-8f0e-4ec42ec27b40,4
332c0712-811d-42a7-b9da-71ecc1387d1a,2024/25,d1f5f863-043f-4759-adbe-9489d6df04e1,3
9f51404b-3da8-4de9-b4f3-471a2da71aec,2018/19,499022db-4b66-47a6-9be9-f8ba92e29786,2
5af84aa1-c199-4926-98a9-d985fd9d4b51,2024/25,8b74ab57-db22-45f4-80ce-8e5d59b3ce3b,3
dceab703-e195-4789-9f03-1360728aba41,2023/24,681c11ac-7e56-493e-9ca1-72f90b878d01,2
c449ed45-f197-4a05-8187-345614f58a89,2021/22,e1303f74-c48f-4c2c-a6f4-d83d0b329911,2
727843b8-c7b9-49e3-8b93-d68eca979d9d,2016/17,bb980a5b-6f4c-4bb4-8f85-9c682f3370c6,3
1c07eb24-07df-4cee-96ae-0d2a99a29e6a,2022/23,2314bccb-dc23-4fe5-815c-e30d5e6f69cf,2
4d1fdb50-b242-4f73-987c-28e6690971f9,2018/19,1f21671d-d143-49c8-938f-b90e1b57a10e,4
872b5c07-a674-4e04-b9b6-a5beaeef78fe,2024/25,00b52884-4ac1-4ef9-aa10-735b1f7d561a,2
421a024c-1014-47b6-b2e5-6a53d3c97c44,2024/25,e45d7534-4746-4bad-a959-a6cbf37edec1,2
ea5d9891-d625-4cd4-9847-d625b12a1ace,2024/25,0e7b8ecc-a699-45cb-8993-d5e32832794b,3
351f99d9-2964-4b3c-8040-3b93619f6cdb,2024/25,ead63654-eecf-4f63-95af-a1bf48816879,2
689bdc75-04e6-4454-9aee-8b520e45308d,2020/21,fe136669-0afc-44f9-9800-1193f7670ceb,3
cfb912cf-1ab7-40b7-8cd4-410038755968,2024/25,5352a53c-371e-42ed-a345-bdcc7230af37,2
b87844fa-19df-4085-b8e5-a0df5d33ec70,2023/24,5ab3f06e-434d-4640-952d-0e7e998d761d,3
1e7941e1-c458-4eec-b83d-90640a91bbe4,2024/25,c6e7ac73-23b7-4259-8695-c7198c3c43cc,2
f2477778-e529-463b-b582-6ded6ab9b8d4,2024/25,5d65e834-c62a-40ff-b188-49c37deb087f,2
08037ce4-29d7-42d3-a282-ef32b973c82c,2016/17,285a763c-d124-443b-acd8-10f0b8778b8f,2
1f039168-19e1-413d-9af6-a5720d9ef907,2019/20,fa56513c-1a2f-44df-9b8a-f3d0d91190db,4
13f86e80-b301-4b6b-8a16-6c020598826a,2020/21,060747da-f457-488e-b411-04b14d664ddb,3
740dd2a5-a7c2-48f4-a9a7-55370213ca4b,2021/22,e7dee554-60cc-4615-8474-50c260ae95ef,2
b78dde3d-bdb6-4e36-b928-42cac8f8e303,2023/24,f82e53d7-605b-4a3d-8ce6-b28823b60aa1,1
b5e17649-3cd8-4551-a020-c8f6161837d5,2020/21,a3839c5a-f87e-48df-9a8d-dc0bc957b87b,4
20a8cc8e-8c1e-4a35-9807-7a1c7c6fa6fc,2024/25,c75af093-e51e-4ddf-b1fd-d1daaf9ec36b,4
1c6e4f11-559c-46b4-af1f-35595005ceda,2016/17,1887fa3c-0dc5-448b-9cf6-a4cac5f6ae96,2
519cccf3-3a95-4ea9-b53a-dd4f65c9b2e4,2018/19,77cea9fb-b868-43b2-9beb-87e8d91dd610,3
f9b59537-9710-4d1c-9d68-23bb63a17457,2021/22,66e81d3a-1171-4863-85cf-631953b28472,3
177d1e8c-e187-47d4-a634-5f85cedd5296,2024/25,72ed2f11-f5b4-440d-992c-b69044c742cd,1
7528ea01-8340-4a56-87d6-9056728e657f,2020/21,74afb9cb-18dd-4e48-aaa1-2267e42b6bf7,1
ca4e5827-6fb0-431d-98fd-11a3b40bf048,2023/24,4df36947-8e5c-4cb4-8d24-e271e8313642,3
b860cacb-c62a-4081-b282-5b718b98ac16,2022/23,83bf64c5-d053-4c9b-88a8-2fe044533999,4
c5718f53-78fc-432a-ae5f-0fa321007d13,2023/24,e4e24720-d2ab-4a3b-a489-6cd5d1114cfd,1
275765a8-6b14-411b-b6ac-5e38c2941380,2023/24,bf750c15-c9ca-42de-92cd-60fd2e5f995f,3
31c1bdbb-9630-4f12-9dba-6ff39da9c119,2024/25,ca8f56a5-50a6-40ee-9d34-b0913f594204,2
0efe445c-23a9-43d5-b3e6-e337f6ecc652,2017/18,3c391ec3-cacd-400c-9e80-0d013716e132,1
b910c50d-2366-41c0-8d14-239ea43e1ce3,2017/18,bec3286a-79d9-4125-ae8e-4c789e476cd5,3
83814ccf-8e4b-4a56-8c00-3bb7a8ae9086,2021/22,8318a5ef-20aa-4111-a203-80bf0226adf0,3
1718503a-d43e-4f05-92e9-aadea0612422,2024/25,8bf82ce7-d406-4c79-8560-1832322ecfec,4
29e8b06d-1531-4db0-8afa-ebaf2aae4204,2023/24,afbf49b6-75a5-4592-ab2c-d08295a2a391,1
1fa1f5d7-2fc2-413d-9f85-338055cd1cf1,2023/24,fa7f3fbe-f1a1-4944-a63f-c28478e8c6e7,3
42c389f6-dbc5-455c-a030-6da0f5e5cf66,2023/24,2456c5b8-e6c9-4ea3-9269-41f7c6216476,2
cad7c763-3fb1-4c73-bb8b-ed1689f1ccdc,2018/19,e1303f74-c48f-4c2c-a6f4-d83d0b329911,2
054269c3-9535-4233-bd61-a62d44438f13,2023/24,bec3286a-79d9-4125-ae8e-4c789e476cd5,3
bd54e411-3fb3-47da-857c-9c37c3a0ba77,2024/25,626c564d-91fd-4d3a-aa2f-067cb4e55a0e,1
afc38b02-6a57-456c-ab69-60ca44ff0706,2021/22,0a8ab14f-a374-4492-9acc-0a1cf2fbb119,3
c11da5cc-4255-4f14-88da-3e1f3d683eac,2023/24,049a7ce0-2122-4c95-b21b-097e3d229319,4
5d196650-d0c6-4ea3-8578-5abc0028e07a,2021/22,a7f69c5f-2404-4f5c-af99-f4ab747da321,3
ed1cceae-5c0d-430f-a6d8-0935e170495e,2016/17,0a8ab14f-a374-4492-9acc-0a1cf2fbb119,3
b4752f35-cdad-4ad6-beae-a8e4a4d893e5,2020/21,18518340-c700-4515-a0b4-90b371a9686e,3
101d756b-d8ad-413b-acd0-2e5b5e7afe03,2024/25,c0b876d5-f9e9-4ea8-af27-9cb7687b1f92,3
c81f8197-f9d9-4198-aade-c5d2cd3d37bc,2021/22,0847dcd8-082d-4991-8913-1e3bc242dcc3,2
925fc49f-afd0-4446-aeda-88a8fae9d79e,2017/18,285a763c-d124-443b-acd8-10f0b8778b8f,2
1028d057-81b8-4c85-9ffe-2f269d578022,2023/24,7ceade22-f5db-4b3e-ae20-120cd46c67cf,2
6eedf490-3fe7-46e7-ab16-6fb2fc58ab7a,2020/21,a5e18fe7-45fc-4d0a-a4f8-ae032850f68a,2
3e39262a-9d0d-4c0c-aa5a-185cfbf43af4,2023/24,0a8ab14f-a374-4492-9acc-0a1cf2fbb119,3
1f9f7ec5-be21-4bd4-a0d7-8ba1f8e8a90f,2021/22,125ec0fc-cbeb-467a-8e71-8f0ada688670,2
3768e1ea-2d81-4c82-a05a-f19c2cc3f62f,2024/25,27100a56-1d73-4f98-9cab-8092707f2f4c,2
485ca87f-bc3c-4ae4-85d9-d7faefa9a7b1,2021/22,0f24ddb4-65f2-4527-908d-a89f91277b34,3
a3befb36-8580-4887-8bff-8ca5224b2a65,2024/25,863d933f-eb34-417e-9a08-e4007722bc29,4
c7f18819-8569-4836-a544-403b4819d613,2024/25,8f24ce04-4a4b-4faa-a0c3-0ecb9e6a6d2c,2
da0f0740-405e-435f-b925-795d0906bd46,2023/24,f98faf93-e1aa-4c24-b12c-1140704e92eb,2
a3a512f8-0803-414b-9bb8-fb15110e4473,2021/22,3b1771d3-ae4a-4c50-8b34-023a6d337064,3
f00f4c03-b44b-4eb5-baae-4e5b443a5214,2024/25,e82f741c-7aaf-4807-bbfc-ce5f4a0d98b9,3
239ca81d-3bee-43cc-891a-ef9c72e5d178,2022/23,d2f7294c-7df5-479c-9c9b-f550be9dda26,3
2b59b301-984e-4a82-bc6e-611d43b9bf8e,2022/23,ae553ab7-226a-49c0-827b-6652d5d1c7a0,4
5046157e-67aa-4e70-917e-4ea14376c49a,2021/22,bf428111-cd34-4d6e-afd6-31e7a312dc1d,2
f5ac6c9d-5a5c-4303-9a3a-5902b1711af7,2021/22,49acc28c-0579-4ecf-bb09-7844ec2862b6,2
ca008f67-594e-4b5c-a0a2-c1d5aa9704e1,2023/24,0dbe7e79-cbd1-44c8-b2e3-925b0070aa9b,3
89477aa7-ffcc-49fc-90d5-3a8fded81a65,2024/25,d38b9de7-2bbe-426b-95e8-712c23991199,2
996f3dca-e1fe-421f-ab39-a076b3243498,2019/20,a260b16c-092a-4eaa-9f5d-4a8a425a65ff,3
d2e5eef6-39e4-4107-94c7-4ba0470e2b93,2020/21,b3f99367-3da0-4c23-b896-5bb59bae87a6,2
c55c4f57-65d4-46fd-8790-f5ad835dd9bb,2024/25,a4a003e6-5cb2-45d5-b95c-bd59f2a84743,2
f68d6656-400a-4fa7-8135-5139113ff802,2023/24,dc4e0b8b-414e-4811-ae72-8efdf9531f4d,3
fdb84980-e0ae-49b1-917b-aab60048a651,2022/23,9c3e5a68-1061-402c-ad21-25b8c26178ff,2
577d487a-c4f8-45dc-af98-7a11f346f475,2021/22,a253d98f-9eca-43f1-9015-5c8511d97c51,2
ad3a9157-146f-40cc-b37c-275d807b5580,2022/23,fb90f28e-7da5-4951-9e8a-b8a35718154c,2
1b284cf0-9045-4d96-8ef3-7e06caf04e13,2023/24,7299a365-c7d3-4fae-983c-d6b980719a1d,3
a15f1258-ff01-42e7-bae2-54e0af492fcc,2019/20,e1303f74-c48f-4c2c-a6f4-d83d0b329911,2
ac078eff-b231-4433-9dfd-8956c8d54346,2020/21,733bd107-f236-4471-9655-f01379c1bcc5,3
5b773439-fed6-4e6a-a401-2244f8d4c50b,2019/20,423e1b12-0219-4921-9347-0631bb645a1c,3
b79e8003-0865-40a1-acd4-4fc14af7a0ec,2016/17,d7b7e799-d34b-45a5-9e63-719d4300cb4e,4
3150ca28-b411-424f-866a-650488d8003b,2021/22,06c9080d-7207-41f4-a067-fa9ec2164b86,4
f7a6c3c1-60c3-437a-95d6-36ad5902d740,2024/25,c291d224-8f96-4a24-b524-cd665cdab83a,1
c56e9887-c940-477a-98b1-3aae4bced8e2,2024/25,48da60a2-014b-491f-99ee-034d2e11bf48,3
a42748c2-2a5e-4e38-b8ef-8677634a7c78,2023/24,0c132447-b77a-4ef3-8b76-773466c30a9f,4
4c085aa4-79f0-4ed9-9df0-473531da7a33,2022/23,95d950e0-c5f8-4046-8a5e-ec4f084f4a8c,3
43f128a6-b48e-44f9-9251-b7825add4d74,2021/22,8702ee2f-195f-4cb2-b2af-95159eaa74d8,2
746fb334-68ab-4017-9975-8e780d1516cd,2021/22,1f21671d-d143-49c8-938f-b90e1b57a10e,4
429be86b-0463-4a5e-bb65-660a9a5fea10,2023/24,4991dc0c-e021-4050-a305-fda2b44a000e,4
6f613aca-052c-4bff-90b0-cdf0a6842915,2023/24,6464d7dc-b00f-4f30-95ef-28e68277b29a,2
7238b310-9355-4826-aca7-a8f6089c27b0,2022/23,5aaeed89-dd50-43b0-8bd5-0b00ffae7428,3
aa83a929-6c35-4452-bc98-f8d4b3893c74,2017/18,57d51316-9d56-4d98-9df7-f5fc936704bb,1
2e258aba-e157-4e66-97be-e7a534e57441,2022/23,b3f99367-3da0-4c23-b896-5bb59bae87a6,2
38c6a7c0-7b5a-457e-9924-c5dcba38d739,2021/22,7299a365-c7d3-4fae-983c-d6b980719a1d,3
a2354e4d-6917-4500-bb28-5b8e18f4582f,2020/21,efcb34ce-b8ec-4f6e-8f4d-3f43931a54f6,2
9b1b1776-c6df-4f13-8b5a-794925c014c1,2024/25,ff3ae152-e9fa-4768-a059-853e3e482bc3,3
6ffb4db0-daae-4322-91c6-ec5b6fb947ce,2021/22,a3839c5a-f87e-48df-9a8d-dc0bc957b87b,4
6a495959-710e-4c4d-a6ed-9975ba4ff923,2024/25,f15c7a69-783c-4c78-affb-fdaff1d4c95e,1
ec60e551-95e3-4fce-83fa-7cce09b0ce89,2020/21,c20d9923-e246-4057-a326-8691402cb3bd,3
7f9c1367-9ad9-40dd-b75c-71300f0333b5,2022/23,b90def95-9562-42fd-b58c-8fac67adb479,3
6ab7d64c-738c-4d6b-a6c9-971924b9debf,2023/24,dc327a0e-c462-4b63-bdb0-a7def1b09ab3,2
ff6a805e-1ccd-460d-a343-12b12e0d7b62,2024/25,a813d09b-3694-4714-b863-bb5997ef8f43,2
53e0707b-2c4c-45c1-9486-5a7f9d01f4d2,2022/23,06bb6c3b-9a4c-4452-b53a-aff70107d7af,3
e38173dc-e041-411d-9149-305a1fb9c49e,2024/25,73c21faa-876a-417f-bfbd-b5433eae68c3,3
3d559ebf-9ab8-462d-b3cf-5374a447ed4a,2024/25,7f7fc90a-0213-4184-b84d-ce7c7d8c309d,2
f9071702-676d-4ea3-a01e-5c91f4a751a7,2024/25,b3f99367-3da0-4c23-b896-5bb59bae87a6,2
04dcc5d0-ddaf-4cb7-8eeb-0e6491ff8d37,2023/24,0552be44-9d74-4958-b8ba-3b4d84ed57b9,4
ba95dce5-17c0-43ae-8c18-b177ec2bce0d,2022/23,227b061b-86ff-48a9-ac03-db0cfec93961,3
f2d1c34b-27a5-494b-b2fe-63d3e6c86f80,2024/25,770bee50-6c71-497a-a0f4-ccfa519c3ab2,4
ada957ed-0b65-4d99-917d-7d628c5328df,2024/25,f9bba49a-202f-4676-8403-89b69aba431e,2
32ce3bb6-42e7-4640-94a4-c3a3ddc489d7,2023/24,0f24ddb4-65f2-4527-908d-a89f91277b34,3
c4558550-79af-4fdd-af8a-2f4ba1c6b5bc,2018/19,3858ec1b-1c61-4728-bcf3-15d955a16881,3
f6c4b5f5-bc39-41f7-bbe0-b9e2c6939dec,2020/21,49acc28c-0579-4ecf-bb09-7844ec2862b6,2
4e06054a-26d3-4d59-927e-dd4773ed72e2,2019/20,3706fb38-9c0f-4fa6-a4d3-69171dad0499,3
4a757c55-bee7-4a3a-ac34-158813dd93bd,2021/22,fef21c3b-20a9-4632-a6e3-8db0948f2205,3
df48bacd-4a5c-40a8-98ab-bf84e12ab755,2023/24,35abb6ba-fa65-4591-b6f1-295bd4189044,1
7e497097-f693-41f3-b74c-80a0fd9407a0,2019/20,90385cd1-1b4d-4eb7-8f0e-4ec42ec27b40,4
b693184c-2969-458e-a361-1d22e5d9a5b0,2020/21,ae038a6e-37a4-4610-ba9e-4cb35f66b3bd,2
011e1c6c-b402-4dde-86b3-9708807fa5e2,2020/21,1a66fd6a-6710-4f29-a6c5-89c04a1049b0,1
4e1d153a-96fa-47fe-8cdd-26c97e2bcced,2023/24,97f710e3-4d5b-475f-b4fb-dedf2866e61d,2
e43901c2-f18c-4ccf-a729-2877f311f9b1,2016/17,9264f988-edf6-4115-80fe-5ab6cd0a9b04,3
826ff316-4d21-4eb4-b351-0df8bc69db6b,2024/25,7f160bcd-c48f-454e-bd10-5d13e7b7a608,2
2150e5ca-aeba-4072-9636-620ec882b951,2020/21,da40d2fc-9fb1-4653-874a-386c8feae25e,3
fd674c2a-e6b3-4977-83e2-93ee61ab4676,2023/24,d38b9de7-2bbe-426b-95e8-712c23991199,2
2fa7f9fe-18b5-468e-bedc-f51b2363dad2,2022/23,f551e1b9-1b4f-4ee0-ab12-5b3d29f7f00e,3
7d8064f1-d786-4d80-bc2d-2d1a9ed694a8,2024/25,af860212-099b-4083-9c6b-0b667e106d07,3
62ed7c5e-25e3-4ee4-b2aa-bdd4303d4b76,2024/25,1ac76c65-0681-462c-82fa-1d7a480d9d61,5
aa7e193c-59d2-4918-9d2b-f12b1f20cace,2020/21,97bf024e-98d7-4f14-9b3f-7f83a23c1d26,3
f4bd971d-6038-4a30-94f4-02418f1b8bbc,2024/25,b2666900-fae2-4a8d-a1a5-44f03139866a,4
3b468dfe-94b0-4e08-9217-e431c787e100,2023/24,3f7d0d15-bae9-4443-b8fd-602d0b46e83b,3
91a02aaf-e44d-47c0-b326-f6b874e52359,2023/24,5105b215-ce6e-4494-93d2-f5aab4a3315a,4
b317b2b0-6326-418b-91cd-b5eaed64b346,2023/24,4a161504-a54e-4f71-980c-76258773e5ea,2
93c4660a-cb16-4781-9a57-282f53477e28,2016/17,9d100761-36fa-4c80-91ee-fa247d9a415b,2
7bbb413c-3bc5-4fb0-8041-59d9f2571dc7,2021/22,eaf2f6bc-da6a-44df-96c7-714275cd1719,3
799943b3-1f5f-419e-ad29-5bd08a39e7ed,2024/25,8c7c1299-a97a-4183-b666-eeeee465ec15,3
f5236773-81fa-4fb6-9f1c-4fb05a1305f7,2022/23,134b692c-b3a5-477d-ae7b-610a63bac91c,2
593b1dee-7577-41dc-9740-8357b8c6f4ca,2024/25,709d3031-90a5-4a10-ace0-73b80225cb0f,3
0bca4bb7-705f-4c4b-a266-c9b5d1779d46,2023/24,8eab6ae2-9f42-4418-ad51-fa317717924f,3
7262f937-12bf-4679-b0bc-70bad606b178,2023/24,b066e645-c6a2-464e-b911-c0d83cb622ac,2
6aac8c12-a63a-48e2-89f4-d22f2bbc9108,2024/25,b7c44e29-4ef6-47a2-954c-0b60eeb245dd,4
4a675414-b6d6-47ad-a1ad-9a8dbd627ac5,2024/25,2fc945e5-d19c-4530-a647-863b0ea4396d,2
0a0d4dc4-a983-484e-b0fe-96171a539ca6,2021/22,d2f7294c-7df5-479c-9c9b-f550be9dda26,3
65753d12-67e7-48dc-a9b5-928e535ef9a7,2020/21,a813d09b-3694-4714-b863-bb5997ef8f43,2
91156eff-a81d-4da0-8f8b-9afbebb4659a,2023/24,26ad018f-7c27-46e2-af1c-493276052c85,4
b9e2d00e-da94-441f-8276-3b15f3d5efa2,2024/25,74afb9cb-18dd-4e48-aaa1-2267e42b6bf7,1
8d7affb2-27c7-4f19-9a22-8daad02f5ff9,2020/21,26eaee45-f326-409e-8d39-72d972f14e96,2
22dab6f0-15ab-49e3-82a9-d12db2c52da2,2022/23,9d7e7d62-8e52-4b74-ba94-c1eb97aba0c6,3
4c00e6bc-19cf-4e55-9607-d5f02854ea1c,2024/25,56a218b5-0326-4ae2-b2f9-c21ae2995077,3
6727a446-25a4-4a0d-bfac-c1a017298661,2023/24,a253d98f-9eca-43f1-9015-5c8511d97c51,2
8bdacab1-514e-4bf6-9ec0-501652414ef1,2023/24,a4354aa0-6616-4c4e-9a28-b91936dd3ffa,4
797269ab-429b-43fb-ba30-330f18f50b3d,2022/23,2d73beaa-be2a-484c-9dff-1bf7927941e2,2
280cd658-eb11-4d86-8053-f5ec6ae98808,2022/23,c7a4d6d5-531f-45e5-902b-a002babbdb49,3
339047b9-e503-448a-9798-ec2f759aff80,2024/25,673743f6-2b57-4f2d-b024-440a9e0f77ce,3
ee8fe0cf-9f08-4339-9683-ed6df8ff4e25,2016/17,2de4111b-3169-48a3-8e41-c9fc7e174dae,4
0e90a7cd-d235-4eb8-ae8d-fd9924dda3f3,2023/24,5167d7b8-c362-4ebd-8d34-fc379f6ecaa3,3
dba8a181-0876-4302-92f3-4338e6e47b33,2016/17,6ccd22a5-35fa-45f0-8bb0-1fe3f642daf9,3
242adb5a-7079-4e06-987b-429ef22952d4,2019/20,6bd06b24-334f-4fdb-9746-1d98ccfcfe3f,3
200a7b39-55a8-4776-a8a3-632b5a83167f,2022/23,cfa0cd66-03e4-4dac-b6ab-aaf0a86fddf8,3
f66907dc-94eb-4314-9a2e-e4803ddd02d0,2024/25,0479f281-b698-4aba-ac40-86fedaa3eddf,3
296615c0-82a8-4981-b0f6-b4796592ef4e,2024/25,a9551960-d7f9-4af5-848c-cb5e73d73e6b,3
a61e5f45-bc96-4736-bfa7-6f0d9a28192f,2020/21,9c3e5a68-1061-402c-ad21-25b8c26178ff,2
70f0968e-2214-4a1c-a418-a39a18ba8945,2021/22,c932dd05-c46b-4c8e-bffd-ebc3be8f8402,2
852def5b-b821-4ee1-ab63-ab1a76f0f9d7,2019/20,2b064b3d-3801-4f5d-b158-269afc136611,2
06ce3126-39fa-408f-9599-031e3318820b,2019/20,794ce9ff-d47d-43c0-b13c-1e48807bc608,2
77d24176-39e3-45c9-aa70-0e58dc25bb23,2023/24,eb6fd9d0-63c5-4080-a5ab-0e9751ec993d,2
a71d132c-8d11-4897-8d65-4cce316b212b,2023/24,d2f7294c-7df5-479c-9c9b-f550be9dda26,3
f0fb3e1b-33d8-4685-a7e4-32f8b4ed39bc,2020/21,0be15e13-8da5-483c-a42e-ff087947359d,3
73ddad5d-c334-48aa-952c-8c7562034fe3,2022/23,119bb379-3aef-4f9e-8978-3e27561773b8,2
fdfc0727-2b77-4d9a-bca7-6a3d5f895395,2024/25,f67b8250-dee9-4e16-9acc-b8eb04a75bd6,2
8f77ec2b-4046-4409-b54e-803d5f7fb0ad,2016/17,ae038a6e-37a4-4610-ba9e-4cb35f66b3bd,2
9bf9b980-1980-4e6c-aa65-fea4c6b5c3d5,2023/24,8d8b3693-4c1c-41ff-a2ca-5adf8ab86188,3
2cf4c41d-1eeb-40c6-9e1c-ea66b7bf9bbf,2018/19,003c34bb-f0e8-4fef-9e37-a09243dfdd5e,3
9e712bef-6a01-4ca0-8757-2730e2fa16fa,2020/21,d1f5f863-043f-4759-adbe-9489d6df04e1,3
fb5c38ce-2b59-4489-a104-ae9bbd6b7957,2024/25,e8498d0b-a80e-4f2c-a7d5-4744ba79699e,3
54515ff9-535e-4a40-9749-4ab51843537c,2020/21,bec3286a-79d9-4125-ae8e-4c789e476cd5,3
1d9fb3d5-2cfe-4e2e-a10a-223398cc83a7,2024/25,c20d9923-e246-4057-a326-8691402cb3bd,3
18727108-b7a2-44a9-9df8-120b04f1b328,2020/21,794ce9ff-d47d-43c0-b13c-1e48807bc608,2
944f0998-63c9-4fe1-a2dd-f0df2029371b,2020/21,64c1604f-20e8-4f70-aca6-234467915cdb,2
17a5a9de-79f0-4e49-87de-d18d444bf4a8,2024/25,97bf024e-98d7-4f14-9b3f-7f83a23c1d26,3
c533de36-9216-4e36-ae32-9519e2c4176d,2021/22,44241170-8423-49f8-85bb-deb69ddfa48f,2
532ff571-5c14-4142-b6b6-047743038db5,2016/17,3b730726-1e3e-4d2a-9bc3-61177fb5d031,2
44f168a4-738a-430f-9e92-578a79cf0e3f,2021/22,90385cd1-1b4d-4eb7-8f0e-4ec42ec27b40,4
13c342e0-4363-4377-ace0-a21e0cccf07b,2018/19,657110e7-2562-4b51-83bf-69551e37f8c1,2
d85d7024-fd51-4cc0-8163-9bf8f50d14dd,2023/24,b340a5b0-42ae-4f2a-8096-1b227edae50a,3
4f223a81-44c6-4edb-b4f3-882583793124,2023/24,dd74e658-57fa-4e99-ac94-889f064764fa,2
71d0c37f-7c9c-4e25-8e95-ab1326df226c,2022/23,ae95b84b-d709-4d69-8fce-3ad10be29f4e,3
2d8bcd71-81ce-4a4d-b0e3-51ac44f8e0c8,2024/25,8fc63c4c-fe1d-4ba7-b070-dc23c576cc89,2
7a628802-5e09-4ac3-92d6-6b780f5aee95,2024/25,3f381c8a-eeae-4940-9b06-ea05f752e310,3
1e2f6bb8-00eb-4e32-b639-7352434aae5e,2024/25,2367f968-80af-48da-99cc-896d8e179fc2,4
9fa9d3e3-d310-4784-9f4b-661110d4290f,2017/18,ef0771b9-26c5-4915-8dea-392a26f45cbe,2
f8fc90e8-7bba-4232-8131-30b441662370,2020/21,114c54aa-c2b2-4adf-b9e3-052f9113dfdf,2
24d19016-fce4-4a22-bcdf-bc1290cb7e72,2019/20,3c391ec3-cacd-400c-9e80-0d013716e132,1
8c8806ec-d510-4271-af4b-2a2cae7ff71a,2023/24,9ddeea34-afa6-43b2-9718-40ac87c1da54,4
a0013647-294c-4959-ac9f-54f952d797bd,2024/25,5df08c11-5708-49a1-b677-3a4f70a17f17,1
93440021-8ee6-4338-971c-70ee9d299549,2021/22,97bf024e-98d7-4f14-9b3f-7f83a23c1d26,3
b12fdf88-bbd2-419e-b069-241b6644a511,2024/25,a21fec65-1718-44e4-a9e7-8b4ba2c6abdb,4
1adbdda6-07f8-477b-8e54-642902bf4dd7,2018/19,980c4351-c970-4fb0-afee-8820f742de9e,3
282a08dd-697f-4cda-86ea-22c8b1552f86,2024/25,0a08f076-b5ad-40a4-ac56-0dd943858329,3
cd81e331-9d01-4062-86dd-555fad310778,2023/24,86e096b9-965f-4b13-bc0b-7dc91707f0d4,3
d62c7be0-acd1-47e0-9b33-f15aaa0236a5,2019/20,b36cebaf-b61e-47db-baba-dee6e39cfa5b,3
244a87a3-76f3-4ea1-9bf1-43d8866a7583,2024/25,f8d026d5-43d1-43c8-aff8-8855325eeda9,3
42ea2253-efaf-4d28-9172-de7031921698,2020/21,5167d7b8-c362-4ebd-8d34-fc379f6ecaa3,3
646850a7-197d-42dc-a357-8fce8daec35e,2023/24,0f4c04eb-d670-413f-aa27-6ebea80648cb,3
e7d48a62-37be-43f9-ac26-0436340418ea,2023/24,493f278e-a61c-4a7b-bfbc-b7ae9d3926fb,2
8dfee2cb-70fe-4fd4-acb5-211d14fbaf2e,2023/24,023da49d-2e7d-4907-9df5-f04db9b0fd41,3
aa924d14-e108-4994-9c63-1519867d27de,2023/24,85560e36-f11f-4635-b01b-aa5dbbf39dfe,3
af887b20-c014-4970-b745-645d574a0a69,2022/23,2d3c3a1d-0246-49a8-b713-fb234c752389,3
7df6c139-9151-4155-a488-ea4f665144fb,2020/21,3706fb38-9c0f-4fa6-a4d3-69171dad0499,3
bb520ba3-cb4e-4442-9c70-1890dce1e566,2022/23,9e78f47f-6da8-4013-b7a8-87b63b1e07b6,4
aac262dc-ca73-4736-bd60-9efdda039ef7,2019/20,6fde9f20-8252-414f-a30d-8fc120612036,2
37fb08a3-c876-424e-9186-cd2cdcf57b1f,2022/23,21eefcd3-6c20-4e20-aebf-36f50f38fdd1,3
8093fbaa-cef2-4229-b41e-683e8aacb362,2021/22,809750fd-2ea8-4b4a-bce5-2e692aa3c335,3
81df53ff-eece-449d-ac25-53e44bcc5d06,2022/23,d86e3efa-0331-4d5e-94c6-ec063d3fa29e,2
84bea8fd-2b01-4fbe-958f-f38cf1f48914,2022/23,2fc945e5-d19c-4530-a647-863b0ea4396d,2
397db5d8-3a49-4170-876c-8e5a9ef50954,2020/21,4991dc0c-e021-4050-a305-fda2b44a000e,4
6d5a3dad-8564-49bc-8972-97740d0f659f,2021/22,8a942902-7e65-496f-97ab-36b2020d968f,2
44142a68-3eaf-4397-8e1f-8f6796018143,2024/25,f14ce898-c5ce-40a4-a22c-6ef0340b5f36,3
40ab8527-b2a9-4828-9a77-c25481dcc4f3,2022/23,2456c5b8-e6c9-4ea3-9269-41f7c6216476,2
1a47fbfd-94e1-4eb0-9316-3629501bd553,2023/24,614dca87-6771-4409-b1d4-230660704518,3
bc5b3036-4b55-4569-ad11-0e59494f34ed,2024/25,b22ccb52-c93b-4386-b625-108d1b8c31ef,3
5cdc56d7-264f-49cc-9b95-815808bda5e4,2024/25,9fc89667-620c-4a07-a188-debfe5bea8dc,3
f6448aa0-5a5d-4d35-a0b1-0fe75fea6057,2019/20,babad0a4-ef7c-4e3c-804d-048bdc6c91d4,4
04bf6997-d839-420c-b841-3f9e03d9ea46,2024/25,9d7e7d62-8e52-4b74-ba94-c1eb97aba0c6,3
65ce2472-037c-47cd-8ed4-d7e2f1f3ebf8,2023/24,8702ee2f-195f-4cb2-b2af-95159eaa74d8,2
5fa22e2d-b002-4b2b-b8e6-98780cf6a0c1,2023/24,d61ea56d-0474-4524-a061-9869f4ccbb19,3
bbab0094-8a1e-48cf-9852-133e8a394d23,2024/25,4ed2bd00-dba2-458c-a4d3-1ffd9fbd8736,1
28f86ce1-2b44-4628-8a0c-4fe35b9cd7d7,2022/23,8b635a0b-1d12-4fa1-ac09-216f20e4947c,3
a695d4bb-f76a-4b69-9d8a-8d7bee67f5dd,2019/20,c5cedf3c-3401-4c4a-b95a-74dcf8a51156,2
ee35f9f8-3812-44bc-aa54-fd747c9a8caa,2024/25,99e260cf-09bc-40ed-8597-cd944af87c1e,5
c5932e25-a731-49c0-bef0-0f82dc20b8f8,2021/22,359d703f-5c63-4bfe-8ccc-57d4ede0b37c,2
18005527-95e9-4296-8a6f-0ca36162b7d0,2020/21,4eee3faa-33dc-49a8-9bd3-8a2463d975e0,2
36168c07-5fea-4de6-938f-e94b418f28cd,2024/25,e4e24720-d2ab-4a3b-a489-6cd5d1114cfd,1
2dd7988f-038f-4dba-b9f8-c029847e5e2d,2018/19,fd6c27e7-f130-4343-aa06-b74e8ef628fd,2
3a2dce5d-7a17-42c2-985f-599b4c9cc003,2023/24,b4d3e76d-0620-4853-b965-d10f7cac139e,2
6567e1cd-1a84-4bff-bc1a-44f04da70302,2020/21,8f5b6126-8cee-4eda-9580-a85fb023a7b4,3
47abb174-f9f0-4c2d-9bb8-6934b6ce0e21,2024/25,dc327a0e-c462-4b63-bdb0-a7def1b09ab3,2
2e7aef81-ffe2-4f63-af32-f62e6e17d614,2024/25,3c391ec3-cacd-400c-9e80-0d013716e132,1
ec9ff3aa-a773-4d40-a5cf-840c529abe32,2024/25,23018d09-1c46-4936-9727-40496371c8b8,2
f11bd2b9-53f2-444f-8ee1-5326e70cdb5f,2023/24,ae553ab7-226a-49c0-827b-6652d5d1c7a0,4
3b46b607-b662-40f9-a9b0-b6be6202cb89,2016/17,0847dcd8-082d-4991-8913-1e3bc242dcc3,2
f4a3faf0-16b8-4fd1-aede-772b845fae7e,2019/20,396e1c5f-a102-4af3-a5b7-2d8ca2b3ef6f,3
c2b71012-4da6-480e-9589-60f7c0018365,2019/20,2de4111b-3169-48a3-8e41-c9fc7e174dae,4
3b4898ec-02c5-41d1-883d-935c4cb0383a,2024/25,c283ee88-d305-40e4-8002-0308c558c5ae,3
9100eb8a-84b7-4c09-83a2-b7e27dfc14da,2023/24,1e61bf4c-9c83-4a69-93cd-4ebf9a80b97e,2
6bc6b94f-1b98-4623-8c95-7f2ab7d5b72a,2018/19,e14a60b0-c5c3-482d-9b61-01d92aeaaef5,1
db6c341b-55e5-4e41-a3f0-321f647fc504,2018/19,bb4f6fba-13e4-4517-94d5-33224b40e9a1,2
0abb346d-2579-4d1c-85c7-3b56facb55fe,2024/25,44241170-8423-49f8-85bb-deb69ddfa48f,2
a9bad8a9-2e62-4c8e-9b9d-59fd0f3578dd,2023/24,6bd06b24-334f-4fdb-9746-1d98ccfcfe3f,3
435f64d1-a9d9-4cfc-a423-ab9df6f90081,2020/21,1ea6d7fc-080b-4ca4-af8d-d56469226c16,2
b400b0db-67ef-45c8-901b-2e2517dc7651,2024/25,fa7f3fbe-f1a1-4944-a63f-c28478e8c6e7,3
c0c6b8d6-04b3-4e8a-970d-08ab3d29db99,2018/19,cb658622-94a6-4c72-8fc3-ee760080b729,3
5bf89cb9-4b0b-4575-897f-2a57e5a97996,2024/25,c981a842-25d4-406d-adec-d423a19effe3,3
8deab161-7edd-454c-802a-3db4b7334050,2024/25,b45dc1be-2cff-43c5-9659-ce1274c92394,1
3ce0c8e2-3357-44eb-9ae5-551873fc535a,2023/24,d55f4f7d-068b-4c69-9cf2-de621d1d85ea,3
6fa80657-8aaa-4799-906c-1a8d8adc93af,2023/24,0be15e13-8da5-483c-a42e-ff087947359d,3
b1c72bae-0589-4f4a-bfa6-e357d54fbf1b,2023/24,66e81d3a-1171-4863-85cf-631953b28472,3
6eb35beb-8e5c-4aa8-897b-fff38b023d62,2024/25,8d592497-8619-4bea-9790-8ad55aa81bc6,3
b90b1789-95c7-49e6-9098-5c72a054a882,2021/22,df63b4cc-23db-4b0e-b111-c978b6d7a21f,3
715b8d6c-e02a-40ef-94f7-9bce080d7cb8,2022/23,67150f6f-4550-46e1-ab06-5be560ba9de2,4
8bf50684-277f-4ca7-811f-8101db1754a8,2020/21,b066e645-c6a2-464e-b911-c0d83cb622ac,2
cb37bfe6-08a6-47ab-8eed-676c6ec8b7c7,2022/23,c2d6123b-73fb-4d00-8e17-10e665a4d3a3,3
63699874-c220-4152-a0d8-c2014147078d,2021/22,3858ec1b-1c61-4728-bcf3-15d955a16881,3
54df2023-79e6-4061-83da-0a1c8606e74c,2023/24,babad0a4-ef7c-4e3c-804d-048bdc6c91d4,3
bb79e78e-4a10-427b-9712-db23c4500f4d,2022/23,9aec606f-bff2-484a-9d8f-7f4c0fe7dfaa,3
00fa2195-3834-4bcf-8b96-6755c4f4d908,2023/24,2a008f35-80d2-45a1-b2c1-2431dec0d8cc,3
a5b4231d-66fc-4f2f-bb77-b50f708095b6,2022/23,493f278e-a61c-4a7b-bfbc-b7ae9d3926fb,2
62da4eea-0914-424c-90f3-e5f807a035f7,2020/21,aada56f0-7a6a-4c3f-8297-9c6560186191,1
4e3c2993-545f-4b15-94ba-7526f08d2f46,2022/23,eaf2f6bc-da6a-44df-96c7-714275cd1719,3
e4209819-e69a-4a08-9f51-c5a19030567f,2022/23,e1a5293d-11cb-4154-a20c-75d19e4a3ffb,3
f00c4fa2-bfff-4094-9360-dd2de95c462a,2017/18,f5064d39-0ef6-4eea-8795-9bfa7bcda88d,3
86d20455-3698-4cde-ad3b-49445a6911b9,2024/25,35be4ca9-a98f-41cc-94e9-0c54c64ef3db,2
0dd1404d-72ff-4ce6-bae1-6815ddbe55f2,2021/22,217fc6f8-7182-4de9-b44a-3c51d0147fb9,3
e8b322ca-c2ec-469b-9fb2-ac974e8cf85c,2024/25,b90def95-9562-42fd-b58c-8fac67adb479,3
9c426c0b-0ab8-4aad-9a55-362cb058e095,2023/24,c0e3d0b0-8ab9-4301-85e4-ee12d5aa5e8b,3
aabe7362-535f-4476-a15d-19e6f1e0fc3b,2022/23,520b1085-6580-44d1-b65c-7132e209cb65,4
6e586e74-5d05-42eb-8409-d9df3176aaf3,2022/23,7ec8c0ea-b6ee-431a-a977-bbde342865b4,3
6c0c7458-28b5-43ac-80ca-76797d6ce326,2024/25,b335ffd3-622f-49c4-a3a3-c24d28da56a4,4
62f5f653-22d2-4d70-a16f-b5a7ac97f9ed,2018/19,b3f99367-3da0-4c23-b896-5bb59bae87a6,2
132330f8-5e88-44b8-b215-3cccb2918a4a,2021/22,b066e645-c6a2-464e-b911-c0d83cb622ac,2
85b153ed-3d28-4437-9083-344399cbce97,2024/25,8e9b9927-a7a9-4302-8cd0-774e1e696c78,3
607b7016-f870-4a2b-a1ff-d033a00a4d9e,2019/20,1f21671d-d143-49c8-938f-b90e1b57a10e,4
32ac4c04-2b6c-4c9d-87b3-d8ce6ff4d81e,2023/24,ec207835-87ee-4056-8795-9b04f054dd05,3
4663da44-e014-4c3c-a1b7-36f1d806881d,2022/23,8fc63c4c-fe1d-4ba7-b070-dc23c576cc89,2
62d7c5f8-3d09-42d9-8217-af449858583f,2019/20,316ae259-265d-480f-93fa-4ce0f626e8b7,4
3dbd0c4e-90e5-4a2f-b5c1-39efc7743459,2021/22,709d3031-90a5-4a10-ace0-73b80225cb0f,3
08376120-75d7-4def-805d-d51049faf221,2019/20,b90def95-9562-42fd-b58c-8fac67adb479,3
bafc3102-45de-4c89-a73d-013c8396e9ce,2024/25,2c539cb7-0919-4d3d-9446-d2d5d7f33f9c,2
9545d347-c870-48af-bef2-10c4478b8b42,2024/25,db5c0678-2734-4ed9-81cb-218e7a0a089b,2
59c5c3fc-6041-43c4-bc46-94e4c29d1ca7,2024/25,cbbe90dd-5cf3-4eca-a595-c3165a3e994e,2
f1773c58-d96f-4d92-a23e-413224a06abb,2024/25,1e46a4d9-cd92-4103-ae5d-7b19e745dcd1,2
6a727f63-9ba6-40a2-9f67-5bf8a0953367,2019/20,152452e6-1e36-4c7b-b9aa-15d38bd2fcbb,3
1a7cab71-0763-4294-8368-17ff0b18e53b,2024/25,44dd3d7f-ba03-4b68-8349-7dec6675e565,3
c943de42-7439-4e71-b8c9-0a97594f4c2a,2022/23,359d703f-5c63-4bfe-8ccc-57d4ede0b37c,2
1ace467b-aae2-4417-a875-910287adbae4,2018/19,1c660429-4643-421e-a350-ab36f78cb9a1,3
b8f3655e-8882-47b5-9cca-447032e294d2,2024/25,cf80e7b0-25b9-4d55-9db8-470f50abcefb,2
0ddcfb78-b577-460d-ab77-e3dfbbcd5608,2023/24,5c12b7ca-9d61-46d9-93a7-0aa3abd6eea2,3
62713860-c170-4010-9d46-9af1dafb756a,2024/25,8a50219f-55c4-404b-bc89-9754e0eb85de,3
757c15b4-d24f-4a8e-8fc3-b2089b66d9dd,2020/21,3114f8f0-79c0-4955-ae6a-3dc31bfd90e1,3
23d4cef4-dd7d-4322-b94e-59a8dd6ea8cd,2022/23,15e3327c-f62f-4c59-a1e2-01eeabc58e9b,2
6d7769dc-ad2b-4a18-838b-9a84d74018c9,2022/23,18518340-c700-4515-a0b4-90b371a9686e,3
19f957f7-1b85-4097-94ff-0e9b686f4479,2017/18,7299a365-c7d3-4fae-983c-d6b980719a1d,3
92a18e99-713e-4de6-a3de-4c5ad8c20610,2019/20,a5e18fe7-45fc-4d0a-a4f8-ae032850f68a,2
dee78fd6-fab7-4c43-abff-0c947a40ab01,2024/25,81e49fc3-08a4-4a4c-a132-473f95662522,5
6776091e-5ec0-4dd2-821f-040195c32f95,2022/23,fd6c27e7-f130-4343-aa06-b74e8ef628fd,2
0686c96f-5e8b-43f7-b1f0-9512e388bcd2,2017/18,89bd4d8a-948b-40e5-8958-5c47b1c373ec,2
473ec545-2637-4bf9-9905-357421f44c35,2022/23,e45a67bc-f818-44b2-86f1-2b2c16924a11,4
ecc3a0ef-f8c6-4eed-a3b3-6d0a2db080c4,2022/23,58fbf6e5-9ce2-410c-a1f9-e0d2f4607ad0,3
cd525ace-3223-4ff8-aa58-cc9966aaa284,2021/22,78b25f86-58fe-4875-b7a0-38e71d54ad53,4
5dc69124-82de-4f64-bca2-3cf5e0e2d117,2021/22,f7aa5c64-8487-4dfa-ab29-01c4d8c10eb6,3
de08d7af-1cc2-4a6a-9a4a-2a9d3b1ec7fd,2023/24,1612fa1c-cb9b-4980-837e-d768f86b0886,3
3e901201-8417-4566-8f6e-3d16a750ac99,2024/25,830feb86-402a-4daf-affa-3f675202527d,3
562030c7-da30-4ec9-8662-dccad68b17f7,2020/21,2367f968-80af-48da-99cc-896d8e179fc2,4
1c68d462-4576-4f99-aa82-094271633534,2024/25,82672137-05d4-4564-82a0-ccd9a3ed62b1,3
fd1f0fb8-3a69-4f46-b3f7-1b2e11492d52,2024/25,b340a5b0-42ae-4f2a-8096-1b227edae50a,3
f4d06b56-685c-48c5-9c25-454761897f67,2021/22,f5064d39-0ef6-4eea-8795-9bfa7bcda88d,3
2613c06e-daec-45e0-948c-175e6f4d9092,2023/24,285a763c-d124-443b-acd8-10f0b8778b8f,2
9197494e-a2c3-46d5-9360-1ce6e197b3c1,2024/25,d12ed8ab-4e09-4a9f-afac-9dcd9501a86b,2
ddd561fa-fc2d-41e3-8ce7-f568f36b18fb,2024/25,c97ef6e6-01cf-4873-8aa6-2aa9a640ec47,3
b4b4050d-d486-4af8-b4a1-5a7c7c39aba2,2022/23,cbbe90dd-5cf3-4eca-a595-c3165a3e994e,2
062e2315-22b3-4158-b27f-291bb2453b57,2024/25,bf750c15-c9ca-42de-92cd-60fd2e5f995f,3
72a6d89b-e63e-451b-bcb0-6a5824b8663b,2022/23,bdbdae70-b65b-42ef-8c71-652c3870558c,2
7b0dddaa-5006-4414-9c89-5023195f3db2,2024/25,319633eb-126e-4558-bcbe-3f81634f4b5f,2
9a0f2492-f07a-4447-b65b-58637e404c4e,2022/23,316ae259-265d-480f-93fa-4ce0f626e8b7,4
54e701fb-c19b-4b5d-898a-e13adb82f01a,2019/20,4b2db969-8d0c-4c21-a939-0063ae590662,2
658aefc0-3ec8-46b3-9621-b46514a4c3b6,2020/21,8702ee2f-195f-4cb2-b2af-95159eaa74d8,2
2234cfee-1238-4437-9570-c72983549bdf,2023/24,8e605721-6cde-4dac-8b83-eff0db4372f1,1
3f794fba-14cf-4a87-8ef0-40e2b0d12d8f,2024/25,fbeda0b1-fba6-4982-bc64-fcb647bdb4aa,4
ee703242-ab10-4383-aed7-d60b7056ff62,2024/25,fede430f-ca86-4467-ae60-c0f052711f2c,3
d8176070-06ec-4c3b-a725-810d054579a6,2022/23,19446b56-6f52-401f-8bdc-6e5cd56bd471,2
6a0c4299-9713-47af-aa8e-0259e2087b63,2022/23,8b74ab57-db22-45f4-80ce-8e5d59b3ce3b,4
9abd7cc0-baaa-47e3-9cb4-19500867630d,2017/18,a3839c5a-f87e-48df-9a8d-dc0bc957b87b,4
d27be03b-f272-4f9e-968a-fb21584fe4b1,2023/24,2e9610c8-836f-402c-804e-0720c93a9009,1
e44ed0bf-41ce-485d-81a4-2f4d3ded088f,2023/24,8b74ab57-db22-45f4-80ce-8e5d59b3ce3b,3
ed13bfe3-d891-4f1e-b834-52e6777877a2,2019/20,cb658622-94a6-4c72-8fc3-ee760080b729,3
25d5eae5-0ddd-40b4-8061-f8e4ca0925d4,2022/23,3f381c8a-eeae-4940-9b06-ea05f752e310,3
eed5ca21-c3c0-4719-9a6f-30fc4bfed9bc,2024/25,c97b0bfd-4b19-4669-941c-8ca9e59fe530,4
74421731-70ad-4a2b-951c-7a52d1b6af40,2024/25,950e3371-a25a-45cf-8725-2c37eea9fd9c,4
bbf14dc6-7903-4c42-a522-bfa379af7e9c,2024/25,9d0e41e9-55cd-494a-9736-f2afcd359f84,3
91750cc3-4b0c-4889-b060-9fceb97b6202,2024/25,6d83c22b-4afc-4ee6-955a-39c3ef6b207e,5
b8ac23ef-aba3-49f4-ad11-91024579a5f8,2017/18,1887fa3c-0dc5-448b-9cf6-a4cac5f6ae96,2
37c2fb2d-9fc9-4771-9a1b-2d5ce504464e,2024/25,c71d2ed6-c4f9-4cb5-9d6d-8b41d839ba2a,2
ed277260-c7cc-45e8-b062-3025c302a7db,2024/25,106be257-c769-429d-8343-e6a75dd3b6dd,2
295db509-4d34-4048-a589-c9124d8c2f8c,2024/25,231b8d11-0bb6-4103-9619-3733aba936cb,2
27a0667e-28fa-444b-a91a-da1193a722bc,2024/25,ea2a7a09-c8ae-430a-bf6f-dd514154e543,4
b33746d4-4f75-4f56-a481-8bdc40f7fb0b,2024/25,9949992d-a0a0-4d9e-81d6-83b903efc08c,2
1c1f9457-867a-422c-89ec-14fdb06e039e,2024/25,619f6e84-31c3-4f9c-a03b-42ad670feee1,1
1e236c4a-acfb-41fc-aa66-f408ba54ac6f,2024/25,e8a9a06b-9a2b-4bed-bbd1-d6dabfe8384a,3
eb00ccc9-de85-48d9-b40c-a820f078c615,2023/24,423e1b12-0219-4921-9347-0631bb645a1c,3
8e97355d-4e05-4ef4-95c4-f5defccdd4ca,2020/21,0479f281-b698-4aba-ac40-86fedaa3eddf,3
a4fc7f2d-c968-4e66-be6a-32449a66954e,2021/22,1a05965f-6a72-43c3-8a21-5d90201b464d,4
d8b0beed-c4d3-4523-8b7b-311a5c198b33,2023/24,87c3b645-1b39-4ff6-8e5c-ee06dd89f269,3
d13877d2-5c0c-4562-8eff-f9b10f4ff003,2023/24,4b2db969-8d0c-4c21-a939-0063ae590662,2
a03e1c05-e43c-448b-bdcf-e0945b1e88f9,2024/25,2e9610c8-836f-402c-804e-0720c93a9009,1
1ac1319d-c3ab-42ee-83ae-7695c0985bec,2024/25,b6732bbc-09ba-4c3e-a535-861fd96488bc,1
6a84e4d9-0c42-4a3d-84f7-190094d58ec2,2023/24,a7c6ea10-4548-4496-be01-8385d6b36d66,3
a45a4369-66be-45ce-b0ea-5d5f575054f1,2020/21,b118bf52-b844-489f-9dbd-9062311f444a,3
690ac6ae-ced4-4ff4-81b9-dfb541b09f97,2024/25,c12cb1c2-69c1-491d-9f1a-4ff3114525e8,2
ee6606aa-76ee-4a31-a474-84a710a76f9f,2024/25,9f3cd734-cb60-4861-bcef-5f31aa336b54,3
8dc018e1-d732-4a15-96ab-674d9e9c9795,2024/25,3155f865-690c-4281-b00c-fce26e784489,3
32022115-c1cf-476b-9bf6-62bc8b9b62da,2024/25,bf428111-cd34-4d6e-afd6-31e7a312dc1d,2
c6429b1a-cb43-411d-befd-73d08de7314b,2024/25,c5a0cc29-169d-4cbd-944d-d512efd6110f,5
24199b92-7a76-4008-bf79-645ee23f3387,2024/25,15e3327c-f62f-4c59-a1e2-01eeabc58e9b,2
c8414d49-8ea9-4942-bbc7-0e3c9fe14751,2017/18,35be4ca9-a98f-41cc-94e9-0c54c64ef3db,2
fa9e1545-bed9-436e-a672-b96ba1b56b9c,2023/24,e3a78660-310f-4ed3-b4b7-77beca004592,3
d11807cf-8186-4373-afc3-89de577ed76e,2024/25,d8b9c0eb-e865-4c82-937b-618e8ee12bee,5
fdc562de-c472-4064-a67c-08e610a46fd8,2020/21,a9b733b1-f28a-4ee6-9925-aacc58107500,3
60bb2a96-353e-4126-951c-7ff9c894d7e5,2024/25,d6c64626-bc1c-4652-b242-1ae90f58bc0a,3
48b92faa-128c-4435-bfb9-d6a6396973a3,2020/21,272bfaa8-fc18-42f2-8300-f77ca505a345,3
23a03a67-16db-4ba9-8937-4370cec03c6f,2024/25,84e499c3-6bed-49fa-8949-8b304244139f,4
9b42e46f-05ef-49e1-8bb0-9eb33b50e391,2022/23,85560e36-f11f-4635-b01b-aa5dbbf39dfe,3
34dbfff4-3bdd-4986-8599-0c7fc6c1ca61,2024/25,959df0a3-8c35-4bae-bb1b-679a38d24321,2
52204c4a-1829-42a8-bdfe-f3ab777b1800,2024/25,357b7d84-e65a-4563-88ab-112294f2872e,2
2954c5d7-83b6-4718-8e93-561dfb1ea423,2024/25,1aa8108c-2576-490c-87b8-944057e92dce,1
e39537b8-a38c-4bbc-8427-8a51a5dcd4f5,2024/25,c5cf643d-e278-468a-8b57-8144d875ff4e,2
df59607c-53f1-4688-b509-bf1bb9bb31a9,2024/25,0be15e13-8da5-483c-a42e-ff087947359d,3
8f4d9323-2f83-407f-bc98-b94f9418503f,2020/21,2314bccb-dc23-4fe5-815c-e30d5e6f69cf,2
a2da9f32-f1dd-4d9a-85b0-64b9374ca7a8,2024/25,0674829c-1695-4256-9435-7f330b4a594c,3
f5b90ef8-d7d4-4be8-a218-2c3e51640c9a,2019/20,e4e24720-d2ab-4a3b-a489-6cd5d1114cfd,1
399f4cb4-5eac-4b38-9375-206071ed95e1,2018/19,0770e266-9633-4bd7-9e25-b218ce04a2f4,1
38f3ef6b-a9b7-42ef-b599-ede96db8959e,2021/22,3b730726-1e3e-4d2a-9bc3-61177fb5d031,2
200f3fc8-09a7-4039-9527-7e9582e33348,2016/17,06c9080d-7207-41f4-a067-fa9ec2164b86,4
316aea29-614c-479d-b902-9b57ee9ee178,2019/20,5167d7b8-c362-4ebd-8d34-fc379f6ecaa3,3
900741bb-240a-4db5-8e98-55cc27e9fa49,2024/25,f98faf93-e1aa-4c24-b12c-1140704e92eb,2
46791b0f-8f34-410e-b87b-5fc2a1415def,2022/23,8f24ce04-4a4b-4faa-a0c3-0ecb9e6a6d2c,2
f246d4a6-c45b-4672-8971-244597edacfc,2023/24,3c643231-db3b-46f4-80f0-a33979f63288,3
8f6642c0-896c-44ea-a8de-10795f881e43,2022/23,a25c6999-1ee7-4457-ba58-e393edf3e2e1,4
62e5d410-a37c-49cb-85fb-abfa6d71c980,2024/25,6464d7dc-b00f-4f30-95ef-28e68277b29a,2
cf3af1d2-9638-4947-bbf5-f9c573ca0433,2024/25,852b8e99-5abc-4f45-834c-4b82cd761841,3
cd312cac-5f04-45c6-947c-76a957927b3d,2016/17,217fc6f8-7182-4de9-b44a-3c51d0147fb9,3
ec5f5ec5-2d96-43fc-8587-3ab0a610f36c,2021/22,d7b7e799-d34b-45a5-9e63-719d4300cb4e,4
aabee2c7-e7c3-46e6-926d-09122946d73d,2023/24,c20d9923-e246-4057-a326-8691402cb3bd,3
187efe9a-a883-4b61-b258-7a2d3b09297c,2024/25,35fc7a46-7e2f-453b-8b2e-b7f3e35f6949,3
83c27b53-2de7-47cf-9fc2-34d54afe2730,2024/25,cc9f6cec-99d5-4243-9648-f83c036bb95f,1
f707f8c9-1c16-40eb-a196-1ee95c6f4a58,2022/23,afbf49b6-75a5-4592-ab2c-d08295a2a391,1
044a30a3-5b40-456c-9880-b38953287656,2024/25,dc4a57f5-c41d-4b7c-9911-f8c0143162c6,1
96c37423-3f58-49d8-a871-f81816e57e57,2021/22,3f381c8a-eeae-4940-9b06-ea05f752e310,3
10dc5777-3552-4150-a629-bb2ed6da2c73,2024/25,b40b1695-7a27-4a0a-bd7a-5635abd89983,3
2c7dd82a-0ef0-4dbc-842b-c704b2a82355,2020/21,df9d9003-755f-4e22-99b7-58ea6b16dc24,3
d6849aa8-1d16-4b72-b064-72d3c1a2ab10,2023/24,980c4351-c970-4fb0-afee-8820f742de9e,3
58aa56a9-6252-4179-83c3-b51db015f5b7,2024/25,2e9ab3a1-b490-479c-ba94-45eeb1b7bca8,3
d9d2e295-f01e-4022-a13e-6318349e7152,2017/18,2b064b3d-3801-4f5d-b158-269afc136611,2
80a9029e-1b9a-4a1d-a396-9d854636b8fd,2021/22,d1f5f863-043f-4759-adbe-9489d6df04e1,3
281f0f08-918a-4ddd-81ad-49a46d693019,2022/23,e4e24720-d2ab-4a3b-a489-6cd5d1114cfd,1
cc32c061-545d-441f-86d6-f924ec98c3e8,2016/17,8a0b53aa-a122-4ea8-8a32-fb80f11f2cdc,2
ac6375a2-5a73-4282-87a8-337f2738336f,2021/22,45f8df16-463f-4069-948a-36689e9398fe,2
a71ca5c8-ce5d-46f1-846f-0c3c9c88b947,2024/25,51ce44f0-e7b0-4c9a-b805-231fb853d0c8,3
1cc40470-1117-49e7-a702-eaae427a8ac5,2020/21,c932dd05-c46b-4c8e-bffd-ebc3be8f8402,2
a4cc7286-3b7a-43e9-824e-30fb6341844f,2019/20,bec3286a-79d9-4125-ae8e-4c789e476cd5,3
816f99d1-bdec-4b2e-b9df-962f51aa5780,2022/23,681c11ac-7e56-493e-9ca1-72f90b878d01,2
914a85fc-277d-4a31-9255-bf5504d11ecb,2024/25,1c660429-4643-421e-a350-ab36f78cb9a1,3
5646a302-6c69-4ae9-8948-6d2d7097c620,2018/19,babad0a4-ef7c-4e3c-804d-048bdc6c91d4,4
ee770ce6-fd09-4068-b706-12a2d597a0bd,2020/21,3b1771d3-ae4a-4c50-8b34-023a6d337064,3
6f8d8f10-446d-461f-ae8d-366752e60248,2023/24,1ea6d7fc-080b-4ca4-af8d-d56469226c16,2
bf7885ff-54e7-4a91-acfe-a5294a64a036,2023/24,d0f8670d-03c3-4760-8678-d391c9455f38,2
2dc9479a-eed2-4dfd-a0b8-4c763fb4f3af,2021/22,9e78f47f-6da8-4013-b7a8-87b63b1e07b6,3
117544bb-c97e-4530-b978-909a9a41a4ed,2023/24,77cea9fb-b868-43b2-9beb-87e8d91dd610,3
198267d6-d7cd-4dfe-baf1-dedf7ad0137e,2024/25,f18cd524-27df-453e-a1ff-a354597fc676,3
1cb1ba55-dc78-4f2f-b0cd-c5b9e2b886d7,2022/23,06c9080d-7207-41f4-a067-fa9ec2164b86,4
b37af4ca-eb45-4ab3-8ace-ce681bff0927,2022/23,a5e18fe7-45fc-4d0a-a4f8-ae032850f68a,2
5fc46e39-3056-424a-a762-2bf125e00b01,2024/25,6633980b-dbfe-40f9-93c6-6f1d87eb16b8,2
a7fdd7d3-e213-40fb-afc4-52527124fd89,2024/25,64c1604f-20e8-4f70-aca6-234467915cdb,2
3798cdae-9372-400c-9dbd-f1ee5926c165,2023/24,46b035ea-3bfc-4c19-8e64-071f99e5ea70,2
773bdaca-8642-40a7-b3b1-8c6b716e50c2,2024/25,0e32e827-44c9-48a2-ba3a-a679b8ba4ca0,5
281f6f55-14a2-4259-a083-c79e432102dd,2019/20,bb4f6fba-13e4-4517-94d5-33224b40e9a1,2
f5dee084-872c-4012-9c24-9134f7c9b59e,2020/21,cab4e50f-8585-44b5-b295-fad3bc50c15b,2
4ed0d2ae-5246-4ca2-abd1-f703f32de3d9,2024/25,da7e8c4f-45b6-4982-a72a-27c5837d3b5d,2
46e16ef3-9fb9-4cf9-8101-8ad24337fce3,2016/17,755babc2-28eb-47e7-bda6-3c28588e49bf,3
4514c073-eed5-4ca5-b488-d25365e856b8,2017/18,cde448c3-c413-4852-ae1a-1a4fbac7e91a,1
35bdd71f-afb7-4dda-9bf9-cef0a93eb413,2021/22,7ec8c0ea-b6ee-431a-a977-bbde342865b4,3
21ffb9df-eec9-496f-86c4-673a2e3c1467,2023/24,d773f228-5102-4554-a7e4-aadc6a213084,3
fda68e75-5db4-4226-93f9-870e91d19f42,2024/25,4df36947-8e5c-4cb4-8d24-e271e8313642,3
a2f18dc8-0bc0-4455-a607-3999535ffd41,2018/19,bb980a5b-6f4c-4bb4-8f85-9c682f3370c6,3
9dcb9d10-a58a-48b0-98f7-d26bea6eb836,2022/23,1c5ff361-4a45-48ba-b2e2-55c967518fac,3
87d4942c-aa08-4316-998c-5b0b146bb424,2023/24,efcb34ce-b8ec-4f6e-8f4d-3f43931a54f6,2
9835eec9-ace6-4df7-934b-826448f480f5,2024/25,508e8ec8-ad8a-4db6-a32a-a6e1e5e02541,3
b6d6863b-91cb-409f-8b6d-1849aedcb8dc,2020/21,bc7b3008-ecdf-482b-a820-20ef64676b4e,3
d7cbdeeb-6f33-48bc-95b1-2bb1a1adcd47,2024/25,efcb34ce-b8ec-4f6e-8f4d-3f43931a54f6,2
e3e717e8-fab8-4248-b4c7-c5a69995cf97,2023/24,9f5c0372-965f-4c09-a409-48c6e1ba28fa,3
97f463d4-760d-4ee5-804a-e0323f6468f1,2017/18,d7143196-0a70-47fd-8ce7-f372f88a1381,3
83652ae2-0798-47e3-bb3d-8f1d7e54f49c,2024/25,c9df79cf-d31f-41be-8415-dcba7c67b297,3
4dbad140-541e-44ae-bbb1-72bc58a3b67a,2020/21,8fc63c4c-fe1d-4ba7-b070-dc23c576cc89,2
a577e1b6-06c2-4fe2-94bf-2b970380f322,2022/23,1a66fd6a-6710-4f29-a6c5-89c04a1049b0,1
beaff60b-3e97-4803-b9d2-c7cc71591a88,2024/25,c0e3d0b0-8ab9-4301-85e4-ee12d5aa5e8b,3
a7b19201-1eaf-4413-b65d-9dca4733530d,2021/22,319633eb-126e-4558-bcbe-3f81634f4b5f,2
1daf9443-0516-4348-a788-964e2a1bc240,2021/22,57d51316-9d56-4d98-9df7-f5fc936704bb,1
26d49f92-416e-4ab7-b251-d5346c27b94c,2022/23,049a7ce0-2122-4c95-b21b-097e3d229319,4
1ff55511-e22b-4bf0-879d-83c62be90be0,2022/23,423e1b12-0219-4921-9347-0631bb645a1c,3
93816233-7115-48e7-bebe-fb495ad0203b,2024/25,a54bf982-f33c-43d5-af92-0c93ea1f7d9b,2
f86f6dfa-2acb-41db-a125-8b51e5050a44,2024/25,423e1b12-0219-4921-9347-0631bb645a1c,3
2adb6054-7f00-40da-bbfc-d2a26a04ea42,2020/21,d7b7e799-d34b-45a5-9e63-719d4300cb4e,4
986bc198-80cf-42e5-9b63-150a46be62e1,2023/24,a260b16c-092a-4eaa-9f5d-4a8a425a65ff,3
fbcdb03f-3a54-4e71-ac43-63aea2151510,2024/25,f34c6bed-d548-4ed4-8e01-407f36f5ca33,4
712d6109-e3c1-4494-b560-ce31555bb534,2024/25,eed618bc-4fff-431a-8342-6e56d6875fda,3
59f7bb26-ddad-4fac-9f8b-a7b05c605960,2023/24,7eb721cb-3e6b-4f7a-8619-396390087e74,4
090245a8-16a5-4fa1-8ad2-af61ce0ebd8f,2023/24,b6a2b8f2-e4f0-45bd-b728-1f7e74cdaf74,2
7ba20e7a-4d39-44a1-95f0-35edadc9b050,2023/24,657110e7-2562-4b51-83bf-69551e37f8c1,2
ad0795a3-e23e-4ceb-b798-6999f33c932c,2024/25,8fa61f3f-a550-4ab4-ad24-7d9a7a17436e,2
aac5ec9a-37cb-42c4-b91f-7ed605149e8a,2024/25,67150f6f-4550-46e1-ab06-5be560ba9de2,4
bee025ed-5b48-43c8-9367-5bc30b636b37,2021/22,7958aac6-8834-478e-8351-fcad78301d6d,3
91cda82a-bbce-4195-b719-4be6df49e4ad,2020/21,02539faa-015d-44f3-9210-cfd5e296a32d,2
8e4f0eb7-9a99-4922-b108-9708a2f94755,2021/22,b90def95-9562-42fd-b58c-8fac67adb479,3
0aa57e37-bf16-4aae-8e7f-55a78838da24,2024/25,fe136669-0afc-44f9-9800-1193f7670ceb,3
2b4c605d-235e-4ac0-b079-cfc62f8c34a2,2023/24,ca2fad3c-7b24-4564-b856-18eaa1454bb8,1
661f6d0e-a8b6-46ed-be94-f81384de347e,2022/23,396e1c5f-a102-4af3-a5b7-2d8ca2b3ef6f,3
1e75c870-f60e-4341-bfc9-2c6a1c04ed41,2022/23,dc327a0e-c462-4b63-bdb0-a7def1b09ab3,2
caffed4c-ea2e-4bcc-8a2d-95d42cf43b4b,2021/22,ac9f956e-8a1e-44c5-bada-92041eda09ef,3
f6f0daae-b361-4d64-bb00-897aac6cae8e,2024/25,d86e3efa-0331-4d5e-94c6-ec063d3fa29e,2
377ffd38-fdf5-4b20-92bd-d0d4d4ec237b,2023/24,cde448c3-c413-4852-ae1a-1a4fbac7e91a,1
3db620c2-1285-4a32-bfac-d80099670416,2024/25,605c313b-b25e-41b9-8578-b9e11a545472,1
5e456f50-d736-43dd-bad6-1324dae44074,2020/21,0dbe7e79-cbd1-44c8-b2e3-925b0070aa9b,3
5d94e200-0764-4cae-8479-5aafbefebad8,2024/25,87c3b645-1b39-4ff6-8e5c-ee06dd89f269,3
f1536361-af73-48ce-8269-78e298c641cc,2024/25,72f5b96e-a3fb-4ce0-9e0d-7e682c23055d,3
4053f88d-804d-4dfb-b15a-c091d7f8dc99,2024/25,125ec0fc-cbeb-467a-8e71-8f0ada688670,2
8776723e-e6eb-4460-b0bd-5278a7f63ea3,2024/25,b9c2bdf4-908a-4a05-bae4-865a4626ce38,3
4c80fba9-c8d8-4331-bb2d-74e95c431aa5,2024/25,2de4111b-3169-48a3-8e41-c9fc7e174dae,4
018810ed-971b-4139-8671-f531df3c42ec,2024/25,34fd9fbe-964e-4832-8c52-b64dac780c07,3
7335d8ba-b34a-4f08-b26a-bbe8c3f26f01,2024/25,bec0f8f2-2df7-40e7-87e2-c25495599010,3
41ff77f3-b7bc-4b81-9991-318bdb591f89,2021/22,4b2db969-8d0c-4c21-a939-0063ae590662,2
2f664114-b4c4-49fd-a57f-77079274d0c8,2021/22,afbf49b6-75a5-4592-ab2c-d08295a2a391,1
ed4d1a80-a29a-4c08-ae66-ece5565c3b7f,2023/24,709d3031-90a5-4a10-ace0-73b80225cb0f,3
9782b27d-f5b3-46ce-9df6-45f78068d9a1,2024/25,9e78f47f-6da8-4013-b7a8-87b63b1e07b6,4
488efbd5-17ac-4533-80df-6664e3aa00e5,2019/20,78b25f86-58fe-4875-b7a0-38e71d54ad53,4
89128841-1c29-4a2d-b451-617245423e39,2024/25,b2c4a6df-6c1d-49ff-b4e7-1c6c0212be83,2
3fd4b87d-52e0-4dc0-9187-be427f376dc0,2017/18,217fc6f8-7182-4de9-b44a-3c51d0147fb9,3
7ef1bb33-14e4-44c1-8ff8-72659faf6226,2023/24,b36cebaf-b61e-47db-baba-dee6e39cfa5b,3
5eca0209-523c-4920-a43b-e52bf0238ed2,2021/22,8d8a8e65-90ee-4e5e-9e67-279929f6005d,2
da7d5c66-4fe3-419b-92cb-bb87d5bd181e,2024/25,3359e9ae-5151-45b4-8e0c-77a2b0623e8d,1
4977a1bf-c398-4e20-9846-f2d869ca3ab5,2023/24,b90def95-9562-42fd-b58c-8fac67adb479,3
91b51d74-534e-4129-a3e5-bb90142ba8b3,2024/25,3524e956-da58-4413-8c62-2c9be93e74aa,2
ed7604b9-86f4-485d-9b48-b8c9b2f72e7b,2020/21,8a0b53aa-a122-4ea8-8a32-fb80f11f2cdc,2
69046c3a-a164-4e90-bb34-caa1f9eba2cd,2024/25,112a1260-0cb2-4248-b27b-68e25d2c087a,3
5df1b9b9-c5df-4344-bd03-8cb4ca2d3f36,2021/22,b0076fa1-2d94-4513-82f0-93616a4e0e84,3
1029c023-996c-47d5-9fdc-9153ced0fdca,2021/22,396e1c5f-a102-4af3-a5b7-2d8ca2b3ef6f,3
d262d427-6d7e-457d-bcf3-e35764ac7834,2024/25,59be428e-1815-4299-87d2-45631e20edfd,3
5d91460f-6d73-436a-b4a9-5afb2a7b9565,2023/24,602a32fc-f64c-41ec-93c9-32fc9192864c,2
bb33aee3-97db-4037-9833-a99f32001b35,2022/23,ae038a6e-37a4-4610-ba9e-4cb35f66b3bd,2
e95016f8-a2f4-439a-a2f1-76b9d5c00a86,2020/21,babad0a4-ef7c-4e3c-804d-048bdc6c91d4,4
8ac496af-da03-4c0a-a096-acb9731bcb9f,2023/24,2b71ec62-c2bf-4ac3-99ab-166c358d7904,1
37ed3da2-15ef-418f-bc43-8c816cf31953,2017/18,e4e24720-d2ab-4a3b-a489-6cd5d1114cfd,1
b76f7838-f3d6-4c66-a02d-41f622b71f73,2017/18,bb4f6fba-13e4-4517-94d5-33224b40e9a1,2
51c22090-27a0-4bf5-8ceb-3eb09cba57e2,2021/22,755babc2-28eb-47e7-bda6-3c28588e49bf,3
fd736ff8-85a8-43f4-aa90-bc0327e600a2,2020/21,497e140c-b603-4399-abb4-81cfb4a38b39,3
57f9179a-3ec6-4ad9-9855-a94f54e6e8e4,2019/20,fef21c3b-20a9-4632-a6e3-8db0948f2205,3
c8e8ba5c-71e1-4592-a962-4fece99754f8,2024/25,17e6932b-81bc-4766-bc4e-d808b06dd4c0,3
29edbce1-6217-4abc-bcb0-223940ce3003,2024/25,af5cf8b9-58b1-4bda-a675-3bc289be18a6,2
972f951f-64c6-43fd-af18-ba4088768a4e,2024/25,ae038a6e-37a4-4610-ba9e-4cb35f66b3bd,2
57fcb109-b098-46d0-a552-4de7d3e69b16,2024/25,faa6df39-9f37-4a86-bb1a-58232e80156e,2
a00b18ec-d27e-472b-8159-d00ff81a2fb6,2024/25,21eefcd3-6c20-4e20-aebf-36f50f38fdd1,3
6fecd103-01e5-4f21-ab25-282a29616408,2020/21,b2c4a6df-6c1d-49ff-b4e7-1c6c0212be83,2
bffcf73a-e223-4deb-b765-37ce1f76e9d1,2016/17,dc327a0e-c462-4b63-bdb0-a7def1b09ab3,2
1d72a64d-3bbb-4bee-8274-a9c024fffe0c,2024/25,16247559-28c9-47cb-849e-b0c75c2240b7,3
76d9e2b1-9e45-4d28-be9c-76a42bb74c34,2018/19,caaa5e05-744a-4b07-84ec-85c9f12315a7,3
ffc9bc2f-e895-414b-a533-f7a09f890ba6,2017/18,00490f26-6814-4df9-a1a8-8f3532e6a9e0,2
53d47295-95fa-4e2e-99bc-2b23729ac17f,2022/23,da40d2fc-9fb1-4653-874a-386c8feae25e,3
eddad90b-2c25-425d-9814-9cb529f918df,2021/22,2314bccb-dc23-4fe5-815c-e30d5e6f69cf,2
e19a3e2b-08c2-41df-953d-36e7af7334f3,2023/24,6d3fb615-c3e0-4895-b384-57dcb3dc557e,4
b3febaab-30db-4ca7-ad1d-39bbe3fd19bb,2020/21,3c733308-8ffb-4ef6-b24b-81ae97163f7f,2
ce71545a-623e-4fb9-874f-a82e65f85a34,2020/21,ef0771b9-26c5-4915-8dea-392a26f45cbe,2
4e0dd101-dad2-4f71-86af-3cece6476dd2,2021/22,0c132447-b77a-4ef3-8b76-773466c30a9f,4
57ba4bd6-c637-4534-ab50-9c954d81ec75,2024/25,0a2ec5df-a9c6-434d-829a-042a0d21682f,2
ece5e137-90d0-47b5-a76e-f0806aaef3e4,2023/24,a8573c60-489b-47da-b482-21fcbb55d536,3
36d2a8bf-ccd2-4a0a-b101-3b14fde9cfb6,2019/20,f7aa5c64-8487-4dfa-ab29-01c4d8c10eb6,3
52107d99-480f-48aa-be10-ef393fa558ba,2017/18,bba082dc-e723-455d-ac6d-0d5b4006d6a5,2
73d39149-9827-420b-a2e6-6da860fe570b,2024/25,ba35841c-cdd5-4031-b2ad-00f11cc639c9,3
612c05d9-f52f-4ed0-812e-6bd908324d84,2021/22,6bd06b24-334f-4fdb-9746-1d98ccfcfe3f,3
a63194d1-0e97-4ec7-9c21-ab34b8f4d5e4,2024/25,6f855388-9213-4e1b-b7b6-87b8bf1f7444,4
63e979ee-75e4-40ca-8ff1-e9a00a129c47,2019/20,06c9080d-7207-41f4-a067-fa9ec2164b86,4
e29a69a7-f25e-47a0-b3cb-1d8d3fa322e2,2017/18,6ccd22a5-35fa-45f0-8bb0-1fe3f642daf9,3
8497400f-bf55-4724-afe3-9bd3942e7b16,2023/24,be00977b-d686-4932-8288-db6993f55a4b,3
8141a965-e058-4d43-8ec9-49651519de4f,2018/19,3c733308-8ffb-4ef6-b24b-81ae97163f7f,2
2fa5fb76-8bef-4c8c-bc4d-5a01025d4fac,2018/19,44dc201e-dc85-4982-a627-e938ddc48bc0,2
39656939-0877-48d0-9ca3-3202ced99749,2022/23,fbeda0b1-fba6-4982-bc64-fcb647bdb4aa,4
2429e0dc-28de-457a-8cc6-2e6c30ba00ad,2020/21,7fc92228-dc92-40c8-8907-f3400530fe23,2
ef8462bd-a527-4b81-9202-5a6d9c4fc649,2024/25,c7faa94f-b501-4af9-9045-7f3efb97be86,2
4c0eec4a-2e9a-401b-bfde-597e1974dd24,2024/25,b15d2b09-385b-46e8-80b3-c9705da992b9,3
c35c64a4-d9ed-4437-bf95-7f5c155799e6,2018/19,0847dcd8-082d-4991-8913-1e3bc242dcc3,2
2a7a5d3e-9294-4a21-88fa-e260c449ef4e,2024/25,540f0a39-6138-42e1-9a82-e9f9e103619e,2
5c995433-5d72-43da-b088-5ac10438dfa3,2019/20,b066e645-c6a2-464e-b911-c0d83cb622ac,2
68c8141d-a238-44cc-971b-a7514d810a2b,2022/23,4df36947-8e5c-4cb4-8d24-e271e8313642,3
150c1d32-204a-41b8-8d2f-2a000c3b5d26,2018/19,faa6df39-9f37-4a86-bb1a-58232e80156e,2
48486e38-277e-43ab-98e7-9f0ff0afcb1b,2024/25,b017da9f-56f3-43d0-81ba-ba7a3806e0b6,2
9a83a1c2-3511-4f97-85c0-85fe2ba286cc,2023/24,faa6df39-9f37-4a86-bb1a-58232e80156e,2
6c182fd5-9f1a-4710-a4d0-38bfd2673b31,2021/22,3c733308-8ffb-4ef6-b24b-81ae97163f7f,2
21c28632-25ba-4394-ba18-7c91b4ac2356,2016/17,96e5f281-158d-4a4d-8dee-93ed027fa325,3
521e53e3-d72d-4a48-af29-b15c19c7d12b,2024/25,4847b21e-dbd9-4565-90d5-ae0c6f3b0e88,3
91d3aa47-ee60-41de-8d99-58202a4a3967,2020/21,dc4a57f5-c41d-4b7c-9911-f8c0143162c6,1
d07bdd70-5022-4e29-b828-daa1b331f6be,2021/22,77cea9fb-b868-43b2-9beb-87e8d91dd610,3
30332748-bdbe-43c0-bac8-42b2f8c45163,2024/25,9aec606f-bff2-484a-9d8f-7f4c0fe7dfaa,3
9ced05fb-2dff-41fc-931e-53e712c13551,2024/25,35abb6ba-fa65-4591-b6f1-295bd4189044,1
9a3af51c-c099-48f2-98e2-21b9c4c5b4e8,2022/23,cde448c3-c413-4852-ae1a-1a4fbac7e91a,1
049e2b3b-cae0-4c78-9b5d-47d7ce10b605,2022/23,bb980a5b-6f4c-4bb4-8f85-9c682f3370c6,2
cdb986c3-f2ec-449b-b9bc-480d496d960b,2018/19,46b262ba-a864-4a5c-983b-8287c9e1b2c6,3
74defdbd-4c0b-4aa9-8ffc-4ffbc988365a,2017/18,6bd06b24-334f-4fdb-9746-1d98ccfcfe3f,3
dfeb5c04-d1fc-4996-9f94-a42524cce366,2017/18,e14a60b0-c5c3-482d-9b61-01d92aeaaef5,1
038dc2e7-4371-4300-ad86-58febb676623,2021/22,74afb9cb-18dd-4e48-aaa1-2267e42b6bf7,1
666c1c9f-ed9a-455b-bf9b-7dfbb256df8d,2024/25,8e34adec-0f08-47ed-8f15-75fa2e47019a,3
aa2581ad-33c9-4435-bb55-c7e9f86ca3b5,2024/25,aecff7a0-6062-45b5-86d7-0c3961793ed6,2
0f8bb141-e68a-4fb7-add3-a5fe8bf8c5e3,2022/23,8d8b3693-4c1c-41ff-a2ca-5adf8ab86188,3
8805c6b7-8867-4ec4-a8ff-2c31afc29fe8,2016/17,398e6afe-d051-47bb-936c-de955dad0612,3
a1a2fddd-3f4c-4967-ba76-ddeaf30edf92,2017/18,657110e7-2562-4b51-83bf-69551e37f8c1,2
db91ea10-2681-4996-a0ca-df935914ef07,2020/21,86e096b9-965f-4b13-bc0b-7dc91707f0d4,3
5c999c85-4d6f-4c88-9ec3-5735ec09e139,2023/24,32a1a749-cbe9-42ad-9092-e85ebfa2d361,3
ae0bb849-ff72-4d14-8800-c539ab3c21d3,2016/17,8c59aeca-3be0-48e3-87f3-abc04294867e,2
168ba7b9-0c6f-43ca-a750-a3805bd83baf,2024/25,1eee5051-f16f-4a8e-af4e-028517faa001,2
984c98d9-0a06-4bd2-8770-35f978da1b71,2024/25,cc48ff04-fda2-4ab5-b65d-7a7fe526fb2f,3
6dc74cca-386c-496e-9d49-568f9f9881c5,2023/24,b0076fa1-2d94-4513-82f0-93616a4e0e84,3
51330be4-e9e4-4523-84f7-0b622f2ea5e7,2024/25,67760d31-31ce-4910-afca-8c729c0210dd,2
6eecb96f-af7c-40f3-bcb0-e5e8160b97d2,2023/24,4eee3faa-33dc-49a8-9bd3-8a2463d975e0,2
aad4a09d-9ba8-4491-bd9c-3bcd7ebc65be,2023/24,959df0a3-8c35-4bae-bb1b-679a38d24321,2
113f1d00-7603-4c99-a2f5-a6ffe6e04d14,2021/22,8fc63c4c-fe1d-4ba7-b070-dc23c576cc89,2
2f924be3-6e7b-461a-bcb8-10e68a23352f,2024/25,eafb38c1-7c4e-4b4b-bba2-85e04dc57ad0,4
af5432c1-1b93-4ad2-a4c4-e0ca0510f8fe,2020/21,316ae259-265d-480f-93fa-4ce0f626e8b7,4
895a3479-8bfa-47c2-b870-22ed873eb209,2024/25,7958aac6-8834-478e-8351-fcad78301d6d,3
a5e25ec9-2673-4166-bd2a-69304598fdbc,2024/25,d42c2826-d545-4a47-817c-ee3627d4c9ad,2
75aa7b68-1b76-4fe8-a519-17b9676ed841,2024/25,d3ee6450-9e56-4af5-8fd2-7f580e9d4d43,2
79f1a3f7-328d-495b-b23b-6ac514c8c5a1,2016/17,2d73beaa-be2a-484c-9dff-1bf7927941e2,2
4340567e-cdb3-410d-ab5a-7898b6b624fe,2024/25,cd001a15-198a-444e-83bc-06bced7ba49e,1
3a787ce4-ba39-416a-b527-1114e2866977,2023/24,0d1a6874-c8a6-4c75-9e26-6cc146615f85,3
aaae434d-173f-40ed-aaa3-98e9bd5a8e2c,2023/24,54a322fe-500f-4fe6-8649-8c4ba756995e,4
c9770527-113d-42d0-85c9-bfe294e1e827,2019/20,c0b876d5-f9e9-4ea8-af27-9cb7687b1f92,3
ec1f260f-55a2-476c-af6a-d1b746431e13,2020/21,eaf2f6bc-da6a-44df-96c7-714275cd1719,3
5a142afe-29c0-4fbc-bcd0-3fa21e875215,2022/23,c283ee88-d305-40e4-8002-0308c558c5ae,3
9322b4f7-d667-4bd7-addb-050c65fe6d1c,2024/25,dd8d4123-995c-434f-8617-1ca644f6f2d8,3
6e86b68d-ffb9-466e-831a-9a3ee0113034,2018/19,c283ee88-d305-40e4-8002-0308c558c5ae,3
a27ecc0a-fabb-466a-b8d7-71ff668464b1,2019/20,0a8ab14f-a374-4492-9acc-0a1cf2fbb119,3
c7e1d044-4958-4c89-8744-4d3ff6bc4f09,2024/25,24856358-7d92-4e14-b210-690d1379cbce,1
d1fb83ce-392a-47d9-b4ad-b89d4506cfb6,2024/25,9c3386df-0f0e-4850-abc3-108eb7eeb8f8,5
b92e4b9c-df88-4666-97bf-b5a345df9bba,2017/18,d7b7e799-d34b-45a5-9e63-719d4300cb4e,4
7753c93b-439f-42da-80a6-7332a13f9d0a,2017/18,90385cd1-1b4d-4eb7-8f0e-4ec42ec27b40,4
227da1df-7545-44c8-88c6-fc45d37d2c19,2019/20,398e6afe-d051-47bb-936c-de955dad0612,3
b0b7448f-fa43-4dc2-87f9-e5e67d2b30a1,2019/20,26eaee45-f326-409e-8d39-72d972f14e96,2
dc38badf-ce72-49fb-9e30-2ce3a3db98e8,2022/23,f6da99d0-3d76-44e8-9a59-110a23a11dce,4
825d8e5f-2388-47fb-a77b-dc8f410fd951,2024/25,8eab6ae2-9f42-4418-ad51-fa317717924f,3
c2dd62cf-decc-4394-b65a-5c611e216dfe,2022/23,8a5a085d-5110-4f8e-87d3-1fdb384d8533,3
0e4dc943-77ed-471e-8d6c-cb038e2ee831,2022/23,701caef7-4a05-4908-8c32-05de68526194,3
d19f1356-0b50-489c-946f-0bd784b8af0e,2024/25,83bf64c5-d053-4c9b-88a8-2fe044533999,4
1a61d24d-4bb4-45ff-952e-e1840bca516e,2023/24,fd6c27e7-f130-4343-aa06-b74e8ef628fd,2
38d12453-981f-4618-b29a-cf3a444f92d1,2019/20,b118bf52-b844-489f-9dbd-9062311f444a,3
2f832430-c93a-4299-945e-093c7ea7b302,2024/25,23ceeab7-83a7-41b5-895a-8a8ba6669fe0,3
6d3fc00d-13d5-4c91-9580-3bde575027aa,2018/19,2de4111b-3169-48a3-8e41-c9fc7e174dae,4
495fd1b5-a241-479a-a6f0-af0216419764,2024/25,b2f42ff2-77b6-4839-85b2-b21d29529489,3
e2cc3e4e-73ff-4292-a34f-045f2b0e5a2c,2020/21,7aaf79cc-c65b-4e01-bd0d-fc5bd58bece6,3
2854403b-b4e0-45bf-8ce2-c10cfe51e2fb,2018/19,eb6fd9d0-63c5-4080-a5ab-0e9751ec993d,2
c4702fe1-a043-47c6-ba68-7718c7858c00,2020/21,493f278e-a61c-4a7b-bfbc-b7ae9d3926fb,2
d3b5529a-72f5-404e-b7d8-4f0c59a65e21,2020/21,499022db-4b66-47a6-9be9-f8ba92e29786,2
7aee6fcc-48dc-49ff-8a92-c93cec173d7c,2019/20,77cea9fb-b868-43b2-9beb-87e8d91dd610,3
e2681798-bb01-482b-9b12-6d24b6408131,2019/20,bf428111-cd34-4d6e-afd6-31e7a312dc1d,2
ef4dd7fa-3cbe-430c-81f0-064d40553721,2024/25,7ec8c0ea-b6ee-431a-a977-bbde342865b4,3
a009c4ba-a76c-405f-98e6-7461af33081d,2020/21,b36cebaf-b61e-47db-baba-dee6e39cfa5b,3
66496954-fc17-48a8-93c0-d4e0bc9039ad,2018/19,320fe051-d0b5-4c7d-984b-d719a2196470,2
67d8a4e4-938f-4071-94a4-480e534163ae,2024/25,6ccd22a5-35fa-45f0-8bb0-1fe3f642daf9,3
c1bc17ac-1730-4348-85bf-392307a107df,2023/24,89bd4d8a-948b-40e5-8958-5c47b1c373ec,2
93ee552f-491d-4644-ba35-6edc090de88b,2024/25,003c34bb-f0e8-4fef-9e37-a09243dfdd5e,3
9e3125ad-dccb-48d6-8ab6-c6a586e0b68e,2024/25,a8fc2239-2d31-4147-ab75-d0cac4612342,1
6ee043c5-224e-47a4-894c-73c548236a7e,2017/18,dc327a0e-c462-4b63-bdb0-a7def1b09ab3,2
a66b1990-a39b-4e77-a1e7-eedb8380c672,2022/23,26eaee45-f326-409e-8d39-72d972f14e96,2
200b0d77-4cd5-42ba-b2aa-3c6563b0ca91,2017/18,003c34bb-f0e8-4fef-9e37-a09243dfdd5e,3
f7118fd3-5cf8-490c-b734-477906fb7f9c,2023/24,bfd0282a-2b61-49c9-98e7-a2f22f330e82,2
cfb4e96e-e9f1-429f-bf69-23caaefab281,2024/25,46b035ea-3bfc-4c19-8e64-071f99e5ea70,2
a5c21dd3-7e26-43b1-b184-aba03b779e70,2022/23,f9bba49a-202f-4676-8403-89b69aba431e,2
69d09871-824b-444f-b0b0-0e21ba6a413d,2022/23,863d933f-eb34-417e-9a08-e4007722bc29,4
c7a43005-eaf4-4d6f-a6f6-cc9a726acf0f,2024/25,dc4e0b8b-414e-4811-ae72-8efdf9531f4d,3
610509ea-7f16-4814-b44c-3f7898c4e0c9,2022/23,d02b81d6-108e-4cfd-b34b-80f3ae2382ca,4
39e60f52-a25c-41a6-a332-16f39a431348,2023/24,4dc79854-22a7-4d9a-b7e6-6b6024465d87,2
92685aba-9a53-4840-b089-48f4247579a3,2020/21,709d3031-90a5-4a10-ace0-73b80225cb0f,3
cfc6f4ef-1b40-41f0-8e5a-883c38820711,2018/19,b066e645-c6a2-464e-b911-c0d83cb622ac,2
00e3d6ff-3a3c-4d96-bb43-f9d1f2ffaad1,2022/23,16c6ef10-235f-47b8-91ac-7dae8c0292bc,2
b09f947b-2974-4002-8095-1cb35a6e5c1d,2024/25,c570f81d-5397-4fe4-b834-a937c0058953,3
f044627d-a97e-4cae-8171-bf39a6570ada,2021/22,0a08f076-b5ad-40a4-ac56-0dd943858329,3
d484244f-3c8d-4365-904d-c89e44a69049,2024/25,978b7e27-fc49-4e82-b51b-26bc9a204756,3
323af190-8239-42bb-9da6-9ea0fc64aea5,2024/25,6bd06b24-334f-4fdb-9746-1d98ccfcfe3f,3
a426f46b-dad7-4062-88b1-6f32d06a769d,2024/25,babad0a4-ef7c-4e3c-804d-048bdc6c91d4,4
07756ff2-d062-4434-a065-f87366dddc9f,2024/25,8a942902-7e65-496f-97ab-36b2020d968f,2
c26d3155-bd12-4e73-8622-9779499956e4,2022/23,c932dd05-c46b-4c8e-bffd-ebc3be8f8402,2
91abb7d8-26fe-4a11-bdd4-28331889b011,2024/25,0bdc54f5-493f-421e-8dd2-27a46576fb72,2
82811654-7339-4596-a210-73ee2a2c7f30,2017/18,5167d7b8-c362-4ebd-8d34-fc379f6ecaa3,3
288a7de2-fbb1-4746-854d-f55238e304e7,2020/21,6e1f4c41-bcc9-4373-a593-e5f236ca9994,3
8b04d230-7f41-4163-87a5-dcc8690bfa83,2021/22,4ebbd927-7869-42c7-a226-2ad79d9f6b61,4
c081ff1b-f916-4b8b-b3ee-53ab2d0a463b,2021/22,47e50346-47f4-4225-b164-b93dba66e562,3
f047bab6-a1e2-4df9-8dcb-cb8b331695ec,2021/22,b118bf52-b844-489f-9dbd-9062311f444a,3
5fb96a73-8f7e-4432-b199-59a1e99ab7f8,2024/25,c4815505-10e4-4202-9b11-259a19ba8117,3
b15a17c7-d7e9-4aa2-b524-755ef5852896,2023/24,604bd9bd-bb7e-429a-916b-a63b3f098292,1
cbba7357-7975-4f4d-823e-60418c2c7fa6,2020/21,44dc201e-dc85-4982-a627-e938ddc48bc0,2
9e5a702b-872e-41c8-94c5-a04fb7e9078c,2024/25,02539faa-015d-44f3-9210-cfd5e296a32d,2
f563ca53-d716-4eb7-8e82-087efb51f5f6,2022/23,794ce9ff-d47d-43c0-b13c-1e48807bc608,2
967fed6d-1746-47a8-9c50-1cbf4f942286,2024/25,d2348ee8-67e0-4a40-9a5d-c5860ad0a1ea,2
08f65168-5054-4be7-b0e5-2878a5a09b08,2024/25,5aaeed89-dd50-43b0-8bd5-0b00ffae7428,3
642e1819-abfd-41ab-94cb-6727f393c6a2,2023/24,6e1f4c41-bcc9-4373-a593-e5f236ca9994,3
94439aa1-1938-4cb3-9c2d-0e601611ed13,2023/24,954cea21-640d-4ae9-80ba-685f406277dc,2
be6d231f-2291-4d57-ab9c-f4000d72a8c1,2022/23,8a942902-7e65-496f-97ab-36b2020d968f,2
ed86cdf3-59ef-4f1b-a39e-c29047c5aab2,2022/23,6bd06b24-334f-4fdb-9746-1d98ccfcfe3f,3
7ecb99a5-3f78-4017-ad79-ed8fbca4d308,2024/25,b2542e3f-f727-4be7-b102-499d813f28f3,3
5b873a26-4156-44c5-88f6-925a0e7cc404,2020/21,396e1c5f-a102-4af3-a5b7-2d8ca2b3ef6f,3
af928d9a-de11-4cb6-bce7-8abf18c37f7b,2018/19,709d3031-90a5-4a10-ace0-73b80225cb0f,3
759e3d73-a13a-4153-86fe-5ae4861b8a41,2020/21,285a763c-d124-443b-acd8-10f0b8778b8f,2
01b94514-430b-4af2-9c5d-2bec8c49c21a,2020/21,d61ea56d-0474-4524-a061-9869f4ccbb19,3
1342ff8c-2c10-4ee2-8f60-831c7f04a288,2024/25,0d8faf78-acfd-472f-8579-f67546f00094,4
8f0a10f6-6618-4cc0-8da6-362dbd05cf74,2023/24,cd5c57a2-8d24-4b10-9104-d67f8b87f85a,3
9aa22936-1308-4915-86e5-80c88e0ea32e,2019/20,8a5a085d-5110-4f8e-87d3-1fdb384d8533,3
dbd381b5-1f00-456a-93b3-93e1345d4c5a,2019/20,fd6c27e7-f130-4343-aa06-b74e8ef628fd,2
2597a622-4d9b-44c1-bd6a-95103b0a63f5,2023/24,5627a160-9c95-443d-92f6-42bd33cb437c,3
2e514dd4-23b1-45a0-88e6-2551ec71d309,2023/24,8f1d4346-d35a-4749-8d5f-d2d33fa49863,1
f8d8e775-51b6-40d0-83ca-e5001ca8e5a1,2023/24,241bad0e-8d84-406c-88c3-040c8b9a8de7,1
6697259c-160e-48ca-99b9-414c9df859ba,2021/22,ae038a6e-37a4-4610-ba9e-4cb35f66b3bd,2
6b1b8beb-fd31-4de4-bac8-0424bf146ffb,2024/25,2198aa01-1c6c-4ef2-a972-673503c094f7,4
e66791dd-52b5-427c-bd1d-fde213cee352,2024/25,240bd1fe-432e-49d6-83ce-1280bf52b496,3
abe37b71-b346-412a-b9b0-a3dff82c16c3,2021/22,0dbe7e79-cbd1-44c8-b2e3-925b0070aa9b,3
b1b81881-d522-4f75-8e9f-4ca385484b33,2024/25,f5064d39-0ef6-4eea-8795-9bfa7bcda88d,3
cf3c0087-22d1-4eb7-84ed-0c06c5298f99,2023/24,8a5a085d-5110-4f8e-87d3-1fdb384d8533,3
fbedee35-1e75-4fdb-b97e-9c7d944ced7c,2022/23,af5e5726-fb1e-4fdb-8879-a28afd3dde17,1
865c81a1-06fa-4ea0-b843-b88052a0e87e,2023/24,af860212-099b-4083-9c6b-0b667e106d07,3
13ad3396-77a6-4444-9b78-ece4e3f6372e,2024/25,681c11ac-7e56-493e-9ca1-72f90b878d01,2
9b030ad6-c3ba-412d-81bc-74f9e69ec007,2020/21,d7c96669-436e-4944-b54d-59695cfd26c6,4
abea5285-b2a1-4d30-bc75-8b202014ed46,2020/21,faa6df39-9f37-4a86-bb1a-58232e80156e,2
e431a645-c8ea-4c2f-9b04-87ab1f4890dd,2017/18,8c59aeca-3be0-48e3-87f3-abc04294867e,2
bb4e4754-d50e-474d-b99f-803d76957f2d,2024/25,00490f26-6814-4df9-a1a8-8f3532e6a9e0,2
3bdcc5ab-8505-4159-ac2a-89d205b14250,2021/22,b15d2b09-385b-46e8-80b3-c9705da992b9,3
d257d8ab-f4bf-48e2-a7b7-501b8253e17e,2024/25,4c7e5c2a-dc4d-4126-a8d6-7cc8830fff8a,3
4e1a5f24-2b4a-46ce-a037-19a3ff0fc332,2024/25,96b53c7a-b0b0-4b20-ab74-46f7d1c4d4d7,3
5df37d12-6b8b-4d78-8503-6cd8d5279d53,2022/23,b118bf52-b844-489f-9dbd-9062311f444a,3
e3a23426-9246-48af-b118-999df1c5e57c,2017/18,2d3c3a1d-0246-49a8-b713-fb234c752389,2
15fd2f6e-bd80-4ed9-b02a-1e8e285a4d3c,2024/25,e5f59f5d-d05a-4bdd-8f1d-3c47725c5b81,3
f9dea1aa-9643-4548-a709-532ce8b83cbc,2023/24,8c59aeca-3be0-48e3-87f3-abc04294867e,2
e6b40898-e77b-4de1-84ee-74f8bdaf8e45,2021/22,84fa1217-2dbe-4acc-a446-1f78327fe989,3
59d8c03e-3b23-45fb-99a2-6d49ffbe6b36,2024/25,0770e266-9633-4bd7-9e25-b218ce04a2f4,1
0fa58b6c-5eb1-4276-a19d-17b99787bca7,2019/20,46b262ba-a864-4a5c-983b-8287c9e1b2c6,3
dbe4e849-a5b5-42a9-bb41-70f389de99eb,2024/25,8a5a085d-5110-4f8e-87d3-1fdb384d8533,3
d2145ac4-9bb0-4ba6-8f24-7b195d9ce775,2022/23,272bfaa8-fc18-42f2-8300-f77ca505a345,3
15a3b58b-0b5d-4356-9885-3027f93eeb4d,2024/25,4acb2de8-282d-41a8-9184-ef6a36d9c1ff,2
edd5cdc9-9c2d-478a-a7a2-dd0087be3b88,2020/21,b7d5d127-bdfb-497e-9767-9dee5b80a9eb,1
186bca53-53a5-4e02-a40b-c81bfb29264e,2024/25,8212e83e-299a-4fe2-b598-7e466a9e0621,3
df7f091b-0099-4a13-9113-374885cc3cf4,2016/17,8a5a085d-5110-4f8e-87d3-1fdb384d8533,3
65f72919-41c0-4f12-962b-dd442ff8a05c,2024/25,bc66bf7d-e1f5-48c5-b89d-ff0dbd008bd8,1
93726c7d-654b-4f78-b812-a222d946f858,2023/24,701caef7-4a05-4908-8c32-05de68526194,3
29a573dd-21e4-4efc-8b34-48115c155c19,2023/24,809750fd-2ea8-4b4a-bce5-2e692aa3c335,3
7eb1fb97-ec71-4612-b75f-8f5097f6e233,2023/24,d0086f76-7a71-454e-9047-a5e6095d833c,2
89ed7743-42ea-4d25-8a0f-b5925c615bf9,2023/24,84546ac0-47e1-4932-b173-8e0f393efc0d,1
a9ebac8c-4eb4-4874-8855-0ebad5039785,2021/22,ba35841c-cdd5-4031-b2ad-00f11cc639c9,3
7516ec7b-e4c9-4ba3-8865-53219e299e37,2022/23,dac09667-7631-4ead-95e7-53d1a814d4f1,2
8418f07c-0a89-4ee7-a177-b60e593b67c6,2019/20,3114f8f0-79c0-4955-ae6a-3dc31bfd90e1,3
bd122966-3275-4b0f-9780-574dde93d9e4,2021/22,96e5f281-158d-4a4d-8dee-93ed027fa325,2
c9e8cca5-7db0-4126-99a1-311edf6c96bb,2019/20,86e096b9-965f-4b13-bc0b-7dc91707f0d4,3
5099d85c-aa7c-4ccf-a304-ff02d944979b,2024/25,c3489e6f-c72b-463e-9e6b-19e3668f8c70,1
f62f5048-976c-4d00-8452-e3664dabea54,2023/24,b6a0306c-bb5a-42f2-a3d9-399c51caa345,4
89b2eae5-6a79-443f-b1ea-c85e711b208b,2020/21,35abb6ba-fa65-4591-b6f1-295bd4189044,1
866b26f1-d7a7-488d-94ad-4d078f31a01e,2023/24,a106c077-5b59-42d2-97d3-d938b4530fd4,2
4c2d808f-0fa7-4ad6-b9fa-cfe9dbfd5555,2024/25,22e7a380-ba57-4e49-a5fe-81f87c540017,4
011e72de-8084-42ff-9a85-9c5170c83682,2024/25,4a01ead9-a90f-4239-81ba-dfabf4f0011a,3
b22bd354-6276-42ca-b93d-322800f130d2,2021/22,64c1604f-20e8-4f70-aca6-234467915cdb,2
d21ec801-c542-4c28-abd6-0d418970b9a8,2020/21,2fc945e5-d19c-4530-a647-863b0ea4396d,2
29b74027-fa52-49bf-a859-3cab192a6d07,2020/21,54793335-03fc-44e7-8318-5da068f63263,2
9b4ce5c2-9c03-4845-8f93-aab66ea9f79e,2022/23,b017da9f-56f3-43d0-81ba-ba7a3806e0b6,2
832f1c8c-62ee-4b18-8683-2131d465ca67,2024/25,6fd4776f-ee54-4d51-b129-46efc5960c5d,2
28cbbbc8-1697-4fdc-aef7-b5554b28cf28,2023/24,dac09667-7631-4ead-95e7-53d1a814d4f1,2
d1176851-a384-4886-84ce-59fabc66a5c0,2023/24,36b875ed-889a-4d7f-a5e7-f57bb5b23e4e,4
4782cd43-d0ef-4230-86ab-4ea00e6be5aa,2020/21,b5e6c9ad-10c2-4bff-9f45-746f6a7b3465,3
3c58adf5-0d22-4f50-96fa-2bb43ce54a70,2024/25,58fbf6e5-9ce2-410c-a1f9-e0d2f4607ad0,3
34e3427c-799c-4b4c-aa0d-aa6356a84c06,2019/20,060747da-f457-488e-b411-04b14d664ddb,3
c1117bac-31e0-4a21-96ff-9a2017cba15e,2023/24,125ec0fc-cbeb-467a-8e71-8f0ada688670,2
80707534-0421-4a7e-ad1e-12463740c6d7,2024/25,e73c83e7-3640-43d0-8c0f-f267926827fc,2
a5d0756e-67cf-4067-820b-f7470633359e,2024/25,ff210445-02b1-4677-9041-2f4d71ca9d5b,1
7528beba-e37e-4bbf-909e-7064eb3c4598,2024/25,9603c272-8f64-46b5-9d41-c1a8f99b5b94,5
15f342f3-e9ce-466f-8b7d-d27e36478530,2024/25,a38c8aff-9fa1-4fba-9126-f5d18b077163,2
aa4d8e22-597b-4d69-a58f-5fdf069a2257,2022/23,9949992d-a0a0-4d9e-81d6-83b903efc08c,2
520190f0-5146-4b5b-be12-29d7a73942b8,2022/23,97bf024e-98d7-4f14-9b3f-7f83a23c1d26,3
2d90260f-d568-4a62-9315-8027c390379d,2024/25,a4354aa0-6616-4c4e-9a28-b91936dd3ffa,4
761453db-97e1-47c5-a3b6-bda86629dd67,2024/25,d6bb65df-f588-4aea-97a2-bcd2c3df9fed,3
6e76dbcd-b3e1-445e-868b-3489c9c66235,2024/25,2a008f35-80d2-45a1-b2c1-2431dec0d8cc,3
1cd4234a-af5d-431b-b670-4c550febe2b5,2024/25,a253d98f-9eca-43f1-9015-5c8511d97c51,2
6b67c467-2488-4bed-91b7-89acc69717bc,2022/23,0f0a965d-ee11-4b11-8539-80efbdc86031,4
bac062c4-7807-4f7a-80f8-8394a9a53c2c,2024/25,b93ca236-804e-4f10-b605-353e9f3efadb,5
acbd8c3f-2733-480b-ade4-9f658b1b3154,2022/23,106be257-c769-429d-8343-e6a75dd3b6dd,2
8735c1c8-4c11-46e0-b99e-4c604b8b108c,2018/19,89bd4d8a-948b-40e5-8958-5c47b1c373ec,2
4526dd83-6424-4ba7-a231-61cfe2f319a7,2024/25,c35eea94-ca8c-4a5c-abb5-39a702041a48,3
4801de7e-8692-45ed-9acf-42622e429cf7,2023/24,9e78f47f-6da8-4013-b7a8-87b63b1e07b6,3
df4fb682-d76e-4771-aa6c-3c0aec9ca99d,2017/18,0847dcd8-082d-4991-8913-1e3bc242dcc3,2
66f3176a-c9d2-4cde-b0b8-cfd5cba3dff1,2018/19,32a1a749-cbe9-42ad-9092-e85ebfa2d361,3
2a3e7bcf-3424-4151-9c88-52c20e3a2c05,2022/23,3c733308-8ffb-4ef6-b24b-81ae97163f7f,2
53107733-7513-4bd9-93c6-8ffdd5f70bd2,2022/23,3acb44ae-5b2f-45c5-9869-84d7afbc168f,3
7d5b101f-c3eb-4d90-a8ef-da7a20ffbbeb,2024/25,5c12b7ca-9d61-46d9-93a7-0aa3abd6eea2,3
dc7833f1-238e-4042-a9f7-438d05bb6410,2024/25,7c1cd5dc-9bd6-4518-b5a5-b90251db72a2,2
06bc61e9-81ed-4605-8d01-698b4ed5d1c5,2017/18,c5cedf3c-3401-4c4a-b95a-74dcf8a51156,2
63f12fc2-140a-418a-9a55-da921efd5153,2023/24,ba35841c-cdd5-4031-b2ad-00f11cc639c9,3
86b35bd9-3229-4040-be0a-83888aaf9495,2024/25,826f2eb6-c024-428d-8947-35add533b2c5,1
8c6f7d5e-4492-4f66-9f30-8efd80ae11fd,2017/18,152452e6-1e36-4c7b-b9aa-15d38bd2fcbb,3
81307a67-5863-400f-a506-f12a57df45f8,2017/18,b118bf52-b844-489f-9dbd-9062311f444a,3
57395217-abfd-48ab-aa79-917b3cfc23ee,2022/23,cb658622-94a6-4c72-8fc3-ee760080b729,3
a6e77dde-1157-4b43-9b92-e305999c6e8d,2018/19,7958aac6-8834-478e-8351-fcad78301d6d,3
10e8f458-896b-433d-a25f-7d22df7e9ade,2024/25,634e753c-4227-4caf-b615-3f2d349785f9,2
725aa459-abf3-4c75-8d40-826e042b8055,2024/25,980c4351-c970-4fb0-afee-8820f742de9e,3
4b369046-c315-41b1-b4f1-66ba8f202d10,2024/25,dc214f24-4ce7-426b-80b2-c4bd06c04aec,3
923705c8-a658-4c82-822f-d45792e9274f,2016/17,f51c9384-294d-43c3-9361-38f350856675,3
aa75824a-546a-4eaa-82da-a95cd87bfe6a,2022/23,0d1a6874-c8a6-4c75-9e26-6cc146615f85,3
ed8fde50-e469-4eb1-a274-607af4b09261,2021/22,bec3286a-79d9-4125-ae8e-4c789e476cd5,3
a1f06292-60e7-403e-b6d0-8f3905758e23,2021/22,67217edb-a846-4ac9-878e-2ddcc1dadfcf,4
a55867ae-fef9-483d-9f45-b745604deb7d,2023/24,f18cd524-27df-453e-a1ff-a354597fc676,3
91f056eb-040b-4674-9ea9-fa370da2a73b,2016/17,a9b733b1-f28a-4ee6-9925-aacc58107500,3
45baf16b-e6a9-49b4-9e87-6b14372fb207,2020/21,f7aa5c64-8487-4dfa-ab29-01c4d8c10eb6,3
55ead4b8-7852-4927-8387-001aa85fc9a2,2020/21,3f381c8a-eeae-4940-9b06-ea05f752e310,3
13a6c7c2-0920-477e-922d-0af0ec09eb89,2023/24,7045407f-356d-48d2-8736-5b310f8e703d,3
4daf6743-1c86-4f24-b7a4-ab02ae3bf783,2022/23,dd74e658-57fa-4e99-ac94-889f064764fa,2
5c7e3917-c730-4dfd-9977-9e588c67f23e,2021/22,dc4a57f5-c41d-4b7c-9911-f8c0143162c6,1
34e732ba-2b6f-4352-aa36-33ab2078e816,2018/19,96e5f281-158d-4a4d-8dee-93ed027fa325,2
8c80ac4d-2d39-40e6-8e76-e872207aa4fe,2024/25,4fc6dec6-7b50-4852-a52b-5ba4c7db9034,4
4365c7bb-9df4-40ff-9ee4-aefa3e88a425,2024/25,dfc945e1-aaca-4013-b2b3-96e85b299423,3
5b05c57b-2237-4959-baf2-ea2bba4b6ee4,2022/23,74afb9cb-18dd-4e48-aaa1-2267e42b6bf7,1
e9987270-74a1-442b-b401-2454810040ec,2019/20,c283ee88-d305-40e4-8002-0308c558c5ae,3
9ddf640e-fa35-4761-b778-a4bb2ff04a72,2020/21,e1a5293d-11cb-4154-a20c-75d19e4a3ffb,3
300179df-5c87-44e5-84ca-1155fab94009,2017/18,9d100761-36fa-4c80-91ee-fa247d9a415b,2
e81823ac-c2b2-486e-822b-6c070d5ac409,2022/23,9ddeea34-afa6-43b2-9718-40ac87c1da54,4
bc982396-fe98-4b67-8332-839e6afb38d2,2019/20,dd74e658-57fa-4e99-ac94-889f064764fa,2
86e03ee8-8692-44ab-a4db-954c22b926d8,2024/25,250007a4-f432-4598-98bf-4d72fe2bbbaa,3
fb360f11-7995-4fac-91fd-1c71c4991ba8,2018/19,6fde9f20-8252-414f-a30d-8fc120612036,2
e99414d6-ab11-4cfd-b785-c40dc0d2e8d8,2024/25,469511da-b743-4641-8d98-42dc51b5e329,2
da4ee128-b272-4233-8d8b-099dcf938cde,2024/25,32a1a749-cbe9-42ad-9092-e85ebfa2d361,3
ea56e1db-c969-4ee1-a6c5-27012392424e,2024/25,fe994675-7f34-4277-b6f3-6e738a132d08,3
de4b2505-a78a-40d1-94dc-dd4a7dc2b59c,2017/18,fe136669-0afc-44f9-9800-1193f7670ceb,3
a2686011-68f3-41e2-be7e-7377fb9e40ab,2021/22,15a27285-1e19-4e00-970d-f2ca8c65d987,3
a009a765-f5af-4f43-b28d-c2389c16fb0f,2024/25,eaf2f6bc-da6a-44df-96c7-714275cd1719,3
3ebfe886-19f4-495d-bd98-76f86ef2c03a,2022/23,26ad018f-7c27-46e2-af1c-493276052c85,4
9b33040a-3651-4652-b0e5-830b894b155f,2017/18,eb6fd9d0-63c5-4080-a5ab-0e9751ec993d,2
7c801cd8-1d86-42d1-83f4-c51b1d6c440d,2016/17,77cea9fb-b868-43b2-9beb-87e8d91dd610,3
e7adba31-7a7a-4fe8-a018-77f53a30fe79,2018/19,517c88fc-d2e4-48f9-a244-13a2f0813e40,2
a5714949-5b0a-4da8-bc15-6734fd1782ca,2018/19,d7b7e799-d34b-45a5-9e63-719d4300cb4e,4
056d3fb0-b271-441a-bd78-4aed5595dea1,2017/18,398e6afe-d051-47bb-936c-de955dad0612,3
469e30c5-77ef-4927-bf0d-4c31bf6bc0b5,2019/20,1c660429-4643-421e-a350-ab36f78cb9a1,3
0a713f11-c8e6-4cb2-b97c-4e038c2538dd,2024/25,18518340-c700-4515-a0b4-90b371a9686e,3
81767ba5-4ec9-42ae-b1a7-7df8fdc91503,2021/22,7c870cd7-9d1e-4b81-bd53-117b5ce27c54,3
5518d5dc-e808-4d3a-a015-eaa6c9531db7,2023/24,d7143196-0a70-47fd-8ce7-f372f88a1381,3
128803ea-46a2-4ac0-bb70-57145c973d1e,2022/23,b340a5b0-42ae-4f2a-8096-1b227edae50a,3
ad14f09f-265f-4069-ad88-23af21dfbb1d,2023/24,1c660429-4643-421e-a350-ab36f78cb9a1,3
38054968-94a5-4c58-a988-39904387e757,2023/24,2d3c3a1d-0246-49a8-b713-fb234c752389,3
9efcf472-0d4d-4c02-9d02-794d5042a585,2024/25,fa56513c-1a2f-44df-9b8a-f3d0d91190db,4
ac24e8bc-52cf-4b6a-b222-e565ce616620,2023/24,c8c438ab-f065-4b03-9765-3002b42f3a58,2
257378c1-78a4-4fbf-b314-b5485e9684a8,2020/21,06bb6c3b-9a4c-4452-b53a-aff70107d7af,3
eabfcd80-9a22-46ae-a011-9e63b85f6a43,2024/25,e7d3fa84-b7d0-432f-a17b-62dcd50dac2f,4
3f9466e3-ca27-49a0-b060-67bd3b17e38f,2022/23,217fc6f8-7182-4de9-b44a-3c51d0147fb9,3
fb977c74-bab5-4dd3-84f6-3e7b25cfa508,2019/20,0dbe7e79-cbd1-44c8-b2e3-925b0070aa9b,3
0cc7de01-96d9-4128-b110-0c7737493216,2024/25,1a05965f-6a72-43c3-8a21-5d90201b464d,3
e055df67-457c-449d-9180-26c166c021a6,2021/22,449e9cef-9d16-4746-b7ed-c80f87304b3e,2
b3cb2e8e-b58c-4ec0-a6d5-534435ad7cb8,2023/24,8212e83e-299a-4fe2-b598-7e466a9e0621,3
5f726804-2a3e-4fae-8f9e-57439cc1f71d,2021/22,da40d2fc-9fb1-4653-874a-386c8feae25e,3
f7934a9c-b557-4124-8b67-05bcbeadbb03,2024/25,2b71ec62-c2bf-4ac3-99ab-166c358d7904,1
277fb8f3-b8c7-41a6-a63e-3772a5bb2192,2022/23,634e753c-4227-4caf-b615-3f2d349785f9,2
4421ecf6-53f7-4cb0-93d0-35580e177b41,2024/25,af699421-27dc-4d3b-b21f-7ab72e13a1c1,4
fc337e96-1c59-4d17-8a3b-e9c945ff4b00,2024/25,5eee3996-1d93-4d7b-9e06-d7dcb289c696,3
e43164af-85a1-4b3e-be66-603963792962,2022/23,5b4d8bb7-50e8-4325-9fdb-667bc1bc5677,3
1fc10a82-e0af-4f7e-92e5-24807741b75b,2024/25,aada56f0-7a6a-4c3f-8297-9c6560186191,1
ec6993f5-0f2d-4af3-9226-63f07ff642c1,2020/21,b340a5b0-42ae-4f2a-8096-1b227edae50a,3
e70bcb52-168b-4293-abbd-07e45bf13b24,2021/22,6e1f4c41-bcc9-4373-a593-e5f236ca9994,3
2e1f016e-945c-457f-bdb1-756aabb48c50,2020/21,6d5abde7-1f76-477a-acc0-ca49a9fd4ab3,2
de5ba5bd-fc08-4c43-8e46-d288760ff176,2017/18,4b2db969-8d0c-4c21-a939-0063ae590662,2
61e9043a-0fe9-4405-9298-dc692caf4a7e,2022/23,05a5a6ff-f492-4eb5-9719-6dcdf5e6916d,2
0aa6db23-b952-47e5-aa4c-00b799886eb5,2024/25,0ef396fa-0d67-4b34-aab7-dad74779bd84,3
d02b6000-c0c1-4e7a-a16e-e0023365eb78,2022/23,49acc28c-0579-4ecf-bb09-7844ec2862b6,2
55eb9bb4-954c-4307-9ed4-fed0c0234188,2024/25,6491134c-17b9-44b3-a599-bd21c9c5651f,3
31e94f51-019d-4ff4-8a69-500862149be4,2023/24,830feb86-402a-4daf-affa-3f675202527d,3
fa073e1e-fe3e-4f56-a8f7-d81970f74c19,2024/25,c5fad7e1-f59b-4f5f-a1ec-adb606ea2d58,4
157c1ad2-1482-4030-8659-9869e3ca98df,2018/19,cde448c3-c413-4852-ae1a-1a4fbac7e91a,1
66bc4931-c2e1-45dd-8d4a-482e8d7a1162,2019/20,35abb6ba-fa65-4591-b6f1-295bd4189044,1
da5a4021-c068-427e-bd5c-14268c009875,2023/24,dfc945e1-aaca-4013-b2b3-96e85b299423,3
559d3c97-09cd-4c3b-9b9c-b7e18a0545a5,2022/23,4ebbd927-7869-42c7-a226-2ad79d9f6b61,3
58eecbad-5ea3-4fd5-8d36-42cc3561b7a4,2019/20,6e1f4c41-bcc9-4373-a593-e5f236ca9994,4
cbc9ecc2-dc23-42e0-9ce9-a76f6b8aee4c,2023/24,d02b81d6-108e-4cfd-b34b-80f3ae2382ca,4
b7c5ee0c-a630-47c1-aac2-be567be8b191,2018/19,2314bccb-dc23-4fe5-815c-e30d5e6f69cf,2
33fe23e2-0492-4e20-9066-3a1d593fbe36,2021/22,efcb34ce-b8ec-4f6e-8f4d-3f43931a54f6,2
db6bf415-73e5-4ae4-aacc-b379bee15567,2024/25,52ba12ec-f1b5-4b92-bb34-77206ee01245,3
6517bb7b-a9fa-4a35-9982-429948f23103,2019/20,6b8f9b22-9763-481f-9392-5c3cf4070706,3
04e97dd8-4d49-4676-9349-0b3a237effec,2024/25,9bcc4be0-a5b6-401f-9fa3-49f78f0f7594,2
85ce198f-f63e-4205-a1c0-84a2d014fcd7,2021/22,18518340-c700-4515-a0b4-90b371a9686e,3
4b678f18-c682-45e5-815f-bc184ea7fae7,2018/19,54793335-03fc-44e7-8318-5da068f63263,2
e01c2849-d7f5-459a-80c3-c0750de8c917,2019/20,1e61bf4c-9c83-4a69-93cd-4ebf9a80b97e,2
2fc84a9b-105b-4222-8c25-7adfa422a418,2024/25,e1303f74-c48f-4c2c-a6f4-d83d0b329911,2
1f601094-22f9-44c8-a4f6-1c2d30b36303,2022/23,15a27285-1e19-4e00-970d-f2ca8c65d987,3
fe9e8838-0be9-4e83-a910-93c11c76c852,2024/25,9845f271-6a65-4739-b337-4358823c2b28,4
1d3ed3c3-d651-48a3-bb74-d4c7ce142c45,2023/24,bb4f6fba-13e4-4517-94d5-33224b40e9a1,2
41152213-1515-49b2-8f5f-190062d039b8,2024/25,dd9fd6a5-55ae-4be3-9d09-f763b9cd3d0f,2
fa79aa3c-4019-488b-9b2d-90c0b163f6df,2018/19,3c391ec3-cacd-400c-9e80-0d013716e132,1
002c41ac-c82d-410b-b56e-bcfa96b4137b,2018/19,152452e6-1e36-4c7b-b9aa-15d38bd2fcbb,3
8a01d837-4c3d-4e88-b4d1-a19eb1938243,2024/25,8a0b53aa-a122-4ea8-8a32-fb80f11f2cdc,2
9bc47083-0aba-4f8c-82e1-abbcca05425a,2021/22,f551e1b9-1b4f-4ee0-ab12-5b3d29f7f00e,3
5333ee69-1f1a-4494-804c-dbf32e71093a,2019/20,755babc2-28eb-47e7-bda6-3c28588e49bf,3
21fae965-9134-4ddf-a757-03ff554f6375,2023/24,3f381c8a-eeae-4940-9b06-ea05f752e310,3
10ccc8e6-2605-496b-957e-aa6d9a2f3b30,2024/25,2760c840-5e6f-4b46-87b3-889c2556c5e4,3
0eadbb45-cf2d-4008-b7da-1fada4352ba9,2023/24,ae95b84b-d709-4d69-8fce-3ad10be29f4e,3
23d0e5f3-01e7-4db0-8810-068bb1ec75c9,2024/25,eb3d8a2a-7b37-4016-9290-68b9cccc21ec,3
3f598b15-2f2c-4080-82e0-39b22e10d7b7,2021/22,f40ca710-a641-4a8e-b003-eb74fd196192,3
c5c33299-c89f-4f1e-8248-1d41eb756e97,2022/23,954cea21-640d-4ae9-80ba-685f406277dc,2
f1757d9c-b1e6-4a7a-8509-2d5d954c01a7,2020/21,a260b16c-092a-4eaa-9f5d-4a8a425a65ff,3
8911cc25-5e60-4084-a34e-4d8b752c7cfb,2021/22,c5cedf3c-3401-4c4a-b95a-74dcf8a51156,2
c719fcf6-c066-4ffd-aae8-f5194e0ed500,2021/22,4dc79854-22a7-4d9a-b7e6-6b6024465d87,2
a3dea61c-d3fa-4a7f-99f8-65dfd8352bb8,2024/25,b2956a8b-fe92-47c6-b79b-de88325f518c,2
92299a61-8cfd-450b-a282-44d29a0e506a,2016/17,049a7ce0-2122-4c95-b21b-097e3d229319,4
c556463a-f25f-4fa4-a38d-a40093c551a9,2024/25,809750fd-2ea8-4b4a-bce5-2e692aa3c335,3
3677b173-57f7-4f4d-9ae3-f1ca76285602,2022/23,5627a160-9c95-443d-92f6-42bd33cb437c,3
1eb28be0-8992-4fd7-9a36-07699717bd21,2018/19,449e9cef-9d16-4746-b7ed-c80f87304b3e,2
b6379185-43da-4b28-9fd8-aeb6b257fa4d,2023/24,e1303f74-c48f-4c2c-a6f4-d83d0b329911,2
f4e22555-06d5-40d0-ab0f-5bd4999a1f26,2018/19,58fbf6e5-9ce2-410c-a1f9-e0d2f4607ad0,3
c3ed4d67-cf6b-4c96-8483-41bcf7f4233c,2024/25,be4630e8-f0fc-4e45-ac41-d8e594cbe003,1
95ff412b-372d-49ba-b6d2-e2f1e274ac6a,2022/23,003c34bb-f0e8-4fef-9e37-a09243dfdd5e,3
77bf00c9-5302-424e-b827-33b6d87ad588,2023/24,205e17ad-76e5-4a8a-ba2d-17e068f39ce2,3
86040e52-84ed-480b-bf73-764050360ca0,2018/19,2d73beaa-be2a-484c-9dff-1bf7927941e2,2
cb3444d1-6bf3-4823-8b7f-efdbbcd39297,2016/17,90385cd1-1b4d-4eb7-8f0e-4ec42ec27b40,4
5faeec5e-cee9-4ddc-89b5-819efac69e3b,2023/24,83bf64c5-d053-4c9b-88a8-2fe044533999,4
617ded49-792e-44e5-8b38-b9c537d3327a,2019/20,3b1771d3-ae4a-4c50-8b34-023a6d337064,3
2b9d6e0a-41a5-4732-b0d2-4697a2cf7b0b,2024/25,ef0771b9-26c5-4915-8dea-392a26f45cbe,2
2221ed28-410f-4539-910d-a0d2b7319bc8,2016/17,e4e24720-d2ab-4a3b-a489-6cd5d1114cfd,1
116b0660-8bce-4346-a912-959847950bf5,2019/20,003c34bb-f0e8-4fef-9e37-a09243dfdd5e,3
a930466b-6369-46b7-9a8a-e9dbcd3cccab,2024/25,0b0f5b5e-be7b-478d-aa23-5f619d16e5cb,3
c8a75f45-a54f-48d0-8cb0-d54e340b4337,2022/23,852b8e99-5abc-4f45-834c-4b82cd761841,3
64183ca2-e45e-4ab4-86ea-176c363f305c,2020/21,77cea9fb-b868-43b2-9beb-87e8d91dd610,3
9e75ad8e-a6af-47c5-b5c5-6eeb6b1dce2f,2024/25,02d7c5e2-e436-461b-95e5-853765be5a86,2
5b5661ad-d199-4e30-bd5e-fb25b548757f,2022/23,46b262ba-a864-4a5c-983b-8287c9e1b2c6,3
4e04a6a5-ea98-4800-9464-514c5686caa8,2022/23,0a08f076-b5ad-40a4-ac56-0dd943858329,3
41ad5125-3561-4b83-bd6b-aadfa51197ff,2024/25,781087f1-32b6-4c7e-ae69-ee5ef75ad7d2,3
122b5595-e5d0-4437-8d40-cc9fd4d99143,2019/20,64c1604f-20e8-4f70-aca6-234467915cdb,2
51800038-a6c8-4c4e-82a9-1d4fe46a6d8c,2017/18,96e5f281-158d-4a4d-8dee-93ed027fa325,3
2024b717-23f6-4e53-a154-3a455bdbe64f,2022/23,cab4e50f-8585-44b5-b295-fad3bc50c15b,2
8da7d4ef-3f83-4f30-8357-2af6870f49f6,2019/20,57d51316-9d56-4d98-9df7-f5fc936704bb,1
bec5914a-b8b2-460b-891d-5cf559bd0612,2024/25,b917d372-2d17-444e-8384-8d2a9e5f8453,4
50138e60-d3ea-4d58-9275-4c3819305237,2024/25,1ea6d7fc-080b-4ca4-af8d-d56469226c16,2
2c6fcc8b-ca22-430e-a34f-a9ef8cbcc66c,2023/24,3b730726-1e3e-4d2a-9bc3-61177fb5d031,2
b52d2574-a285-4ad0-9b58-9890d28c7150,2024/25,09ac0f9f-da53-4612-b17d-c91969bc0623,1
48efa223-baa1-4573-8035-55b0371e1d50,2020/21,0770e266-9633-4bd7-9e25-b218ce04a2f4,1
c8ebc62a-0118-41c4-ae4b-308e62b78e01,2020/21,f82e53d7-605b-4a3d-8ce6-b28823b60aa1,1
3d2a183d-1d0b-4ca6-bdb9-634188c0c387,2019/20,f5064d39-0ef6-4eea-8795-9bfa7bcda88d,3
9d38f83d-91e0-4ea5-8c3a-cd2ab535d4b5,2018/19,bba082dc-e723-455d-ac6d-0d5b4006d6a5,2
a50c97c8-3c82-4021-ba58-6e2a6cbdfcb3,2023/24,d86e3efa-0331-4d5e-94c6-ec063d3fa29e,2
fcc85f1e-e25b-4110-8c48-eaa61d5e5797,2017/18,9264f988-edf6-4115-80fe-5ab6cd0a9b04,3
eaaf38f8-302f-4af6-8e4b-e0841bf8012e,2024/25,5cbd1533-696d-45a7-81e3-3b1ac63b3b48,2
feee132d-7e48-485d-ab7e-7dbee187fe50,2024/25,167d8179-f5d1-401e-b5c3-0db84283bb81,3
badc6045-8968-4b3b-9efe-80ef9c90d2df,2024/25,528f0d18-f132-45d6-a245-4dc41004aa90,3
a28f040c-f9be-44f1-af9b-3ffbace66466,2021/22,8b74ab57-db22-45f4-80ce-8e5d59b3ce3b,3
3044332c-7fec-405f-89a9-c3f979de5e0f,2018/19,3f381c8a-eeae-4940-9b06-ea05f752e310,3
8d89944e-5a86-4c15-a4d7-b6c731d7bc64,2024/25,a3839c5a-f87e-48df-9a8d-dc0bc957b87b,4
1e8e04d0-d4fc-49a7-bee2-07d76a54b5c9,2024/25,19503768-2c69-4c5d-b12f-316a33e22977,3
9b3aa458-5a75-44a1-b083-4f80d19a4ba5,2024/25,f40ca710-a641-4a8e-b003-eb74fd196192,3
ddc22376-fff3-4ea6-ba69-777e137a5c95,2019/20,217fc6f8-7182-4de9-b44a-3c51d0147fb9,3
f9f4b956-a258-412d-82ca-d1b170745f4e,2023/24,47e50346-47f4-4225-b164-b93dba66e562,3
e1b55fd0-e5c5-4aa8-95e2-54e34f3cc42a,2024/25,71e04b79-f1a7-4123-8130-bae9732ba772,2
fc23a647-f58c-4fa3-b7dc-9fbca372f28c,2023/24,e82f741c-7aaf-4807-bbfc-ce5f4a0d98b9,3
a1450396-03cc-469e-9b4f-494db32749ab,2017/18,2d73beaa-be2a-484c-9dff-1bf7927941e2,2
bd58c85c-da4b-4f97-ab0a-0220a29d4e34,2022/23,efcb34ce-b8ec-4f6e-8f4d-3f43931a54f6,2
7ee76311-1f80-4004-a423-002f59a71199,2018/19,18518340-c700-4515-a0b4-90b371a9686e,3
f33b405e-d034-4f9c-a027-d522625cd0ae,2017/18,32a1a749-cbe9-42ad-9092-e85ebfa2d361,3
6a3173da-7a35-49e8-b292-4fc8295310aa,2024/25,0c132447-b77a-4ef3-8b76-773466c30a9f,4
16c48ca8-0edc-4d0b-9349-d7eacd9d6526,2016/17,320fe051-d0b5-4c7d-984b-d719a2196470,2
3442c530-97bf-4774-8394-4ac7616cca46,2024/25,ad3900af-fef7-4545-99c0-dc7158e97e3a,4
2075f986-73ea-4bf8-b340-5035efa939b2,2020/21,1e46a4d9-cd92-4103-ae5d-7b19e745dcd1,2
763ebe75-0b5e-43b1-a878-bbcadb4ddc43,2024/25,fc704d7e-8009-40bc-abf4-077d5caf1a2a,3
b643c8eb-3913-4aa1-ac92-22be5439c887,2024/25,4b659083-76f4-4acf-94f2-c067fbae05f5,3
5e517a63-90b2-4349-a5c2-a25658cd4ee0,2024/25,33567cf6-0cb2-4e77-96d5-18102807b133,2
a63d0234-a950-424b-a1b8-025a18fb98bd,2022/23,3359e9ae-5151-45b4-8e0c-77a2b0623e8d,1
de9cda5c-5ca3-4611-9d11-19d4794d290b,2018/19,755babc2-28eb-47e7-bda6-3c28588e49bf,3
548af0cd-bc55-4040-bf1f-59869b4fca0b,2024/25,39cfc7e8-d097-4574-8da1-b39c898aaecc,2
fba84ac3-6862-4556-b716-83cb8453a5b2,2020/21,5640420e-6a7a-4897-b6cf-1906ca0ce6a5,3
4423739f-8d3a-4bc3-b73d-a91881e31c4f,2020/21,d55f4f7d-068b-4c69-9cf2-de621d1d85ea,3
d81d508e-8bd6-43cb-92bc-3f084d4eba85,2021/22,b7d5d127-bdfb-497e-9767-9dee5b80a9eb,1
cd8789ed-256d-4c81-8590-21192aae4848,2019/20,8c59aeca-3be0-48e3-87f3-abc04294867e,2
b89d4f8c-f8b4-4da6-bbdf-505184cf9ae0,2022/23,02539faa-015d-44f3-9210-cfd5e296a32d,2
08ff3639-4677-44dc-a8e7-c8a937318ae9,2022/23,7ef17fb1-41aa-4135-840c-78dab8eb0374,3
99fca19d-577e-4eba-a5e4-151040e95031,2022/23,1f21671d-d143-49c8-938f-b90e1b57a10e,4
972b4529-d583-4112-b831-dc46c5e73b9f,2018/19,dd74e658-57fa-4e99-ac94-889f064764fa,2
49eff4e1-4b98-4005-859a-a4707c7c4226,2024/25,993cd86c-f958-4193-bb2c-abdb4fab746c,2
fb270e79-22dc-4837-9562-8e01a410e8fe,2024/25,159841f0-d0bc-4c77-89c1-ff5886c01ec1,1
2b8a02ca-67dd-4c67-a6ce-af0c164c9b64,2024/25,1bcdf584-5210-45d0-bc11-2f10c7c5f15c,3
27198bd3-90c4-4e53-8bb9-0b21e4ab0720,2024/25,6b8b5582-2403-43d5-86dd-99a590777b9d,3
029366a1-8254-4ac0-92c3-73cf65d0434b,2024/25,e14a60b0-c5c3-482d-9b61-01d92aeaaef5,1
8859ec14-b0e4-4da3-b7f5-bd442c79e846,2022/23,66e81d3a-1171-4863-85cf-631953b28472,3
388a9dab-8325-4e46-94ff-b7b9ea3182ca,2024/25,908014a9-09ff-487d-947e-94b822111b08,1
1b6680ae-15d9-4664-813d-a509bac90b11,2019/20,eaf2f6bc-da6a-44df-96c7-714275cd1719,3
0168f938-f16a-4550-8f8d-2a665ac59fed,2023/24,755babc2-28eb-47e7-bda6-3c28588e49bf,3
11428fe5-07a2-433a-b2b2-974c8a353556,2022/23,8c59aeca-3be0-48e3-87f3-abc04294867e,2
115340ee-bf0a-4e45-b077-7f5bdcb69fb3,2021/22,d7143196-0a70-47fd-8ce7-f372f88a1381,3
44f2042e-3a03-4ae4-8967-12c1b69b78c0,2024/25,733a61fc-ca5f-4d2c-9a91-a2a5cbd3cd4e,3
b057162f-d39a-4a2f-835a-4ecb801353dc,2021/22,5640420e-6a7a-4897-b6cf-1906ca0ce6a5,3
939af286-7786-4ffd-ac8e-38cfe6fd1269,2019/20,3f381c8a-eeae-4940-9b06-ea05f752e310,3
73d45a14-69c6-4774-9798-9dc4102dcda0,2023/24,4dba7c71-3721-48b7-8d06-f7a97d1e654c,3
cafead82-d2e7-4077-8af3-b38ff92933d6,2018/19,3359e9ae-5151-45b4-8e0c-77a2b0623e8d,1
feb21049-1926-4961-9000-e761d7723272,2022/23,a8573c60-489b-47da-b482-21fcbb55d536,3
81f34648-a596-4867-9787-2daf1757499e,2019/20,f51c9384-294d-43c3-9361-38f350856675,3
3ca64601-488c-4cc3-a7b6-7884049e91d0,2018/19,285a763c-d124-443b-acd8-10f0b8778b8f,2
709d594d-7186-4844-9c99-0ea83b277be6,2023/24,cb658622-94a6-4c72-8fc3-ee760080b729,3
f9a91231-81bf-46de-8534-a2dbcb769f2e,2024/25,b6a0306c-bb5a-42f2-a3d9-399c51caa345,4
7aff7c89-7a2c-45b7-861f-0fe42b930c84,2024/25,27a8f115-c09a-43a6-bcfd-956843ba2268,2
5bc04a20-c06c-45a9-8160-3ecc46374c26,2023/24,3706fb38-9c0f-4fa6-a4d3-69171dad0499,3
9b324bc0-170a-4cd8-b4d6-3c29da2a7537,2024/25,28f0d67c-3eee-4d55-b744-c63484af671b,2
ecd8f9e8-93d2-4fb5-a5dc-642cb49764f0,2022/23,44dc201e-dc85-4982-a627-e938ddc48bc0,2
b4442aec-e36c-4386-a317-149a80da1ab3,2016/17,b90def95-9562-42fd-b58c-8fac67adb479,3
16306406-0946-4d31-9099-01e39740442c,2024/25,cab4e50f-8585-44b5-b295-fad3bc50c15b,2
afb8a3d1-b4dd-4007-895e-862185512bfc,2023/24,96e5f281-158d-4a4d-8dee-93ed027fa325,2
ed6df857-ce26-483b-aafc-a190f60740fa,2022/23,a4354aa0-6616-4c4e-9a28-b91936dd3ffa,4
4ca30a76-709a-4aff-9ca4-70d7def7d1b4,2024/25,67217edb-a846-4ac9-878e-2ddcc1dadfcf,4
1626f0f0-208c-4f30-8e10-e033e8c3cf5f,2021/22,8f5b6126-8cee-4eda-9580-a85fb023a7b4,3
8b269a63-d7aa-44ae-9fdd-f3878c6eda46,2016/17,d7143196-0a70-47fd-8ce7-f372f88a1381,3
4111284c-56a4-448c-bcca-3790808b1e06,2020/21,4817d2cb-729d-4ed5-80b3-8ba056309bf8,3
a8055e7b-15fd-491f-85c4-6fc3557b42da,2024/25,272bfaa8-fc18-42f2-8300-f77ca505a345,3
6c0814f6-45dc-4947-961a-2e10549300a6,2024/25,526f0798-fb48-4d7e-a0b0-e557a549553a,3
165ff565-a19f-4f66-9073-81ad831a8b00,2022/23,7fc92228-dc92-40c8-8907-f3400530fe23,2
38652fcf-6ac0-4ddf-af1d-43e0955968d1,2020/21,2d73beaa-be2a-484c-9dff-1bf7927941e2,2
ef92d917-833a-4f11-9983-cd5458c97e5b,2017/18,26eaee45-f326-409e-8d39-72d972f14e96,2
75bc19c7-6f8f-426b-b806-364d3b847e49,2024/25,0c265a4a-81e6-46d2-b15f-1160dc3515ea,2
b53bce67-f6a2-4470-b848-84190ce2c1cf,2017/18,0a8ab14f-a374-4492-9acc-0a1cf2fbb119,3
bcb5a408-8103-4670-942a-7d645a7891d2,2020/21,2f0ea22d-f760-4599-a623-60f4e3be22f1,3
dc8d47e3-351d-4fdf-a1dd-e2c32f48edff,2020/21,02d7c5e2-e436-461b-95e5-853765be5a86,2
9d531332-1084-420f-a5ee-3e255ce80799,2023/24,90e55f29-eaf3-45ba-b6d3-9f50aa3d550f,3
8546f3d4-4416-49d5-8901-5bf42fdedc5a,2023/24,8e9b9927-a7a9-4302-8cd0-774e1e696c78,3
05e36ec6-b2e4-470c-9915-6c03ae17ff6b,2024/25,8702ee2f-195f-4cb2-b2af-95159eaa74d8,2
c30a7cd2-33f7-4da8-936a-eacaf0965475,2019/20,2314bccb-dc23-4fe5-815c-e30d5e6f69cf,2
a9296a54-7d99-496c-8586-420a63d163f4,2019/20,1e46a4d9-cd92-4103-ae5d-7b19e745dcd1,2
4a3a5e55-4fec-4ae7-b929-7ebe0a1284d7,2023/24,4ebbd927-7869-42c7-a226-2ad79d9f6b61,3
66094f52-d0d6-430a-a144-d141bf93faae,2024/25,c49b3106-4c26-46c9-bbb8-4e132b81910a,2
96d38bad-5d4b-4499-8fcf-dd96e745ef42,2021/22,fb90f28e-7da5-4951-9e8a-b8a35718154c,2
77fc76de-4fb6-4002-8720-1744ee2a387b,2019/20,3c643231-db3b-46f4-80f0-a33979f63288,3
ee8f0b1b-5e72-411f-aad3-f3197928dc5e,2022/23,b36cebaf-b61e-47db-baba-dee6e39cfa5b,3
c926f9f4-34b2-47f0-98e6-26d21911f632,2024/25,c7a4d6d5-531f-45e5-902b-a002babbdb49,3
c6fdeeca-5cb2-454b-a1b5-434a9fa6b0bc,2021/22,02539faa-015d-44f3-9210-cfd5e296a32d,2
2ad9d42c-525b-466a-9a38-ff310f86ffaf,2016/17,c283ee88-d305-40e4-8002-0308c558c5ae,3
ee9c72d6-9d5b-48f0-b0b8-3d6b635c8ff9,2022/23,7c870cd7-9d1e-4b81-bd53-117b5ce27c54,3
94446a55-225a-4d58-b4e2-bd02d4d568cc,2016/17,bfd0282a-2b61-49c9-98e7-a2f22f330e82,2
9685e53e-5eb6-4874-8f64-6de377f9963d,2022/23,b4488bc0-e064-48b7-b498-c58aa2b1836f,2
785b5b04-7a4a-4f49-85f3-f05b766d518e,2022/23,25e1b024-b4c4-4732-9894-b39b4415754e,4
f479e185-a84a-4a0e-af33-087d7e4d5b9a,2019/20,8f24ce04-4a4b-4faa-a0c3-0ecb9e6a6d2c,2
452a1d3d-6e92-44e2-830d-1f2a1966e765,2024/25,fd6c27e7-f130-4343-aa06-b74e8ef628fd,2
035911b9-e29d-4059-a158-859df729d335,2019/20,2d7896e5-bdbb-4eed-90a1-e8f82a308761,3
ede95f22-9bb4-4956-a222-23ce3ab21966,2022/23,604bd9bd-bb7e-429a-916b-a63b3f098292,1
18c69b90-02c7-4c36-ad3b-e7710356f435,2024/25,e7d847a5-66c9-4796-bcb7-b4211b33bb04,3
3624f2ff-2f86-4dd0-8508-7f6ad8877fe6,2021/22,0552be44-9d74-4958-b8ba-3b4d84ed57b9,4
2892809c-3f0f-42b4-9190-56934e90677a,2022/23,9f3cd734-cb60-4861-bcef-5f31aa336b54,4
7213e776-aef5-4e12-81e2-70a543cf6a39,2024/25,835f7409-1fdc-4b05-892f-9c4d3489f140,2
d3b5b92c-e89e-4dfe-aeb9-5fa032bb6b3d,2023/24,dc4a57f5-c41d-4b7c-9911-f8c0143162c6,1
8bd81845-7189-4733-92ab-baa007206975,2024/25,9dd5d807-1dfd-466a-8479-8ed7e06b22fb,3
3de94b35-a19c-4871-82e7-d2160d419b32,2017/18,bb980a5b-6f4c-4bb4-8f85-9c682f3370c6,3
9c34ccec-1490-4959-9089-25a2ddb8db3f,2024/25,00304b5c-9f80-4755-9db6-70fcfb471122,2
a1fc8649-299e-4e26-aed4-375032799a58,2017/18,980c4351-c970-4fb0-afee-8820f742de9e,3
8c924f81-26e4-4934-832d-956a0a85200d,2024/25,c3d3ae83-1510-42da-9233-2f411397d2cf,1
6200fd26-5cd6-4c50-9415-df3113ad5310,2024/25,77aa20fe-a919-4504-8264-4367ff1e263b,1
3d03ae7b-71e6-4780-a9b2-4ec3255dcf0c,2024/25,2a0ea7f1-7a66-4719-a5d0-82f4f9717c9c,5
d1d0141b-70fa-40ce-a78e-222b9e432910,2024/25,92dd0330-0acf-4b03-81ca-e5bbbef686eb,4
e93c409c-e474-4c7d-8de0-9bf04308e295,2024/25,8e1ff5ee-c560-481e-9d65-b7c5dfce6918,2
3036d9ff-b752-4fe2-9c89-8856e21103c3,2020/21,f51c9384-294d-43c3-9361-38f350856675,3
a5e0aff7-17e4-4c22-b8fe-0658faa22296,2024/25,5d59ecd1-993f-4b38-ab93-5b067bf6f02d,1
355ba581-8093-4bbb-b535-2b224dc61de5,2020/21,45f8df16-463f-4069-948a-36689e9398fe,2
763581a9-2e70-42f6-961e-903158439bbb,2019/20,c20d9923-e246-4057-a326-8691402cb3bd,3
3edd1ec3-d496-486f-904c-65d2861baad1,2024/25,4e8fb766-f0fb-40ad-8685-3a97fd449a8c,2
d2267309-f2cc-42ae-83f1-86456fa9ae00,2023/24,6532b4fe-afc3-4fea-a648-f7a83cb442db,3
6188bf38-68be-4546-a81f-5fd60b58fab7,2024/25,733bd107-f236-4471-9655-f01379c1bcc5,3
ac38be6c-f5e1-4801-8531-142d1b036373,2023/24,58ecb62d-6842-4969-9c96-1eb5f5a3844e,1
6e539b49-d4c1-414c-aeba-986def85f2d2,2024/25,7045407f-356d-48d2-8736-5b310f8e703d,3
0d10896d-743a-4c1e-aa1e-2bd45314b061,2022/23,0847dcd8-082d-4991-8913-1e3bc242dcc3,2
05c4417f-a677-4164-8642-76defe3b118d,2024/25,6ba5d818-aa90-44b9-8344-e76b02f48372,3
bb9c08e1-958a-488a-8089-444c9a3f1dc0,2024/25,1bfa136f-5bd8-40de-940d-aa8ab06b8e03,2
af36c24a-ee82-4ad4-850d-d807469afd77,2022/23,7cdd3161-7671-44b1-ba34-2c6aab483072,2
0562ed4c-7c6f-4484-9541-96bf58db2c5e,2020/21,8a5a085d-5110-4f8e-87d3-1fdb384d8533,3
3e1f2771-6953-4b7d-bc77-265f7aa818b6,2024/25,280eaf50-a1c8-436d-bda2-2eebff373391,3
f6f58f13-ec8c-45b8-8bd8-cabf4e828373,2024/25,39590410-de16-4719-b2db-e4bd707cfaa1,3
c7ee873c-b17f-4091-a3dc-9b673280d935,2022/23,0f18b700-59c1-408d-bebb-69524169d4a4,1
aec2bd0f-5ee7-4737-96b5-6fe96c544ee8,2023/24,bb980a5b-6f4c-4bb4-8f85-9c682f3370c6,2
b822cb7c-c218-4a14-bab6-9c7bcb8ffa2a,2024/25,25e1b024-b4c4-4732-9894-b39b4415754e,4
60d11978-93a5-4a0d-a289-3d854f37094b,2024/25,9b78a208-c2e8-4f6d-908c-f001fec8c607,2
f5947f2a-d73b-4132-9213-a138c6491360,2023/24,ac9f956e-8a1e-44c5-bada-92041eda09ef,3
91f34f5d-4268-4923-ae72-33fc9c48006a,2022/23,77cea9fb-b868-43b2-9beb-87e8d91dd610,3
d7203619-d6ce-44ff-add9-bb83f44a89b4,2024/25,954cea21-640d-4ae9-80ba-685f406277dc,2
bff63a30-4674-4221-b387-62e88c663726,2024/25,65ea922b-e24a-4073-a83f-989d52da023d,1
f045e507-38a6-4f95-b710-6cd76eb14b1a,2022/23,0be15e13-8da5-483c-a42e-ff087947359d,3
0bc7c5b7-3113-4712-968a-4a37ddc9c7bd,2024/25,6530cfe0-7569-4842-bbcf-bb9dfee916c9,3
06a3cb28-fe07-4dd4-996d-1d4fa8eecca9,2021/22,c223afda-87c1-48ff-af73-e6826c02b2c2,2
141bf07c-ca3d-4af9-a682-eb224258d29c,2023/24,53f6428c-e03e-4b83-9596-03cfaf24f761,1
1db76284-3a91-4b15-8b89-c1012c232be3,2021/22,86e096b9-965f-4b13-bc0b-7dc91707f0d4,3
7a90257f-c8d4-442a-a053-16a24f29b125,2017/18,320fe051-d0b5-4c7d-984b-d719a2196470,2
2d280e3f-d5c2-407f-8795-b731b81086ea,2017/18,499022db-4b66-47a6-9be9-f8ba92e29786,2
47edf38b-1c97-4096-a82a-38131a630e34,2021/22,8a0b53aa-a122-4ea8-8a32-fb80f11f2cdc,2
14f895fd-10bf-42b7-be8a-7c9ae245464f,2024/25,ddbb6b67-0242-47e5-9af0-072b452429d2,3
d9953ec9-c54e-427b-b617-f3c23d0d9dc4,2024/25,e4fbf4d6-591b-41f2-8ad4-11bced1b83dc,2
44c9c744-d37a-4742-96b3-5a538110a96e,2023/24,2d73beaa-be2a-484c-9dff-1bf7927941e2,2
beb6aac1-2e66-4ddf-a902-b6ae9d043ba1,2022/23,e7dee554-60cc-4615-8474-50c260ae95ef,2
b7088584-5b93-4b39-ad6b-2b42b2ae58bf,2024/25,4991dc0c-e021-4050-a305-fda2b44a000e,3
0d529d9c-bb05-427f-93d0-c5ead286d33b,2024/25,bc7b3008-ecdf-482b-a820-20ef64676b4e,3
58e05ce3-542c-4a72-8348-8b5f795f4857,2024/25,e3a78660-310f-4ed3-b4b7-77beca004592,3
f9227e27-a31a-4634-b07f-16c60a727b5b,2023/24,396e1c5f-a102-4af3-a5b7-2d8ca2b3ef6f,3
af831ad6-178b-45f4-aa0c-8d677465a3aa,2024/25,44dc201e-dc85-4982-a627-e938ddc48bc0,2
861a54f7-f664-4bf8-83d4-c05431d2ac0d,2020/21,119bb379-3aef-4f9e-8978-3e27561773b8,2
5b08b882-2f51-45a1-b67a-38ffe2d05830,2019/20,f82e53d7-605b-4a3d-8ce6-b28823b60aa1,1
a670f63f-0424-42ce-a8b5-b2451d06ded6,2024/25,7c870cd7-9d1e-4b81-bd53-117b5ce27c54,3
be2a921e-7488-431a-bc99-be18c9518f57,2023/24,8f5b6126-8cee-4eda-9580-a85fb023a7b4,3
55938df7-c6b7-4cf6-a934-5c81ec33fdb3,2024/25,253cb250-29d3-4112-a2f7-3877d5e01783,2
27cede59-9638-41a0-bba1-b9827f20fdbc,2019/20,285a763c-d124-443b-acd8-10f0b8778b8f,2
7a6a08b8-fb4d-4809-bbc5-f853c9ede65f,2023/24,3114f8f0-79c0-4955-ae6a-3dc31bfd90e1,3
2e8082e7-cacc-4f45-82c1-fa645d329e52,2020/21,152452e6-1e36-4c7b-b9aa-15d38bd2fcbb,3
17ccb863-45e9-487f-a248-89ac770cff7c,2024/25,da1637e8-b587-4c57-97e9-29a83d53e283,2
1e5b8a56-c046-4aff-b03e-82d504d40ff4,2024/25,604bd9bd-bb7e-429a-916b-a63b3f098292,1
6c48bc73-0250-43f5-b119-becc39dcce30,2023/24,ae038a6e-37a4-4610-ba9e-4cb35f66b3bd,2
b65cca0c-c66d-4a53-9607-8abd107a163b,2020/21,398e6afe-d051-47bb-936c-de955dad0612,3
1ac496d1-8533-4457-bbdf-230a32cfc423,2024/25,dac09667-7631-4ead-95e7-53d1a814d4f1,2
74008947-8a8a-436c-bf2a-6b12ec9a5657,2024/25,a8573c60-489b-47da-b482-21fcbb55d536,3
ee8117c9-66b1-4ed2-bd05-6057da1251ec,2017/18,7958aac6-8834-478e-8351-fcad78301d6d,3
1058e22d-f0c1-47f7-bd29-15c54232e6e7,2024/25,2f0ea22d-f760-4599-a623-60f4e3be22f1,3
17c015be-970e-4dff-acde-36bc0a8e9823,2024/25,dcc5dc32-0384-486d-9ff6-27a17f5aa700,2
ad0cfbbe-0584-4bbb-8c5f-535f399abd7e,2018/19,a5e18fe7-45fc-4d0a-a4f8-ae032850f68a,2
6def44f0-54d3-4b06-ae89-b1f8f08ef651,2021/22,8f24ce04-4a4b-4faa-a0c3-0ecb9e6a6d2c,2
a0ec422e-842f-4a3e-b351-d08c45bf1e3e,2024/25,d2f7294c-7df5-479c-9c9b-f550be9dda26,3
7e526559-8f22-4c91-8437-bc6465dc95d7,2022/23,90385cd1-1b4d-4eb7-8f0e-4ec42ec27b40,4
f171cedb-5969-442c-8630-33da82762886,2024/25,e1a5293d-11cb-4154-a20c-75d19e4a3ffb,3
23fc0199-7403-4944-9239-ab1c1798830c,2016/17,3c391ec3-cacd-400c-9e80-0d013716e132,1
97cb19ba-aaff-44aa-a070-a22695d44688,2024/25,5d6d7fa0-1871-40aa-95df-b817b19c645a,2
dff8a5d2-7087-43f8-89cc-5960a17f50e7,2019/20,35be4ca9-a98f-41cc-94e9-0c54c64ef3db,2
c7470e7a-4721-43a6-b478-7dc170a29c0d,2022/23,2a008f35-80d2-45a1-b2c1-2431dec0d8cc,3
1a2a25e6-c8e8-4976-b9c4-a774b1e8c091,2019/20,bb980a5b-6f4c-4bb4-8f85-9c682f3370c6,2
77bc54a9-7831-498b-84ee-6b452356c1d0,2023/24,520b1085-6580-44d1-b65c-7132e209cb65,4
cba889c0-ac3e-46fe-a66a-8a9c65585f56,2020/21,449e9cef-9d16-4746-b7ed-c80f87304b3e,2
e98506d0-8a33-408a-8b3c-4edbdc043d1f,2021/22,3c391ec3-cacd-400c-9e80-0d013716e132,1
7080f696-d00d-4ce7-b38a-de72b4f29665,2022/23,b7d5d127-bdfb-497e-9767-9dee5b80a9eb,1
1134f0d4-5287-4c73-8b15-12de54f6d0e1,2022/23,980c4351-c970-4fb0-afee-8820f742de9e,3
0f6b8c7b-a4b4-4ac7-bc98-88f31d6c82d6,2020/21,980c4351-c970-4fb0-afee-8820f742de9e,3
51f28e8d-fac2-4729-917e-6e8d3f028744,2022/23,bf750c15-c9ca-42de-92cd-60fd2e5f995f,3
f55e4d0a-f7ae-409e-965e-00aa05b3586d,2023/24,8e1ff5ee-c560-481e-9d65-b7c5dfce6918,2
8bb791fb-3a99-4b42-9e9a-42723d1adca0,2018/19,316ae259-265d-480f-93fa-4ce0f626e8b7,4
534987b0-5274-4d76-bef4-8c572b232ccb,2024/25,112a0eb3-0a5b-496b-b396-801917ec861a,3
e413fa65-9139-41c8-9270-ae2cd5dfa785,2020/21,3858ec1b-1c61-4728-bcf3-15d955a16881,3
a36e991f-4a86-47ea-b2ed-54fc83986d4f,2021/22,227b061b-86ff-48a9-ac03-db0cfec93961,3
ea813ad8-7251-462b-ac77-b1e5948d678c,2023/24,06bb6c3b-9a4c-4452-b53a-aff70107d7af,3
ad22d1a0-4202-47ca-848c-e5369c636b5c,2022/23,e8a9a06b-9a2b-4bed-bbd1-d6dabfe8384a,3
a4ea2557-aeee-45ae-83ef-9cc1706c4ed7,2022/23,e14a60b0-c5c3-482d-9b61-01d92aeaaef5,1
23d09ab9-8985-405d-a79b-ee0430d7b040,2022/23,6d5abde7-1f76-477a-acc0-ca49a9fd4ab3,2
3e969b42-9f1f-4f84-9ffa-245478efa8d7,2016/17,26eaee45-f326-409e-8d39-72d972f14e96,2
583a1110-e826-4c06-9679-a06d14f0e4e3,2021/22,602a32fc-f64c-41ec-93c9-32fc9192864c,2
f7c5b511-6dd9-4a0c-afc4-112a875223a9,2023/24,cfa0cd66-03e4-4dac-b6ab-aaf0a86fddf8,3
53b767cf-cabb-40e9-a205-4692cd060249,2022/23,6d3fb615-c3e0-4895-b384-57dcb3dc557e,4
cf6ec53c-b913-4d58-b646-6f5e4bfd8ffb,2023/24,3155f865-690c-4281-b00c-fce26e784489,3
5ca82de7-13b4-430d-a929-5155625d2ffb,2024/25,517c88fc-d2e4-48f9-a244-13a2f0813e40,2
54110496-6a99-42cd-afc1-429fe9e276ba,2023/24,8a0b53aa-a122-4ea8-8a32-fb80f11f2cdc,2
452ac077-f42b-4767-8aa6-2c57071c3441,2022/23,7ba0ee40-1601-49e4-8f1b-b9ae33eb4456,2
87dbf17a-78c6-406e-b7c5-ecd225736410,2016/17,fe136669-0afc-44f9-9800-1193f7670ceb,3
46c3962b-b40b-4ad4-bada-ca81324a3349,2024/25,be00977b-d686-4932-8288-db6993f55a4b,3
c0ac11b1-5b79-48d0-b866-c736679f0308,2021/22,285a763c-d124-443b-acd8-10f0b8778b8f,2
4601abc5-3eb2-4bfc-b5af-daeacac06863,2020/21,caaa5e05-744a-4b07-84ec-85c9f12315a7,3
1ca4c97d-3402-4112-ae7f-9cad759b1360,2017/18,7d0ce2be-20f7-4099-add3-2623af5b22d6,3
dc7c46cf-f7ac-4bfa-b342-ed91e4ccb445,2024/25,85560e36-f11f-4635-b01b-aa5dbbf39dfe,3
59bc6306-9013-4858-ba85-0c2124ceb827,2022/23,58ecb62d-6842-4969-9c96-1eb5f5a3844e,1
be766e55-1950-4637-b8fd-9f129baf8c6f,2022/23,152452e6-1e36-4c7b-b9aa-15d38bd2fcbb,3
0114af49-cc45-412c-8461-9fa89a18f719,2022/23,b2956a8b-fe92-47c6-b79b-de88325f518c,2
a3256227-b348-4656-8cd2-203f0c863b96,2022/23,7aaf79cc-c65b-4e01-bd0d-fc5bd58bece6,3
2ca35133-cc96-4cef-81c3-f7b8707841e3,2020/21,e82f741c-7aaf-4807-bbfc-ce5f4a0d98b9,3
832e8fcb-8eee-4bdc-8c31-ab155c0a9369,2024/25,3858ec1b-1c61-4728-bcf3-15d955a16881,3
d4a876e5-e140-461c-a986-653cc291699f,2019/20,3858ec1b-1c61-4728-bcf3-15d955a16881,3
4338876b-44e3-497f-8b96-d1b81e71316a,2021/22,634e753c-4227-4caf-b615-3f2d349785f9,2
70a4e4e9-96c9-4d5b-a5b4-d2269fce3376,2022/23,babad0a4-ef7c-4e3c-804d-048bdc6c91d4,4
8729662b-64ec-4136-b5a2-718d5e2c6a7a,2022/23,0479f281-b698-4aba-ac40-86fedaa3eddf,3
58cb95d4-27bd-4358-bc54-a0aee4f64576,2023/24,5eee3996-1d93-4d7b-9e06-d7dcb289c696,3
2b819eb2-09c7-4db0-ac80-8839610b86f8,2018/19,64c1604f-20e8-4f70-aca6-234467915cdb,2
633bf91d-a044-47ca-90e4-14413ed80f20,2024/25,68aba9cf-c462-4266-9cc4-2f370d142616,5
6f24bd85-ef45-4842-b63a-92189d469924,2018/19,c0b876d5-f9e9-4ea8-af27-9cb7687b1f92,3
c88fc511-cb59-4a45-b119-567e5ffb84ba,2024/25,d3c92dd6-bb68-43a1-99a8-aef14c6d9325,2
acabb854-c512-4a66-83fe-4c193e203d57,2024/25,8eb9c6d1-4a31-480a-84f6-823341806aef,3
9155ca49-a670-46dd-b967-494ec7c78185,2024/25,320fe051-d0b5-4c7d-984b-d719a2196470,2
5b92fca8-a0de-477d-a4db-dcb390b0d715,2017/18,e1303f74-c48f-4c2c-a6f4-d83d0b329911,3
b8bad355-3ef2-4935-959c-c863a8bc3688,2024/25,217fc6f8-7182-4de9-b44a-3c51d0147fb9,3
d3a93052-cd20-43a4-8cba-04e823d21aad,2022/23,df63b4cc-23db-4b0e-b111-c978b6d7a21f,3
65d9c0fe-a034-451d-8d78-c5ae73ffd423,2022/23,fef21c3b-20a9-4632-a6e3-8db0948f2205,3
6e9a6506-b0f5-419b-908c-a5bc0dbf6ba2,2020/21,755babc2-28eb-47e7-bda6-3c28588e49bf,3
906e1246-06a8-45b3-98c3-fe73fa2ffb7c,2023/24,bf428111-cd34-4d6e-afd6-31e7a312dc1d,2
41754f62-29c5-482f-9cda-2e8d9a55d305,2024/25,ad4e763c-77a9-498e-bfdf-c206f8108f4c,3
71f3ba84-7d41-4cdb-8e5d-139ef3350378,2018/19,3b730726-1e3e-4d2a-9bc3-61177fb5d031,2
0ad56da9-9049-4e02-a912-f1d6d7aafc30,2024/25,96e5f281-158d-4a4d-8dee-93ed027fa325,2
65020e40-7761-4429-90bb-c0b1f1c82c96,2024/25,76b77469-699e-4ad8-a35a-05ac25881187,2
18d4d4ea-2d7d-4e5a-9121-a1a3ce291f24,2019/20,caaa5e05-744a-4b07-84ec-85c9f12315a7,3
a11cff21-8267-416c-9802-6e224a6fe16f,2024/25,a90e569f-158b-4736-a036-aad3596ed5ec,2
11087727-fd1c-4ff5-a6bd-964fecbc7984,2024/25,0a8ab14f-a374-4492-9acc-0a1cf2fbb119,3
444fdf08-c7ab-47af-847f-8f01f30fbce8,2023/24,8eb9c6d1-4a31-480a-84f6-823341806aef,3
63baa6c5-c6d9-467e-b8a3-0f546ad4d583,2024/25,ac9f956e-8a1e-44c5-bada-92041eda09ef,3
7139e5f8-1ad2-4ffc-a590-f469a91dd67f,2024/25,58ecb62d-6842-4969-9c96-1eb5f5a3844e,1
be83e18b-256e-439f-8db1-754bc5eb8daf,2024/25,6c3a5db1-40e5-4713-80e3-ac5a4f93821d,2
d65bfaf2-6ff4-4dce-8e1c-072dda1f0cf5,2023/24,bc7b3008-ecdf-482b-a820-20ef64676b4e,3
23e2f8ac-f1ed-41b0-b172-6d878272b700,2022/23,e1303f74-c48f-4c2c-a6f4-d83d0b329911,2
6533001c-9e06-4ed2-b9ad-3507e5b7a4f1,2022/23,bba082dc-e723-455d-ac6d-0d5b4006d6a5,2
13f5a6d3-05b9-490a-a093-984720a86808,2019/20,272bfaa8-fc18-42f2-8300-f77ca505a345,3
72c7dc2a-513c-4fea-a1a0-889403255198,2024/25,0d1a6874-c8a6-4c75-9e26-6cc146615f85,3
108cd1b0-3e1b-40df-91d0-34157d19884c,2024/25,e9cd5ef7-9417-43f8-885e-7fbb625e5f1a,3
03bb5c10-2228-4c91-9787-7e9eb4d85f32,2023/24,cbbe90dd-5cf3-4eca-a595-c3165a3e994e,2
16f9a2f6-3934-4d13-a18d-c529d484058e,2024/25,df260d38-74bc-4db1-b6a1-981114d38c59,3
2b33a39a-f558-4f6f-a781-811cc543175a,2018/19,8a5a085d-5110-4f8e-87d3-1fdb384d8533,3
2c6d07d5-65ae-4351-8ba4-1b29702203f2,2022/23,c5cedf3c-3401-4c4a-b95a-74dcf8a51156,2
1f479e24-2216-443a-b3c7-ccd7d463b74c,2022/23,b7c44e29-4ef6-47a2-954c-0b60eeb245dd,4
a3ffb09e-a79e-49f8-aca6-18fe2059d419,2024/25,bc02f96a-825e-4289-a282-913dfd9ec102,2
6dd9a3ee-e37f-43c4-b477-4eb462d9652f,2024/25,c7245ea9-802c-4854-a436-6d2f2e2ddf06,4
86276fce-8f01-4c0f-88c5-fa2967447a91,2024/25,12d85374-64db-40ed-b677-c23eae6ec21c,3
3387a14f-29c4-4111-949d-a61c08c11b8a,2020/21,bb980a5b-6f4c-4bb4-8f85-9c682f3370c6,2
5a84e151-f48b-4ac1-8521-082b74b12ed4,2022/23,4c7e5c2a-dc4d-4126-a8d6-7cc8830fff8a,3
e99cdf8c-e9a0-417b-9e5d-c150b82da73b,2017/18,45f8df16-463f-4069-948a-36689e9398fe,2
05051f59-aa98-49fd-af1d-b31e6ee567c0,2021/22,e4e24720-d2ab-4a3b-a489-6cd5d1114cfd,1
5ddbf4eb-1bde-4884-8faf-c8a993ea0a32,2024/25,423ca461-6872-4d4c-a2fa-b78f2c02fe5b,1
0dfb4c9d-9786-4d72-b78d-004e0b98b727,2022/23,5c12b7ca-9d61-46d9-93a7-0aa3abd6eea2,3
307bd7d4-a520-4c07-bcce-81cdea7f2315,2020/21,84fa1217-2dbe-4acc-a446-1f78327fe989,3
5f844aee-4691-4a89-8130-fd00b4d74953,2017/18,06c9080d-7207-41f4-a067-fa9ec2164b86,4
12f76040-baf8-42cf-a490-6af5bca66155,2024/25,b36cebaf-b61e-47db-baba-dee6e39cfa5b,3
3657e2f7-3c96-4068-9c44-1425c0561971,2023/24,c223afda-87c1-48ff-af73-e6826c02b2c2,2
cd2ad693-f086-4dc8-8a9f-f751de84b99a,2018/19,497e140c-b603-4399-abb4-81cfb4a38b39,3
71e59c16-6eac-4b8a-a417-f4c6a85402f1,2023/24,ff3ae152-e9fa-4768-a059-853e3e482bc3,3
284273f3-888d-4cbe-8dfb-3383a70f9154,2017/18,babad0a4-ef7c-4e3c-804d-048bdc6c91d4,4
22a4e503-e9b1-4a20-8640-01a4fa20f1dc,2023/24,f80af03e-0c06-492f-b2f8-3af6e47da055,3
606d5e56-240e-422a-bdbf-75ae1b9166b9,2023/24,95d950e0-c5f8-4046-8a5e-ec4f084f4a8c,3
faa10316-c5c6-4eab-b334-2ad62575c89f,2020/21,2b71ec62-c2bf-4ac3-99ab-166c358d7904,1
b8223d60-a138-49fa-a49c-75007c4a8fce,2019/20,58fbf6e5-9ce2-410c-a1f9-e0d2f4607ad0,3
6652308a-c062-4c24-99fb-57da12237364,2021/22,f82e53d7-605b-4a3d-8ce6-b28823b60aa1,1
e4146c42-ba9d-435e-831e-a14292209434,2023/24,1887fa3c-0dc5-448b-9cf6-a4cac5f6ae96,2
c12b0f3b-3a4f-415c-9c99-05428303f919,2024/25,9d100761-36fa-4c80-91ee-fa247d9a415b,2
bb5569d5-1ad5-41e6-b0f8-16230587834a,2022/23,b05706ef-9a2e-4a33-aad3-c149d2dffee1,4
73366088-79c1-4ccf-86dc-0736b3e5f71f,2024/25,0552be44-9d74-4958-b8ba-3b4d84ed57b9,4
0393981f-fb61-4243-b95a-ed6f96fc64a2,2020/21,3359e9ae-5151-45b4-8e0c-77a2b0623e8d,1
eaa2f59a-1a31-49e0-b9ab-02abdc8f97f0,2020/21,fef21c3b-20a9-4632-a6e3-8db0948f2205,3
70b020be-9023-4ca5-8e07-5666d6cd4495,2019/20,809750fd-2ea8-4b4a-bce5-2e692aa3c335,3
ea1ee321-cab8-4c49-9636-9a5ebab4e731,2021/22,2de4111b-3169-48a3-8e41-c9fc7e174dae,4
92c7711d-fdfe-40d6-b80d-1153b444f7b3,2023/24,86a8b7af-747c-4791-8f50-dc0403622b73,2
80677e96-8b57-4815-bbb0-5bd434c9370b,2023/24,f7aa5c64-8487-4dfa-ab29-01c4d8c10eb6,3
5d30c266-4469-48b3-9321-e863610e48fe,2024/25,a9fbdbd6-784f-4f5f-95a1-f43823a8fbd2,2
606f881e-b073-4dff-bd8d-ab771963d05f,2017/18,77cea9fb-b868-43b2-9beb-87e8d91dd610,2
274a0ea2-314c-4226-a0d5-6b836ef46255,2023/24,ab460977-65fb-434c-8333-a420e23169cc,3
da352e0e-a65d-4ed7-885a-63a4ea0d8f31,2024/25,6fde9f20-8252-414f-a30d-8fc120612036,2
9efb2bb6-3234-4a4d-a53b-ccfb22344c68,2023/24,c5cedf3c-3401-4c4a-b95a-74dcf8a51156,2
d4bb0c00-bc6a-4ad9-8ba0-4e787514083f,2024/25,af5e5726-fb1e-4fdb-8879-a28afd3dde17,1
556a7cbc-ce31-42a7-ab90-3df9ffa7c500,2021/22,499022db-4b66-47a6-9be9-f8ba92e29786,2
3dded51c-ba44-48d6-a2a1-2d3512d18dc3,2023/24,e8a9a06b-9a2b-4bed-bbd1-d6dabfe8384a,3
11c1dc89-a2eb-4e70-9683-06b770041116,2021/22,cd5c57a2-8d24-4b10-9104-d67f8b87f85a,4
1c0eef16-30d5-49fd-8108-f0c702d50a5b,2022/23,dbbbab45-12ce-4799-94fb-9049cf691b9a,4
b9b605c3-7bb7-467b-86df-429e82de961a,2020/21,f9bba49a-202f-4676-8403-89b69aba431e,2
9b80fb4c-762a-4d24-826c-6556045eb9fb,2016/17,1f21671d-d143-49c8-938f-b90e1b57a10e,4
520d8b30-0a4a-4555-8af7-52624d27434f,2024/25,a1b20c33-8ecf-4938-9172-30cedbb9dc97,1
5614ef23-0e14-44f4-a492-615924753e03,2023/24,6d5abde7-1f76-477a-acc0-ca49a9fd4ab3,2
85af5789-672e-4057-a7d1-015e70e160e3,2018/19,9264f988-edf6-4115-80fe-5ab6cd0a9b04,3
9e38ce6c-860e-4017-bde9-86fb8b58ebd6,2023/24,58fbf6e5-9ce2-410c-a1f9-e0d2f4607ad0,3
2d7a56b1-ad4d-44dc-a5a7-c45f3cdf68c3,2022/23,f80af03e-0c06-492f-b2f8-3af6e47da055,3
4e84f7b3-4d39-4c4c-ad30-039beb554ffd,2023/24,35be4ca9-a98f-41cc-94e9-0c54c64ef3db,2
aa224747-47ea-4ab6-824c-6745ad740d58,2024/25,fb90f28e-7da5-4951-9e8a-b8a35718154c,2
3baa854d-beb5-4b74-9116-1b2f58437cbb,2024/25,8da8bba7-8a71-44ec-974f-0ccdec569ba0,1
1e612472-3765-41ad-8b07-47688d7bfa3e,2021/22,3c643231-db3b-46f4-80f0-a33979f63288,3
ee64c8c2-7141-45e1-a9ba-f589eff05f5f,2019/20,cab4e50f-8585-44b5-b295-fad3bc50c15b,2
0c752b9d-ae25-418b-904c-7e2733437771,2019/20,7299a365-c7d3-4fae-983c-d6b980719a1d,3
8e179836-0773-4c78-863e-9fc75af660fa,2021/22,8c8cc68d-e4da-41c6-8716-a17bb3f8529e,1
458a1704-b1ab-4237-b105-a22ebc522c84,2021/22,46b262ba-a864-4a5c-983b-8287c9e1b2c6,3
9a55fae0-6030-4a89-aa9f-3d838fb4ea95,2023/24,7ec8c0ea-b6ee-431a-a977-bbde342865b4,3
a4c6a0e6-5b4c-4f10-bb5d-8236f9dfd273,2024/25,8b635a0b-1d12-4fa1-ac09-216f20e4947c,3
0eceb69e-5ab3-4bb8-9570-34ac1bb70905,2021/22,35be4ca9-a98f-41cc-94e9-0c54c64ef3db,2
e5aa2933-8753-435c-80f5-d5461fd61104,2020/21,fbeda0b1-fba6-4982-bc64-fcb647bdb4aa,4
ef378207-8728-4e48-9747-e41ab5631ba4,2024/25,3df9155a-859c-4558-b3e8-ce776b533e4b,2
ead6ba25-9cee-4430-857f-3ac27923673b,2019/20,1ae7f23c-458b-4bbf-8b00-9eb6a8d3a2b2,3
376051a0-41e0-4057-b6c2-5087d4e90f06,2022/23,2760c840-5e6f-4b46-87b3-889c2556c5e4,3
897c89c7-d7c9-4931-ae9d-ed6a8ba791b0,2022/23,bb4f6fba-13e4-4517-94d5-33224b40e9a1,2
3b8ac60b-7479-41a1-9daa-36cdf3777adc,2024/25,2dddc136-dd1e-4405-9609-c0692c8a7479,3
76f9d2c6-ac8f-4d14-827b-1ba462b1c471,2023/24,517c88fc-d2e4-48f9-a244-13a2f0813e40,2
ff4a98d5-6109-467e-bdfa-56196bdb127d,2023/24,9949992d-a0a0-4d9e-81d6-83b903efc08c,2
d5107bb0-b053-4c3a-8e3f-9865fb5b61e2,2024/25,2658a869-5abe-4742-8aee-9b077e84eb37,3
0afd8fa3-3874-47f1-84de-a2950f8d06b2,2020/21,b15d2b09-385b-46e8-80b3-c9705da992b9,3
97abbf35-45bd-4c2e-88a4-e3d18878c150,2017/18,493f278e-a61c-4a7b-bfbc-b7ae9d3926fb,2
b429adfd-6750-427a-9e53-3faf35f9cf0f,2022/23,4dba7c71-3721-48b7-8d06-f7a97d1e654c,3
16954b04-d802-41f4-9740-39bd609a8559,2024/25,7ba0ee40-1601-49e4-8f1b-b9ae33eb4456,2
4c530d13-4eef-44ae-b96f-5b1484fa612b,2023/24,0a08f076-b5ad-40a4-ac56-0dd943858329,3
bf8c361c-5886-49d8-9fa0-1d996b2734ac,2017/18,0f0a965d-ee11-4b11-8539-80efbdc86031,4
5d3a6ce2-7623-44dd-a4ae-47119e5dbbf2,2024/25,93efe74e-3c76-403d-8c67-ed7381cbe208,3
ab2f3d3a-9091-4071-8ce1-57b3972ff7fd,2018/19,119bb379-3aef-4f9e-8978-3e27561773b8,2
f0f7c8f8-7243-41db-b186-7715ab377c31,2024/25,b4a212e5-2269-4519-9737-c540dad37345,1
e74ad17d-dad0-4687-aeec-27e7e2862367,2023/24,8318a5ef-20aa-4111-a203-80bf0226adf0,3
7c21e14f-e9cf-4c6f-b4a5-0997a4310340,2019/20,97bf024e-98d7-4f14-9b3f-7f83a23c1d26,3
f249be93-7396-4a99-99dc-2fb22c1313dc,2023/24,316ae259-265d-480f-93fa-4ce0f626e8b7,4
04a5edcc-3c72-45ff-93d6-d2b962fad6ff,2019/20,e82f741c-7aaf-4807-bbfc-ce5f4a0d98b9,3
122266c9-7d13-488e-b016-a634433d5f1e,2021/22,4fc6dec6-7b50-4852-a52b-5ba4c7db9034,4
dd1064c3-26d6-4fc8-b8e4-1883dc9b93ee,2018/19,217fc6f8-7182-4de9-b44a-3c51d0147fb9,3
1d54f14f-ba2c-48e5-b1fc-9b19c234d8e3,2024/25,0f18b700-59c1-408d-bebb-69524169d4a4,1
6138d6f3-393e-46a5-bbbf-ddad372b0052,2024/25,1c5ff361-4a45-48ba-b2e2-55c967518fac,3
89bd4e42-1001-4488-9be1-d4dcc15a6435,2022/23,33567cf6-0cb2-4e77-96d5-18102807b133,2
1db731b6-6f40-4669-a404-014646e5ee58,2021/22,c20d9923-e246-4057-a326-8691402cb3bd,3
22310c09-e20e-4392-bb8c-04a1e1520554,2022/23,0f4c04eb-d670-413f-aa27-6ebea80648cb,3
6d72b8e1-9059-4859-9e28-0b7417660960,2024/25,2e5dfd6f-2c8a-4242-bd88-71b571e78ec9,3
48283dd3-0212-4ef2-bede-4ea87fd11fd2,2017/18,119bb379-3aef-4f9e-8978-3e27561773b8,2
f0563075-ffb0-4802-bf65-74b05dbf3b5a,2021/22,152452e6-1e36-4c7b-b9aa-15d38bd2fcbb,3
78a87b03-f20a-4d2b-b1af-77636c4b2e9c,2021/22,54a322fe-500f-4fe6-8649-8c4ba756995e,4
da0831cb-9d8c-487b-a898-f98d5685c834,2021/22,f51c9384-294d-43c3-9361-38f350856675,3
07bbe31c-afdf-4fc1-aeb9-cc3d8a81aa09,2024/25,8f5b6126-8cee-4eda-9580-a85fb023a7b4,3
d30c0a97-9baa-4e07-beee-8b3801725f88,2024/25,4eee3faa-33dc-49a8-9bd3-8a2463d975e0,2
066d1de6-ad76-443d-aedc-8d63040329c7,2024/25,e91b0e7c-8bcf-4793-98ac-a875c987b69e,4
4390f5e5-9550-4cc0-8513-e85a779eb128,2020/21,227b061b-86ff-48a9-ac03-db0cfec93961,3
4b62af65-355d-442c-990d-2cf2e06eabe1,2024/25,82d86330-77c1-4de3-b44c-b66f83e9287c,3
c6753258-0fc7-483a-a8c0-faf13be26ed3,2023/24,3858ec1b-1c61-4728-bcf3-15d955a16881,3
613a40fd-775a-4bae-a39f-472252f92240,2018/19,398e6afe-d051-47bb-936c-de955dad0612,3
7b6e40fe-3bf1-465f-8ce1-63d69bce099f,2019/20,8d8a8e65-90ee-4e5e-9e67-279929f6005d,2
28512bd4-a552-492a-b94c-1a51248d4d45,2017/18,9c3e5a68-1061-402c-ad21-25b8c26178ff,2
917ddf8c-7aeb-4132-8538-caa75385c144,2024/25,564732c7-d213-4b90-bae4-c6bdfdc241e3,2
c2c55bef-7940-4080-ae10-ca91100732c0,2017/18,3359e9ae-5151-45b4-8e0c-77a2b0623e8d,1
91b86876-972e-40f7-9b46-781a37154426,2024/25,7d0ce2be-20f7-4099-add3-2623af5b22d6,3
6a0bf97f-17d7-47b9-bee6-226e37991279,2017/18,3858ec1b-1c61-4728-bcf3-15d955a16881,3
4a2f8262-03e1-4aa0-a29a-f3c8bf233b2d,2024/25,054bd8af-0a5f-4812-8702-434f43a0fc84,2
174bbcfd-9fb3-41f7-a9f4-7b17e73107ee,2024/25,e45a67bc-f818-44b2-86f1-2b2c16924a11,4
906b5c51-4a6e-439d-a398-70431f554f01,2024/25,b6a2b8f2-e4f0-45bd-b728-1f7e74cdaf74,2
963b58bf-91e9-499c-9946-1b1b30979c9c,2021/22,dfc945e1-aaca-4013-b2b3-96e85b299423,3
582f919f-bdbd-4b0c-b6e0-a4d21df29f9f,2021/22,f9bba49a-202f-4676-8403-89b69aba431e,2
42cb1ebd-ad33-41f1-a15f-b4ef3f254319,2019/20,b0076fa1-2d94-4513-82f0-93616a4e0e84,3
91b0183a-d6b5-4eb6-bf8d-9475f356aa76,2019/20,d7b7e799-d34b-45a5-9e63-719d4300cb4e,4
bd3f1638-b304-4e7e-8d74-faa131eca649,2024/25,06c9080d-7207-41f4-a067-fa9ec2164b86,4
73aae6f3-922a-4766-84a5-b7fa78ae4a80,2022/23,4fc6dec6-7b50-4852-a52b-5ba4c7db9034,4
fd8c49df-3545-4c47-8ca1-625f653582aa,2024/25,f551e1b9-1b4f-4ee0-ab12-5b3d29f7f00e,3
6df4dec9-4425-47fe-a34d-3863a7823456,2024/25,31d931b3-f4b5-4f98-92ad-9c612108061d,1
b61bf88d-9249-4873-b84c-306804f855cd,2024/25,caaa5e05-744a-4b07-84ec-85c9f12315a7,3
803c2892-9b04-434d-b3d3-40e07b8e86ae,2023/24,dd426201-6b0d-4e17-a9fa-639eeb2ac418,3
e8581159-6b44-4ed1-9ce9-1e9ea9f5e89f,2023/24,44dc201e-dc85-4982-a627-e938ddc48bc0,2
0189aac6-9116-41aa-9d1c-fc931384f8f4,2021/22,733bd107-f236-4471-9655-f01379c1bcc5,3
c82d66e8-5eb6-4a68-9c93-507e0f3c2091,2024/25,ad03317e-4fb2-4aba-b887-32348bcfcb2f,3
f71b51a3-10f9-4088-a9c3-a6077d0ef827,2021/22,54793335-03fc-44e7-8318-5da068f63263,2
4c5e0e43-f0d9-476c-bfd6-45edb6b56e62,2024/25,f7aa5c64-8487-4dfa-ab29-01c4d8c10eb6,3
1a08b9df-d9d6-494b-9981-3fdaceec2b19,2022/23,02d7c5e2-e436-461b-95e5-853765be5a86,2
f3d6c86b-3390-43c2-92a9-9cfe2e281ad3,2024/25,d7c96669-436e-4944-b54d-59695cfd26c6,4
1995fe03-e26c-4164-b181-061ceef6f13d,2016/17,ef0771b9-26c5-4915-8dea-392a26f45cbe,2
bff93e85-49d3-4518-8161-94794237ce49,2016/17,c932dd05-c46b-4c8e-bffd-ebc3be8f8402,2
5f3114f7-611b-44ca-af3e-8e2e130027bb,2019/20,0f0a965d-ee11-4b11-8539-80efbdc86031,4
2875b500-6139-43f1-949a-be163ad315a1,2019/20,657110e7-2562-4b51-83bf-69551e37f8c1,2
693414da-e3b5-4055-976e-3b25f661d6aa,2024/25,19446b56-6f52-401f-8bdc-6e5cd56bd471,2
17721caa-808d-4d7a-8918-769b66ee5be7,2024/25,730a90b3-4b79-474a-98d4-449bcf655b48,3
1f6e05be-bdb4-4cc4-81d3-e175d815bfdd,2023/24,3b1771d3-ae4a-4c50-8b34-023a6d337064,3
a954aa20-102f-446e-b952-39d1d6103054,2023/24,5b4d8bb7-50e8-4325-9fdb-667bc1bc5677,4
0856074b-569d-40e2-9868-17aff5e450b8,2023/24,7c1cd5dc-9bd6-4518-b5a5-b90251db72a2,2
8c190b96-2d91-41b1-96dd-b5f797acaeca,2021/22,e45a67bc-f818-44b2-86f1-2b2c16924a11,4
026c075d-f3e4-4487-a0c2-6f8190ba4d48,2021/22,babad0a4-ef7c-4e3c-804d-048bdc6c91d4,4
8d9a3d74-8f22-4a4d-bbf4-42e4511bfb44,2018/19,733bd107-f236-4471-9655-f01379c1bcc5,3
a79d08d0-3070-497b-b167-528430ceee81,2024/25,4b2db969-8d0c-4c21-a939-0063ae590662,2
9c5d4efa-f293-4ad5-9d73-b6ebc7f08a06,2023/24,7d0ce2be-20f7-4099-add3-2623af5b22d6,3
e5f3ce59-bca5-4d0c-acd5-5891efe0bd48,2024/25,4dba7c71-3721-48b7-8d06-f7a97d1e654c,3
22455676-67b7-4499-ad19-6dbe727f531c,2023/24,da1637e8-b587-4c57-97e9-29a83d53e283,2
c1839dbb-b010-4651-86c3-8fbd9d30d503,2018/19,02d7c5e2-e436-461b-95e5-853765be5a86,2
6393e7ac-c17b-4cb8-9a7b-c7e8d72a7fa6,2024/25,493f278e-a61c-4a7b-bfbc-b7ae9d3926fb,2
0766ccef-9af3-46b5-9bef-e8ef0c0886a5,2019/20,25e1b024-b4c4-4732-9894-b39b4415754e,4
ccd25121-a292-4552-9859-889f0deb1669,2023/24,7fc92228-dc92-40c8-8907-f3400530fe23,2
3b83ebaa-dab1-4f50-a2ef-b1c84a39a97a,2017/18,049a7ce0-2122-4c95-b21b-097e3d229319,4
241a0e71-f1b1-4069-9f37-f793b0740ea3,2021/22,c283ee88-d305-40e4-8002-0308c558c5ae,3
0f5638bb-b619-4846-9448-c39bc3ce7510,2019/20,d1f5f863-043f-4759-adbe-9489d6df04e1,3
799b4081-5f7a-458b-8020-a9b60525ae7d,2023/24,fef21c3b-20a9-4632-a6e3-8db0948f2205,3
b8daf6ed-37ec-45cb-ba0e-fc43dd7560d7,2018/19,bec3286a-79d9-4125-ae8e-4c789e476cd5,3
1faeda55-294c-43a0-86bb-c67f83a0396e,2020/21,dd74e658-57fa-4e99-ac94-889f064764fa,2
81e15861-22a5-4864-88c2-36b5910a2aae,2024/25,1593b0e8-5e6e-4ee0-97dc-c59996945458,4
44cae57a-fa45-4e03-a2bc-459b89987a35,2023/24,33567cf6-0cb2-4e77-96d5-18102807b133,2
7d08dace-44ed-4d33-b78c-6df6cf692369,2022/23,d38b9de7-2bbe-426b-95e8-712c23991199,2
bd8b00ed-9651-4001-b750-2c89dbc9c243,2022/23,205e17ad-76e5-4a8a-ba2d-17e068f39ce2,3
769c9793-2b44-4274-ad94-6ab67c65445d,2021/22,517c88fc-d2e4-48f9-a244-13a2f0813e40,2
723f8a66-c898-4cdb-8a5e-d3bd6bf0432d,2024/25,a25c6999-1ee7-4457-ba58-e393edf3e2e1,3
d7434ae4-b80e-48e5-adfd-fa7e20495a5d,2024/25,4e88efdd-64b0-46e7-a45c-243bdff94aca,3
da230944-3a33-4703-9dcf-10b5f1074801,2022/23,2de4111b-3169-48a3-8e41-c9fc7e174dae,4
eab9631c-f55d-495a-b495-96c0dfc35852,2024/25,443ab941-638e-4c49-8136-c1ffb4ca1857,3
32d97b01-bbb0-47d7-b0cc-28a9f4fc2562,2024/25,26ad018f-7c27-46e2-af1c-493276052c85,4
cfe02335-2bcd-4f19-b9f7-a381db82fe59,2022/23,a9551960-d7f9-4af5-848c-cb5e73d73e6b,3
786493aa-14ca-491b-a00e-4da0161ca748,2022/23,6b8f9b22-9763-481f-9392-5c3cf4070706,3
1dd44a3d-b08c-4489-82cb-a2fd39ffe014,2022/23,320fe051-d0b5-4c7d-984b-d719a2196470,2
5e98aa12-7584-48e3-8536-5c5a10a2240a,2022/23,c6e7ac73-23b7-4259-8695-c7198c3c43cc,2
091b9e5e-32c5-4715-934f-a944f710ff87,2024/25,e61cb6e8-8eed-43ee-b067-95a55cb4736d,1
3a24e118-4a87-4a92-abfc-1761ad2b4930,2024/25,159a70a6-77c4-49e0-974f-019d3e6ab615,3
917e36a3-d3e7-45bb-b86a-6f7189b7b7b2,2022/23,3b1771d3-ae4a-4c50-8b34-023a6d337064,3
2b8492d7-21fd-4ff1-aa00-4c6277386207,2022/23,86e096b9-965f-4b13-bc0b-7dc91707f0d4,3
4cccd82d-202f-47ec-85b0-dd4f29da1757,2023/24,a8dc9e82-f136-46ca-add6-dd8d3f7181e1,3
7830fd8a-6051-4d59-89db-a0cc530c2206,2024/25,47914f38-fdf2-4070-a8e0-34617f66da30,3
6cee412b-eac4-4a4d-aedd-9e28eb768308,2024/25,f7ea0dfa-3d4d-4280-9635-f443f045977c,1
1bdef1bc-810c-4650-ba69-5204cecd883d,2023/24,1c5ff361-4a45-48ba-b2e2-55c967518fac,3
9f93aaaa-db7c-472f-be36-3fe8149e9051,2024/25,8a91131c-7abc-4a79-9928-11420d27ee47,4
357d230e-9b30-40dd-941a-04790024863f,2021/22,7045407f-356d-48d2-8736-5b310f8e703d,3
e6b62b8c-64d1-47bf-aca7-2dd37bfe0580,2023/24,3359e9ae-5151-45b4-8e0c-77a2b0623e8d,1
c833034f-a44f-49a3-8eea-6b3b882ef9b2,2024/25,8d8b3693-4c1c-41ff-a2ca-5adf8ab86188,3
fe53cd9e-d96a-4bbc-97d3-c932e6edc0fc,2024/25,173cfe8b-f489-4922-8264-22e87c1dfc62,4
2bcc984f-2a30-4e75-9803-e60f269bda79,2024/25,ab460977-65fb-434c-8333-a420e23169cc,3
511eaf97-b673-44b4-8923-b59c56ef0e9e,2022/23,f98faf93-e1aa-4c24-b12c-1140704e92eb,2
944c55fa-6b3a-42f9-9c23-eac03247fa9e,2020/21,53f6428c-e03e-4b83-9596-03cfaf24f761,1
44b38b1c-7391-4d45-a58f-514ef9c4153e,2023/24,1a05965f-6a72-43c3-8a21-5d90201b464d,3
34b41b6a-3500-4063-a1d2-c6e21bdd16bb,2022/23,8a50219f-55c4-404b-bc89-9754e0eb85de,3
80767e96-3207-46b1-ae44-4d9f93c8cd0c,2020/21,3c643231-db3b-46f4-80f0-a33979f63288,3
0b3a755b-6f39-4794-92a8-5dd5c04a0b1e,2020/21,f551e1b9-1b4f-4ee0-ab12-5b3d29f7f00e,3
24765d81-1b9e-42c0-9e40-fcf26b7572dc,2018/19,8295176c-01fe-478e-a689-ff94aed0fbd1,1
56ce5768-e654-4a13-8b9b-dded22383764,2024/25,114c54aa-c2b2-4adf-b9e3-052f9113dfdf,2
ef37324c-856a-4cbc-844f-d00fd3d22b06,2021/22,119bb379-3aef-4f9e-8978-3e27561773b8,2
32e1b1a0-b6be-41e2-ac9a-be03040632d4,2024/25,59b3d929-b40d-4651-8fcd-5e707a202324,2
78133b73-247c-42c1-be94-db9ea877268e,2017/18,c932dd05-c46b-4c8e-bffd-ebc3be8f8402,2
3da09516-461f-4bdf-bff0-f75896ca0aac,2022/23,060747da-f457-488e-b411-04b14d664ddb,3
97569d92-5aa4-40f2-a099-f070be0f882d,2022/23,bf428111-cd34-4d6e-afd6-31e7a312dc1d,2
443e0e95-8826-405f-b8ce-252c27ae1e45,2024/25,5b4d8bb7-50e8-4325-9fdb-667bc1bc5677,4
df8b0ffd-ab8f-44c9-a1b6-aae025b2486e,2021/22,dd74e658-57fa-4e99-ac94-889f064764fa,2
663cfa83-9c24-4679-9875-b1d962f1cfa8,2023/24,c7a4d6d5-531f-45e5-902b-a002babbdb49,3
a636d77c-58df-4bc6-be43-67fd14aac5ac,2024/25,1ae7f23c-458b-4bbf-8b00-9eb6a8d3a2b2,3
1f9ffbbe-fab8-4438-8c73-f9385cb3e09b,2020/21,8f24ce04-4a4b-4faa-a0c3-0ecb9e6a6d2c,2
122ab4da-1773-4168-85fb-21848b35517f,2022/23,f80b11d9-0005-4eed-a49f-0b013931db8b,2
8304e3d6-87c5-4f10-8116-b957104e4b36,2022/23,da7e8c4f-45b6-4982-a72a-27c5837d3b5d,2
4246f15a-83a1-4ecb-aa3a-447339083f89,2022/23,0770e266-9633-4bd7-9e25-b218ce04a2f4,1
d5ddd9bc-faa2-4d13-bddc-0a8f35433f59,2021/22,4991dc0c-e021-4050-a305-fda2b44a000e,4
e4a2eb5d-0dfb-4d9a-8893-d5aef78ee111,2024/25,f80b11d9-0005-4eed-a49f-0b013931db8b,2
39bafd4e-2d1f-4257-a52c-dc6f51f03e4e,2022/23,8a0b53aa-a122-4ea8-8a32-fb80f11f2cdc,2
d7802e01-e83a-43f1-80c5-336f521b29d6,2020/21,bfd0282a-2b61-49c9-98e7-a2f22f330e82,2
e66e988b-d25a-4d75-b312-dbd4c8ba3019,2024/25,4817d2cb-729d-4ed5-80b3-8ba056309bf8,3
b00475c4-65e4-4ea7-946a-39e6a4cdce52,2021/22,863d933f-eb34-417e-9a08-e4007722bc29,4
32733896-17b1-4b04-ba4e-dadd579144a5,2024/25,d6be337c-9102-4aba-acf1-a150cba17751,2
db3bf873-7c87-484d-bf61-5538031741df,2021/22,35abb6ba-fa65-4591-b6f1-295bd4189044,1
64af4e79-5e97-48ac-a281-098d6ef94745,2023/24,1f21671d-d143-49c8-938f-b90e1b57a10e,4
83933c53-b0fe-48ee-8833-126a054ac631,2023/24,a5e18fe7-45fc-4d0a-a4f8-ae032850f68a,2
86abc189-4d82-4b5d-b13b-d2d700eb9955,2022/23,a3839c5a-f87e-48df-9a8d-dc0bc957b87b,4
033ad1c9-faac-42ab-a738-acd65db18d0a,2022/23,114c54aa-c2b2-4adf-b9e3-052f9113dfdf,2
726c6f17-1192-4e16-ad79-8ba87f69857d,2023/24,57d51316-9d56-4d98-9df7-f5fc936704bb,1
af693fc1-4805-4109-a29c-799173f3993c,2023/24,bba082dc-e723-455d-ac6d-0d5b4006d6a5,2
1cc2d1c4-ce58-4fdf-9fef-22b0c69ef0fe,2022/23,e82f741c-7aaf-4807-bbfc-ce5f4a0d98b9,3
de00ea0b-ba77-4c26-88d2-e616852b9fdd,2024/25,df90c1df-cea3-4ce1-a852-b6918e5472e0,2
935dac2a-a204-460b-974a-699d6ca94017,2020/21,ac9f956e-8a1e-44c5-bada-92041eda09ef,3
c3fc07cc-f1af-4c0e-817c-3e360486f785,2022/23,7958aac6-8834-478e-8351-fcad78301d6d,3
a0734f0b-385b-4ffb-af9d-dac662c558f5,2024/25,fa82c104-4bb4-44ea-99ba-197e7b9b54e2,2
925d631e-b253-4a05-8eaa-be0c422ef035,2024/25,bebb07d8-294d-405e-bf59-07c9bbb7e1d6,2
2ccd93d7-bbd6-4d9d-acf6-0ed1ddde8e3f,2024/25,77cea9fb-b868-43b2-9beb-87e8d91dd610,3
da59c133-a505-4b9f-8914-5acdd0a849c9,2024/25,d773f228-5102-4554-a7e4-aadc6a213084,3
b80ed448-755e-424a-9607-8168113eeefd,2023/24,398e6afe-d051-47bb-936c-de955dad0612,3
40a093c6-54fd-48f8-aff6-489f82c118d4,2023/24,d7c96669-436e-4944-b54d-59695cfd26c6,4
2cf36580-76ff-47e4-9f66-69ae244df6a8,2018/19,a3839c5a-f87e-48df-9a8d-dc0bc957b87b,4
d65137ce-d006-497f-b084-a134078919d0,2019/20,497e140c-b603-4399-abb4-81cfb4a38b39,3
2fb2ebcf-1c6f-4005-a730-1e2a46b3c133,2024/25,d02b81d6-108e-4cfd-b34b-80f3ae2382ca,3
6eac1112-a41c-44b9-a401-87e22a62289a,2024/25,b1b44db6-1843-4c58-b181-d8c77e598350,1
5b8b32d4-a3dc-477f-b702-30ee8ce74ff1,2024/25,5ab3f06e-434d-4640-952d-0e7e998d761d,3
4a9be141-1310-4751-8a90-e5dbff8406f4,2021/22,2fc945e5-d19c-4530-a647-863b0ea4396d,2
4a14b645-d4a9-4ffd-9076-6a727d5f2297,2019/20,0c132447-b77a-4ef3-8b76-773466c30a9f,4
adbc9249-85ce-4e4e-b2c5-d36b1e9f737a,2023/24,f80b11d9-0005-4eed-a49f-0b013931db8b,2
3130d91a-b5a8-47ed-bf86-7c404682016e,2018/19,0c132447-b77a-4ef3-8b76-773466c30a9f,4
15ee978d-948c-432f-9634-26807c0c8937,2016/17,5167d7b8-c362-4ebd-8d34-fc379f6ecaa3,3
1ca2f8db-a43a-4bd9-814a-fd8507ecd121,2024/25,37b199cf-d628-4c06-ac80-7337b1908bfb,2
30627e11-01f0-45d9-bf96-f47e93294607,2024/25,b5c70b43-633a-49a1-ab06-a61714748395,2
f621181a-6299-40f6-9930-6cfe53ebeead,2017/18,1f21671d-d143-49c8-938f-b90e1b57a10e,4
f9ca2814-3c21-44f9-aace-cd626fec9cf8,2022/23,f5064d39-0ef6-4eea-8795-9bfa7bcda88d,3
11a9d899-2719-4f24-80f7-d55b44e9333c,2024/25,6b4855a7-de3e-4a17-8693-c969c940a17d,3
e3220d3f-5c3f-41da-a548-53e8b16ba3a4,2021/22,caaa5e05-744a-4b07-84ec-85c9f12315a7,3
e2fb76c5-4cdc-4953-a901-033bf6d83ac5,2021/22,8d8b3693-4c1c-41ff-a2ca-5adf8ab86188,3
5610b456-bfe1-420d-9bfa-64c907ad86bd,2024/25,d01472f7-8693-4ccd-a312-581276c12f21,2
9501a6b8-6bcc-48d8-bc02-1633d3f2079b,2018/19,74afb9cb-18dd-4e48-aaa1-2267e42b6bf7,1
88fc4c66-8b83-4e47-9830-0337adc22621,2024/25,670f1eda-f0ed-4dad-bfdd-1e19d22820c1,3
cef2be7e-87e3-4655-a4d8-2de893d5e16f,2024/25,d55f4f7d-068b-4c69-9cf2-de621d1d85ea,3
ea7f7cf8-450d-4036-9443-896ac9e3e744,2022/23,4dc79854-22a7-4d9a-b7e6-6b6024465d87,2
ef6b2983-984f-471f-a3bd-81bafed1d3a9,2022/23,4b2db969-8d0c-4c21-a939-0063ae590662,2
6a5b363d-3774-452c-977b-afe4fb599586,2022/23,517c88fc-d2e4-48f9-a244-13a2f0813e40,2
95fbc229-f8f0-4e5f-a452-3eb4bfba2073,2023/24,060747da-f457-488e-b411-04b14d664ddb,3
a3bfc571-eebd-4dc5-a5a8-a1141872603a,2022/23,54793335-03fc-44e7-8318-5da068f63263,2
4acab417-2f89-49ff-969b-2c03407a0b72,2024/25,2c569b38-1dd7-472f-80b7-6ec3828f627e,2
62ed7edf-62ad-4af5-acd8-4d50dc00754a,2023/24,6ccd22a5-35fa-45f0-8bb0-1fe3f642daf9,3
a3a0fa50-6329-404b-a08d-45a14d7afbc0,2018/19,fef21c3b-20a9-4632-a6e3-8db0948f2205,3
2341a7b5-0c8f-4fcd-b0ab-0868d3f7784e,2019/20,cde448c3-c413-4852-ae1a-1a4fbac7e91a,1
b3a45f81-afc7-40e3-aaa4-ad7f285e8e27,2024/25,8318a5ef-20aa-4111-a203-80bf0226adf0,3
84271651-1a06-4210-8e16-72a5a2ee41a5,2023/24,9fc89667-620c-4a07-a188-debfe5bea8dc,3
99060d20-f3d3-43bd-9e28-64de7662393d,2017/18,1a05965f-6a72-43c3-8a21-5d90201b464d,3
74b46996-1294-49b6-b0b1-ce887bd37789,2021/22,84546ac0-47e1-4932-b173-8e0f393efc0d,1
1b21b2f5-cf78-489b-b9b4-efdc72a1673f,2020/21,0f24ddb4-65f2-4527-908d-a89f91277b34,3
8229b513-2f11-4f30-b2cd-08b1115b9fee,2024/25,9e423aa4-3870-402b-bd76-cf3f0a9b66bf,2
aeac23b1-25fb-4ab3-a465-ec4240b8a2a1,2017/18,b3f99367-3da0-4c23-b896-5bb59bae87a6,2
9649ef0f-dfaf-4fef-a1b7-62944451b2bc,2020/21,c5cedf3c-3401-4c4a-b95a-74dcf8a51156,2
c752eb2c-038d-4997-a057-99cbfbbda680,2019/20,21eefcd3-6c20-4e20-aebf-36f50f38fdd1,3
9af37097-736e-4b07-93ba-0eebec6652f8,2024/25,0b8ecd30-19a8-4509-9f8d-09deaf8ac2ee,2
b16ba854-12ca-4913-9668-7719e74d857f,2018/19,1887fa3c-0dc5-448b-9cf6-a4cac5f6ae96,2
f15ec950-91fc-4615-b3a6-f3810a214103,2021/22,9d100761-36fa-4c80-91ee-fa247d9a415b,2
e1a12fdf-77fd-4a91-a657-7fde391eeace,2024/25,3706fb38-9c0f-4fa6-a4d3-69171dad0499,3
3cfbb1fd-87bd-4c8d-bacd-43dbe699a89b,2017/18,733bd107-f236-4471-9655-f01379c1bcc5,3
4feb04e2-9c6e-4865-a4ae-644ef72d838f,2019/20,2456c5b8-e6c9-4ea3-9269-41f7c6216476,2
29c6dd8e-1c31-4b79-ad87-e10acacf8215,2024/25,cb658622-94a6-4c72-8fc3-ee760080b729,3
dd6cb06c-31b2-4cc3-aad5-8894ac0b51d8,2017/18,f7aa5c64-8487-4dfa-ab29-01c4d8c10eb6,3
83c546aa-0776-43e1-bb36-ff31f64879ec,2022/23,2e9ab3a1-b490-479c-ba94-45eeb1b7bca8,3
d1f0654c-999a-4781-9dc1-c54c160790d3,2021/22,423e1b12-0219-4921-9347-0631bb645a1c,4
fd6051ee-66cd-4a12-a528-93c298960e3b,2017/18,794ce9ff-d47d-43c0-b13c-1e48807bc608,2
49e6cb39-7616-49da-b71d-3c12aa565f95,2019/20,227b061b-86ff-48a9-ac03-db0cfec93961,3
4d5e01b6-0cae-4d3f-9579-624de4581660,2019/20,a9b733b1-f28a-4ee6-9925-aacc58107500,3
d21a2b7e-c413-43d6-a6ba-ac1970b1efe6,2019/20,0f18b700-59c1-408d-bebb-69524169d4a4,1
14bab7c7-f42f-470e-b232-c27aeb943acf,2023/24,b2956a8b-fe92-47c6-b79b-de88325f518c,2
e6436fb0-566f-4ad1-b9f3-f8cec7aab99c,2019/20,18518340-c700-4515-a0b4-90b371a9686e,3
2b0c6957-1edd-4a7f-905c-cfe0317956db,2022/23,47e50346-47f4-4225-b164-b93dba66e562,3
06afb4cc-4aee-4144-9b2f-ecc8dec9b36a,2021/22,3114f8f0-79c0-4955-ae6a-3dc31bfd90e1,3
306b4168-42fe-41c8-b104-e0f769181ea3,2022/23,d773f228-5102-4554-a7e4-aadc6a213084,3
0195b904-e4aa-428a-857a-b2a24da4091d,2021/22,852b8e99-5abc-4f45-834c-4b82cd761841,3
f3673f93-daf0-4ba2-b572-37f18c1b282e,2022/23,54a322fe-500f-4fe6-8649-8c4ba756995e,4
e466716e-5195-4ac0-9486-74ecbe335054,2020/21,9e78f47f-6da8-4013-b7a8-87b63b1e07b6,3
2b84f800-f3f9-4a06-90d8-eb9325d69131,2022/23,508e8ec8-ad8a-4db6-a32a-a6e1e5e02541,3
bb4cb0a7-df32-4ef8-b53e-91b286dadcd0,2024/25,97f710e3-4d5b-475f-b4fb-dedf2866e61d,2
f54bb49d-4853-44b5-80e5-e03086bda98b,2024/25,eda7c3a0-ea02-4530-9af8-38ded8a21bc9,3
f439732e-c931-405c-a27e-6d6693b82ff9,2023/24,5aaeed89-dd50-43b0-8bd5-0b00ffae7428,3
d283a0c6-34b7-4227-a76e-29504883183f,2023/24,f551e1b9-1b4f-4ee0-ab12-5b3d29f7f00e,3
19ea7adf-2816-4417-89ed-e8f202fd0a36,2024/25,f5cd50f9-2e5a-4d0e-b89b-ccc4a01696e4,2
942b9d92-c6c6-4142-aecc-ae8aa3ab5b84,2022/23,0b0f5b5e-be7b-478d-aa23-5f619d16e5cb,3
cd655534-e541-409b-bb4c-edd2f1ea6acb,2024/25,7eb721cb-3e6b-4f7a-8619-396390087e74,3
9c0f1d69-0067-4f6c-a0fc-c931d1f8e128,2024/25,359d703f-5c63-4bfe-8ccc-57d4ede0b37c,2
ea06304f-1a91-44f1-92bd-40f606c11518,2019/20,06bb6c3b-9a4c-4452-b53a-aff70107d7af,3
cf773217-d948-4164-ac0b-699cf6338b98,2020/21,423e1b12-0219-4921-9347-0631bb645a1c,4
6cea89ea-06d2-4edf-b124-2a2e734e2bc3,2024/25,520b1085-6580-44d1-b65c-7132e209cb65,4
56076518-7a4a-41d4-92a3-e80ca8a083a5,2024/25,316ae259-265d-480f-93fa-4ce0f626e8b7,4
1a63f8dd-2de9-4c5e-a830-84768416a194,2022/23,3c391ec3-cacd-400c-9e80-0d013716e132,1
c3111846-4d6e-44c0-8cd7-fdeebc64d09b,2022/23,d7143196-0a70-47fd-8ce7-f372f88a1381,3
9b314682-266d-4f4d-8b9c-1c019e216d46,2024/25,9ddeea34-afa6-43b2-9718-40ac87c1da54,4
e60781a2-62e1-4cb5-8742-5a1d4966862e,2020/21,657110e7-2562-4b51-83bf-69551e37f8c1,2
4303180d-b669-4c48-b3ae-838a1eb5f08b,2023/24,f9bba49a-202f-4676-8403-89b69aba431e,2
6ad42272-b4db-4a33-912d-6976e6977c09,2024/25,45f8df16-463f-4069-948a-36689e9398fe,2
bd314c22-7dea-4b5f-90cd-13200fa9a7a8,2023/24,15e3327c-f62f-4c59-a1e2-01eeabc58e9b,2
289f86d8-e927-497f-8cd0-8dce69c16e74,2024/25,6ac8f5b9-859e-4414-8eb7-ed93d2c022d2,4
c1097b66-b8d9-4ccd-b184-1d53f86c3073,2021/22,15e3327c-f62f-4c59-a1e2-01eeabc58e9b,2
aed66f44-4342-4ab8-85c9-04cc19c895a5,2019/20,00490f26-6814-4df9-a1a8-8f3532e6a9e0,2
4374d344-a4e5-4843-b209-d6164c598554,2018/19,f7aa5c64-8487-4dfa-ab29-01c4d8c10eb6,3
2558712c-dd61-4feb-809f-e6c3d4c77e1d,2019/20,dfc945e1-aaca-4013-b2b3-96e85b299423,3
4aabe5a7-d24a-4803-b9ba-34675213aa5f,2024/25,227b061b-86ff-48a9-ac03-db0cfec93961,3
b435a995-161d-459f-9a87-4423e53363b4,2023/24,b5e6c9ad-10c2-4bff-9f45-746f6a7b3465,3
3a5a0fc1-09f4-455f-86f6-51bc1a783d5d,2024/25,65af5c82-2bf4-4b3c-b0f7-49d30a717146,3
96c16e1b-a3f3-456e-ad26-0f3fa2c91d38,2023/24,6fde9f20-8252-414f-a30d-8fc120612036,2
081a099a-9d33-43cc-a934-e7866d69e451,2024/25,c2376744-d688-4b78-8331-b916fe78d2d4,3
d41caf76-4a63-4223-b705-99248997cb40,2024/25,9e499139-1482-4023-9786-1a39a293dddb,4
f2ba2365-fe00-4207-a64e-e849be0fb2d6,2024/25,4a161504-a54e-4f71-980c-76258773e5ea,2
996e4391-dd14-4afa-aea9-a61567da66e1,2024/25,614dca87-6771-4409-b1d4-230660704518,3
b0f87855-46a2-40c9-a44a-1a951d4b8747,2024/25,ec123d90-15ff-49fd-8951-4e654e2bd799,1
962731cf-b474-4d94-87ed-8ecfb98ae1d7,2024/25,151b7466-31e5-4463-bf01-23ce093bf31c,2
3e141426-4434-432d-b4be-6bab12fbe481,2020/21,9d100761-36fa-4c80-91ee-fa247d9a415b,2
2f46db72-c3f9-4d8b-9b0c-5186d8d2e0f6,2018/19,f5064d39-0ef6-4eea-8795-9bfa7bcda88d,3
43bfbfea-cbcb-4f28-84f2-9413427fd147,2022/23,46b035ea-3bfc-4c19-8e64-071f99e5ea70,2
44f05dea-0622-45a2-a8e5-2dc24ac90ec2,2022/23,f82e53d7-605b-4a3d-8ce6-b28823b60aa1,1
cd81bf58-decc-4dc6-b399-1380528241d6,2018/19,ae038a6e-37a4-4610-ba9e-4cb35f66b3bd,2
53ca4ed5-2f09-4b7d-b562-4485c3a90766,2024/25,89bd4d8a-948b-40e5-8958-5c47b1c373ec,2
a284e581-6516-4a68-a1a2-eeae7e7ac067,2024/25,e428431a-3fde-4578-a858-ebdd30f20d5b,4
d0df37e9-57fa-47f5-9f72-32da0515dd93,2021/22,7d0ce2be-20f7-4099-add3-2623af5b22d6,3
07fb2aad-578d-4f88-8934-c2ab6eb8d370,2024/25,ce62388b-1e0c-4716-9ef9-f66df6b5afd5,3
348bd024-f7c7-46a3-9f01-0e9b092f3e4f,2016/17,00490f26-6814-4df9-a1a8-8f3532e6a9e0,2
fa2bd7c3-b5f8-45f9-9855-ce3be3e0c6ab,2022/23,39b7e45e-ca67-43b4-bdae-fa110e16bc1a,3
3fdc14ba-8712-4944-9701-e6368da9bac2,2022/23,8eab6ae2-9f42-4418-ad51-fa317717924f,3
b884170a-892d-4259-b3b4-9082999a7431,2024/25,54793335-03fc-44e7-8318-5da068f63263,2
0d77bf9c-cec7-4b67-91f8-66d99950afb8,2022/23,709d3031-90a5-4a10-ace0-73b80225cb0f,3
d05d608f-a8cc-4ca4-a04c-00e5c013156a,2022/23,755babc2-28eb-47e7-bda6-3c28588e49bf,3
037ad462-6a88-4697-8770-4bc974a3233e,2019/20,fe136669-0afc-44f9-9800-1193f7670ceb,3
4e55105f-ee03-46bf-8411-d6946f94aa1e,2020/21,003c34bb-f0e8-4fef-9e37-a09243dfdd5e,3
303f7ba6-9021-48d2-9eef-8a154afca676,2022/23,2b71ec62-c2bf-4ac3-99ab-166c358d7904,1
f1116b66-381e-43da-bc08-48a840a6b963,2019/20,dc4a57f5-c41d-4b7c-9911-f8c0143162c6,1
7b3202a0-d5ca-4537-b122-cc4b8723090e,2022/23,9506b6f4-6706-4010-abbd-cda04f86a649,3
0f9eb93c-f278-4cdf-b90a-5ddc40def4c2,2021/22,cab4e50f-8585-44b5-b295-fad3bc50c15b,2
0b00a6cc-751e-4f11-9f19-98efc183ad18,2024/25,f27a3540-d5e4-4dfc-864b-1eb803202eeb,3
f8989146-086a-4964-9a21-439b2ed48dab,2018/19,e3a78660-310f-4ed3-b4b7-77beca004592,3
8371f16b-1f88-46d6-8252-c1be95202229,2023/24,bdbdae70-b65b-42ef-8c71-652c3870558c,2
d01c8eed-8916-4cd8-991f-74a39fed9009,2024/25,449e9cef-9d16-4746-b7ed-c80f87304b3e,2
9a495b24-2153-48b1-9754-e5cdaafa0507,2018/19,b118bf52-b844-489f-9dbd-9062311f444a,3
5cf9f5af-f595-47de-8f8a-846da3d94c2e,2018/19,25e1b024-b4c4-4732-9894-b39b4415754e,4
4b39555d-5c9a-48e8-9645-a1f63f72a438,2024/25,d61ea56d-0474-4524-a061-9869f4ccbb19,3
0dce941c-2668-4394-adb3-0420382b23ff,2020/21,8d8a8e65-90ee-4e5e-9e67-279929f6005d,2
224b1b78-1518-4e97-9694-5fc188b11031,2024/25,0f24ddb4-65f2-4527-908d-a89f91277b34,3
1184ecc8-b7b4-411f-b38b-5aa8795b5c27,2021/22,a5e18fe7-45fc-4d0a-a4f8-ae032850f68a,2
ad1a2af9-4c55-4270-923e-909f2c53a1c5,2024/25,0be5f79c-8f7a-4516-9509-8e16c25fb451,3
2107e626-a738-4586-b3a8-bcb154b115cf,2024/25,b4d3e76d-0620-4853-b965-d10f7cac139e,2
e10e52c0-7b6e-4712-adf3-9b256bcb3662,2022/23,2b064b3d-3801-4f5d-b158-269afc136611,2
af1f7976-54bc-40ed-85e5-eebbd7134ae7,2023/24,b1c6dee8-393c-44d5-aab5-3369c66cf4a6,2
2305aa7b-0b7a-4ca2-8157-f3129a52dc16,2023/24,eaf2f6bc-da6a-44df-96c7-714275cd1719,3
6d2d83c2-6a2c-4cf8-9d8c-300540827287,2024/25,d0f8670d-03c3-4760-8678-d391c9455f38,2
7edb85ee-4fda-47cc-b051-53bfaa562545,2023/24,3a3343ac-df8a-4423-9c8f-614fa31f7612,2
5fb712b0-c3b3-41a7-be78-e144607dafe5,2024/25,b771e153-5d75-49ce-8fbd-e6e1cbda6bd2,2
f2a61e17-455b-4771-97e8-2ac49b34dc35,2024/25,7299a365-c7d3-4fae-983c-d6b980719a1d,3
47a0f1ec-d357-45df-ab0f-04cdb6bae2fc,2024/25,da40d2fc-9fb1-4653-874a-386c8feae25e,3
ca360bbf-ca83-4c2f-ab8a-5e81fd97fd0b,2022/23,602a32fc-f64c-41ec-93c9-32fc9192864c,2
0cef9116-8b00-4be3-b9d6-5c2aafc34ffb,2021/22,b2956a8b-fe92-47c6-b79b-de88325f518c,2
011e5cd5-5e8f-46ac-acb9-8896bbef3035,2018/19,d1f5f863-043f-4759-adbe-9489d6df04e1,3
257ada54-3945-4c5f-b033-8794e52fdb03,2020/21,0f0a965d-ee11-4b11-8539-80efbdc86031,4
b970f64d-216f-473c-baf0-486258abe236,2023/24,0b430c59-3cf0-49dc-ad6b-250815eefcc9,3
d21c6fd4-9b6d-40a4-9a01-fe443cf24939,2023/24,8b635a0b-1d12-4fa1-ac09-216f20e4947c,3
a03e1681-d2f9-4b88-bcbf-b6d4a17b9ec3,2024/25,499022db-4b66-47a6-9be9-f8ba92e29786,2
0bb79ed8-7588-4ec6-bbe6-1f3fb4d2ef24,2019/20,96e5f281-158d-4a4d-8dee-93ed027fa325,2
f869ab59-57be-4be1-90cd-29616d6d6db4,2021/22,b3f99367-3da0-4c23-b896-5bb59bae87a6,2
c08df620-1505-4ab0-b0ea-c1814b57a8e2,2019/20,673743f6-2b57-4f2d-b024-440a9e0f77ce,3
5c4cbf3f-5e2d-4892-b795-9f5515adb5e7,2019/20,02d7c5e2-e436-461b-95e5-853765be5a86,2
8244c422-69c7-4798-a5d8-4579ee0072bd,2021/22,e14a60b0-c5c3-482d-9b61-01d92aeaaef5,1
c0c717c7-4ce2-494c-ae4c-7b53d01002f4,2022/23,499022db-4b66-47a6-9be9-f8ba92e29786,2
f1d260a8-0918-42e4-9600-df322c7b09d6,2024/25,25b80080-ac68-48b9-bb31-582c69086802,2
ece7fd64-d03e-41fa-bfe1-d9bd486ce1c1,2024/25,2664b42e-3cf1-4aeb-ab02-1b3a3c624d41,3
675d7264-3e63-412a-95bb-2b1db9798f84,2024/25,0847dcd8-082d-4991-8913-1e3bc242dcc3,2
d7982f76-429e-4fde-9542-06e076d403eb,2019/20,980c4351-c970-4fb0-afee-8820f742de9e,3
21886c3d-cc52-412c-b6d6-22e9348cc9c3,2022/23,2367f968-80af-48da-99cc-896d8e179fc2,4
164d1dfa-70c2-486c-aa13-309e43a2bfb7,2021/22,b917d372-2d17-444e-8384-8d2a9e5f8453,3
21e6fcb9-99e9-470f-b058-ea43a37c306e,2024/25,7aaf79cc-c65b-4e01-bd0d-fc5bd58bece6,3
c32ad3ac-5fc1-49ec-8455-2cd83eaf3e53,2024/25,bd24fd1b-4cc3-4e5b-94df-1325598ea4eb,3
043faef5-d7cd-4304-b950-404e62fcee49,2024/25,4e31b963-7b67-4a50-877d-8749e28e0866,3
17caa156-0f08-4c86-8755-14a30e38fc89,2020/21,106be257-c769-429d-8343-e6a75dd3b6dd,2
8222045b-f7c1-4e7c-81dc-017b4f866737,2024/25,451e115e-1a94-4c54-9b7d-63f25fa9e973,1
ef73aee6-e9d3-4aff-a23f-2df292769740,2019/20,e3a78660-310f-4ed3-b4b7-77beca004592,3
c167c3b5-9374-47e9-8f40-aeedfe7849a7,2024/25,b390871c-5ff9-47b4-9fbc-8069f15ccc95,2
0be2d2ee-1e39-4246-8979-c5d173776418,2021/22,9949992d-a0a0-4d9e-81d6-83b903efc08c,2
f934fcfa-86a5-4923-a3cc-46ecf615856c,2018/19,0f18b700-59c1-408d-bebb-69524169d4a4,1
6d16ed82-18cb-4690-97d5-e3f983361583,2022/23,ddbb6b67-0242-47e5-9af0-072b452429d2,3
2e24f8d2-48a2-48c9-956a-21c420197749,2024/25,d5cb588c-3883-4914-9792-2868f506396e,4
667d88a1-cb0d-4268-83df-860c852e0258,2022/23,bec3286a-79d9-4125-ae8e-4c789e476cd5,3
b140cef7-3340-4691-8b4b-9a7b795a71a2,2024/25,413566b4-ae82-4c80-aa8e-6885f89b0d3a,2
a3fd8e9e-0e51-4db7-bef7-ecadb09e37d7,2021/22,bb4f6fba-13e4-4517-94d5-33224b40e9a1,2
2a66c842-0000-47df-a464-a58795a54070,2019/20,ac9f956e-8a1e-44c5-bada-92041eda09ef,3
2d36afda-4695-4f05-a34e-5febb19cff39,2020/21,66e81d3a-1171-4863-85cf-631953b28472,3
0d36f0bc-212f-40b5-80d7-e665f3d4683a,2024/25,0409a3fd-8cb2-4687-b18b-44b737d361b9,5
5956e73c-7576-47d8-aabf-5a3606e62b4b,2024/25,a069f5be-d6c1-498b-9a29-e6df5d0618de,1
9200da44-57a2-4970-8e6c-b8badce796b4,2016/17,0479f281-b698-4aba-ac40-86fedaa3eddf,3
4c34c432-d35c-4e4b-9e7a-533fbeeb6e59,2023/24,3f65d074-7e83-47f7-9b5e-4c8a429e95ae,3
d8fc0438-e368-42c4-b7c5-fd1293de5f10,2021/22,bba082dc-e723-455d-ac6d-0d5b4006d6a5,2
5559f793-eb45-47cc-add8-cadacd166cfa,2024/25,02f33067-df2b-4ccc-bf64-f76114dfdd79,2
9917f529-f600-40a6-bee9-5a8b63f7ba0b,2022/23,c20d9923-e246-4057-a326-8691402cb3bd,3
aaa6bc30-3f51-44d6-85ff-ea10bd15c394,2018/19,f80af03e-0c06-492f-b2f8-3af6e47da055,3
2325d01e-6499-4382-bfb8-abf8e6d7f563,2024/25,66e81d3a-1171-4863-85cf-631953b28472,3
bc6efd34-3e47-4f45-b403-bb0ddf194bea,2018/19,90385cd1-1b4d-4eb7-8f0e-4ec42ec27b40,4
266139de-30c1-436b-9802-aca2bef2ba91,2019/20,709d3031-90a5-4a10-ace0-73b80225cb0f,3
ed948717-8c08-4ecc-a9d4-d35f82ceed19,2024/25,15a27285-1e19-4e00-970d-f2ca8c65d987,3
ee169417-2f6f-4a69-8923-d0ac09ad1b25,2021/22,980c4351-c970-4fb0-afee-8820f742de9e,3
1870c97a-0703-46ee-a824-e61305c5f3da,2023/24,fafb8cd0-eb45-4d2f-ab0e-3bafb0e4ec74,4
b24a93b8-240e-440a-a7d2-f15df7524e9c,2023/24,f0a83477-9a84-415d-a7f0-c16f464ca033,3
84cdc680-932e-4d45-96f4-a403fd9ecaa5,2024/25,5595fcf5-6ff7-43b4-808d-b35fd4ef7ffd,2
bdd285e0-a81b-47e3-943b-a31ecec62a2e,2021/22,89bd4d8a-948b-40e5-8958-5c47b1c373ec,2
c83e81d1-29e6-4a76-8ac0-af15b23e39d7,2023/24,8bf82ce7-d406-4c79-8560-1832322ecfec,4
98c8b9ff-774c-4c2c-bc6e-35b06ff862d5,2024/25,8e605721-6cde-4dac-8b83-eff0db4372f1,1
637079ab-07ec-463e-9205-b139823f1dc3,2021/22,b2c4a6df-6c1d-49ff-b4e7-1c6c0212be83,2
66f1d5f3-6232-45f9-b968-acaa1c61ebd8,2024/25,e52e1494-f956-4419-921b-f4e9d9125549,3
2f2f6bd3-9327-4897-873a-76adc718b318,2020/21,fafb8cd0-eb45-4d2f-ab0e-3bafb0e4ec74,3
0d03032f-e957-4ba5-ac22-a0eb55282363,2024/25,a1b1578f-e07b-40cd-aaa3-9e626f20265b,2
75c31185-ae2d-4b4c-9a39-8b37c132db6e,2024/25,fd38c29c-1522-4d3d-a93e-66cb66d14a11,3
2ec6f28f-6f21-46c5-a39e-b8ab517c6b0d,2024/25,396e1c5f-a102-4af3-a5b7-2d8ca2b3ef6f,3
db009a3f-9578-4030-817f-c307bfbd92f2,2024/25,ae553ab7-226a-49c0-827b-6652d5d1c7a0,4
ffe9c7fd-a6c3-4f92-86ea-4f8e0c5b4cbc,2022/23,b0076fa1-2d94-4513-82f0-93616a4e0e84,3
aeb9b0bc-d057-4499-8c10-bbb382b1fd5a,2022/23,8f5b6126-8cee-4eda-9580-a85fb023a7b4,3
fab44bdf-7e9a-4aa2-a109-9aa3cc2b3fa6,2019/20,bba082dc-e723-455d-ac6d-0d5b4006d6a5,2
fedc23f5-d766-4ab6-8e97-ffe13687bf7b,2019/20,0770e266-9633-4bd7-9e25-b218ce04a2f4,1
10e9946e-f234-4a5d-ab6e-4397762012b9,2024/25,c223afda-87c1-48ff-af73-e6826c02b2c2,2
f6a57826-91e6-4eaa-96fe-c45824bd04f1,2016/17,1a05965f-6a72-43c3-8a21-5d90201b464d,3
62ff0363-dc39-468d-83fa-47eb44899b2a,2024/25,77f852ed-4969-4632-b499-6cfe91ddbe30,2
51b929a9-1dc9-4307-a5cc-7c2287a2ce4f,2024/25,f82e53d7-605b-4a3d-8ce6-b28823b60aa1,1
64c83725-1342-487d-a746-433c4810ec83,2023/24,ad03317e-4fb2-4aba-b887-32348bcfcb2f,3
786e172a-c02a-406a-ac14-72747cc583a2,2021/22,d38b9de7-2bbe-426b-95e8-712c23991199,2
e91f5132-f839-45a0-b34a-d9e65fdda8f2,2024/25,f614f8c3-7444-4fea-b27a-84434634c3c8,2
8902d3e9-f08f-440c-bf3e-8091383c0b7c,2024/25,066fa6ef-4170-4327-b572-3c2ff226bc15,2
f1cc4328-d3b3-40cc-9381-1349ad829b8f,2024/25,9e76b7ed-f9f6-489f-9c20-123fbe45111e,2
a5dec610-8d0c-484e-94c3-f6003d244511,2022/23,1c660429-4643-421e-a350-ab36f78cb9a1,3
a3a08db3-023b-4abe-9fa1-0daaffd2e105,2022/23,1ae7f23c-458b-4bbf-8b00-9eb6a8d3a2b2,3
0ad89fdb-c4ca-4aca-a077-89628a6101a8,2020/21,21eefcd3-6c20-4e20-aebf-36f50f38fdd1,3
981ea1ce-0d2c-490d-90e2-97799deef82e,2023/24,7ef17fb1-41aa-4135-840c-78dab8eb0374,3
be79c828-9eb1-41e5-a7bb-64ad7297d383,2020/21,863d933f-eb34-417e-9a08-e4007722bc29,4
b34735c2-99b5-4a43-82a6-6bb439500e74,2022/23,8d8a8e65-90ee-4e5e-9e67-279929f6005d,2
c5a94890-9a85-4926-a5fc-b8f3ef728f12,2019/20,2d3c3a1d-0246-49a8-b713-fb234c752389,3
6bc8bfda-0631-45b5-81ff-497d23f9fae0,2019/20,9d7e7d62-8e52-4b74-ba94-c1eb97aba0c6,3
c04d668a-aeb5-430c-99ab-bff2b9815e04,2020/21,1a05965f-6a72-43c3-8a21-5d90201b464d,4
a589b44a-a6e9-4097-9ef1-589b9b757b2a,2024/25,2314bccb-dc23-4fe5-815c-e30d5e6f69cf,2
c9d0bb97-12ed-45b8-9b83-becae0ccc509,2023/24,78b25f86-58fe-4875-b7a0-38e71d54ad53,4
be96ee38-644b-44f7-8f23-2e42ea916cac,2024/25,bfd0282a-2b61-49c9-98e7-a2f22f330e82,2
d69adbb5-a08e-45fb-8e9a-2f79da540199,2019/20,54793335-03fc-44e7-8318-5da068f63263,2
2e8c9124-1e5d-4666-bde2-a3cfc6672ae6,2024/25,9ddf23ec-f1ed-43e6-bd0b-c40e8f383ac3,2
2c250ee0-eb3c-4e70-8bd1-a40687c28c46,2018/19,1ae7f23c-458b-4bbf-8b00-9eb6a8d3a2b2,3
7258f78c-6026-4482-b865-5e0ebd890bc2,2023/24,b771e153-5d75-49ce-8fbd-e6e1cbda6bd2,2
a23769ca-7e39-4c2c-823d-6a155fc81915,2024/25,c8bc0bf8-aed5-4963-af17-198388b65073,3
682d8d9f-e237-49f9-aa7f-e2a816abbbab,2023/24,0b0f5b5e-be7b-478d-aa23-5f619d16e5cb,3
c32aa484-433e-42b3-805a-81e49887b9e9,2019/20,320fe051-d0b5-4c7d-984b-d719a2196470,2
09a72522-7909-4404-a52c-38869f4224f8,2024/25,bfa1586d-9b41-4dc1-adf4-2435f827fd65,3
9ec49de3-3900-4a7f-9760-fc6202e14889,2023/24,02d7c5e2-e436-461b-95e5-853765be5a86,2
d9782fcf-1795-4db1-a808-136f707c1a65,2018/19,7aaf79cc-c65b-4e01-bd0d-fc5bd58bece6,2
d26412e6-3258-4ae9-b37c-e9c6ef7d5dd5,2024/25,fee4cf1a-2a8c-4969-a885-180b70984428,2
0873d1d7-6588-48a9-ab69-638f7c8a1fbc,2019/20,0847dcd8-082d-4991-8913-1e3bc242dcc3,2
24d4c1e8-29f3-4728-adaf-7518303c8b5e,2023/24,8f24ce04-4a4b-4faa-a0c3-0ecb9e6a6d2c,2
2e2b47dc-888e-4ea1-8f9f-1234c0e39aa2,2016/17,517c88fc-d2e4-48f9-a244-13a2f0813e40,2
f501408d-9319-481d-99a7-ebec35f8a892,2022/23,ff3ae152-e9fa-4768-a059-853e3e482bc3,3
c45af970-99be-4c41-966e-9398b2423388,2024/25,c48c5c98-df72-4edd-acd0-85450e59269a,3
c2411b83-0f58-4137-9000-9317a93d266b,2022/23,4eee3faa-33dc-49a8-9bd3-8a2463d975e0,2
92a9106c-bfd1-43dd-bff4-592382c2774b,2023/24,c981a842-25d4-406d-adec-d423a19effe3,3
574d7d68-4a9c-4360-98a4-4d798d53310c,2023/24,7aaf79cc-c65b-4e01-bd0d-fc5bd58bece6,3
ee212f9e-56ca-4184-8927-52038d01997d,2021/22,ef0771b9-26c5-4915-8dea-392a26f45cbe,2
8fa9897f-f567-4509-80e8-6998bba471c7,2024/25,5556734b-d1e3-4f5e-94c7-813cd4bcdd56,3
4ffdb3b7-18e2-4a39-8644-89aa6f1018a6,2024/25,f3f1ffd9-dd26-403d-9b15-9a6d582fe278,4
86b6d680-a4ad-423e-9ce7-0094c6e864fe,2023/24,cab4e50f-8585-44b5-b295-fad3bc50c15b,2
7f18dbbb-486f-4da4-b101-876ac2d867c5,2016/17,3359e9ae-5151-45b4-8e0c-77a2b0623e8d,1
8a71d613-e665-46fa-a4a1-58f4d4c3d708,2016/17,bb4f6fba-13e4-4517-94d5-33224b40e9a1,2
6b223c3a-a340-4317-ab55-1d09133268ec,2018/19,114c54aa-c2b2-4adf-b9e3-052f9113dfdf,2
edddf371-b880-4cfb-b5b6-6499559d7e7d,2017/18,8a5a085d-5110-4f8e-87d3-1fdb384d8533,3
523ac392-df8e-40fb-be55-ef509207e0f6,2019/20,84546ac0-47e1-4932-b173-8e0f393efc0d,1
596339a7-0264-4391-85f5-30c908d6fa98,2023/24,67150f6f-4550-46e1-ab06-5be560ba9de2,4
f70558a2-e80b-431a-b3e1-84317311901b,2024/25,dd426201-6b0d-4e17-a9fa-639eeb2ac418,3
f9700989-e731-4491-ad07-dd74c62e5f81,2024/25,5c06b0a2-21e8-4135-9ddb-12dc4df2555e,3
7bc4d347-c6de-498e-9165-c44a242c5f75,2021/22,0be15e13-8da5-483c-a42e-ff087947359d,3
56a897c8-c30c-4e64-aff6-b31128c62a62,2019/20,319633eb-126e-4558-bcbe-3f81634f4b5f,2
1b3b7246-a55c-4b48-84cd-2b7d65ac7f80,2023/24,cbeb32ec-d8f8-466d-8977-017ce20d9908,2
b4ef4c47-1bc5-4f92-bbfb-f513cb33542a,2020/21,b0076fa1-2d94-4513-82f0-93616a4e0e84,3
29aef51e-b47e-4eb8-bd19-947044dbcfe2,2018/19,21eefcd3-6c20-4e20-aebf-36f50f38fdd1,3
6ed13934-ac64-4d11-90b6-ddb5ae7bf3dc,2024/25,baf2ed33-845d-4a56-9fca-fe13e7b45853,2
7ba70e5e-dfc7-41fc-87eb-947dff82905a,2023/24,b05706ef-9a2e-4a33-aad3-c149d2dffee1,4
0fd4a7cb-fefb-4a66-a0ed-84116cbda65b,2023/24,b7d5d127-bdfb-497e-9767-9dee5b80a9eb,1
d785270c-85e7-4a16-9512-26ca656ce4b7,2024/25,cde448c3-c413-4852-ae1a-1a4fbac7e91a,1
08e1279e-8f0a-4fdd-ad42-75fa8d591ecd,2022/23,5640420e-6a7a-4897-b6cf-1906ca0ce6a5,3
8d213fd0-2033-4172-ba8a-38e5a9d4d1a3,2024/25,d4235334-c064-4526-a005-9dfe729c1c94,3
9e20ff79-a45e-4033-ae00-44bf17e6ef24,2024/25,43d10f61-0a63-49f2-9406-cc65de429029,3
17b239c3-58fd-4f51-a2bf-c3e1bc11bb74,2021/22,3a3343ac-df8a-4423-9c8f-614fa31f7612,2
21040b01-96f7-4a62-aae8-0a05a241125d,2024/25,629fabbd-bbde-4bae-8890-6a04ec8aae9e,3
6682f08f-84a3-439e-baaa-b44a2761f87b,2024/25,f330910f-a62e-4853-bc6f-65d94f877321,1
88c7a469-bdea-4297-9612-c2a047df8f41,2018/19,b7d5d127-bdfb-497e-9767-9dee5b80a9eb,1
ba9b9ede-c313-485a-9097-e3bf590b19b3,2024/25,5627a160-9c95-443d-92f6-42bd33cb437c,3
4f34031b-7fad-4cee-815a-c891cd13e2f9,2023/24,e428431a-3fde-4578-a858-ebdd30f20d5b,4
dd771f20-9796-4407-971e-670d78dcd5d8,2020/21,0847dcd8-082d-4991-8913-1e3bc242dcc3,2
a93621cd-b173-4080-85f6-fd0c882c4cec,2019/20,89bd4d8a-948b-40e5-8958-5c47b1c373ec,2
357fe120-bb8d-4358-a04a-85e8551a905c,2024/25,e3bf9ac6-1812-4025-b85d-43b5229f43c0,2
3e2b0279-3c6f-4778-9d10-790b97403a98,2022/23,449e9cef-9d16-4746-b7ed-c80f87304b3e,2
6c6cad00-fcc6-4493-9e69-6ca03f14aa41,2024/25,4740a0a4-ae26-4421-9b41-4652ab59e9dd,3
b640b5ec-a18b-4988-a3a9-6816c90ca2d3,2021/22,9c3e5a68-1061-402c-ad21-25b8c26178ff,2
449cf9c8-254d-4d45-b304-68f39a3e459c,2022/23,00304b5c-9f80-4755-9db6-70fcfb471122,2
e8532ecc-f785-4931-92e8-e4366cd91669,2024/25,e7dee554-60cc-4615-8474-50c260ae95ef,2
11329155-df31-4868-bbbf-00cad3f8932c,2023/24,112a1260-0cb2-4248-b27b-68e25d2c087a,3
8bad0a75-940b-45f0-89fb-92e6383882aa,2024/25,84fa1217-2dbe-4acc-a446-1f78327fe989,3
1e36a384-8ec9-47b7-8e24-4e2a74ccd5e7,2021/22,4c7e5c2a-dc4d-4126-a8d6-7cc8830fff8a,3
38557d4f-3edb-402e-aa74-4626e80e1f00,2024/25,497e140c-b603-4399-abb4-81cfb4a38b39,3
db4052b3-cc2a-461d-80ba-f28af4efa329,2024/25,1612fa1c-cb9b-4980-837e-d768f86b0886,3
a2e84b0a-1408-4714-ad46-e6c3bae20931,2024/25,68fbd8c6-06c2-4041-8cc4-a9f44972e367,3
a2485d6c-0f4f-4109-8820-0aa18c1a5eda,2017/18,b90def95-9562-42fd-b58c-8fac67adb479,3
ed6ea5a4-f31d-4762-9f4f-e687a8a27763,2024/25,3ce8a9da-92b0-4f78-aab5-c56fd203b57c,2
198469aa-ab8b-408a-ae31-dfe50220c4bd,2022/23,be00977b-d686-4932-8288-db6993f55a4b,3
5a45b665-2879-4c94-85d6-6b0854edb4ea,2022/23,32a1a749-cbe9-42ad-9092-e85ebfa2d361,3
f5ac760e-a8cd-48fb-b14d-17435392a41c,2020/21,7958aac6-8834-478e-8351-fcad78301d6d,3
a7b6766f-95b7-4b43-a6a1-816a55a471a6,2024/25,43614d52-643f-4896-bb81-935141b2adf1,2
c4d37adf-4880-48d8-a9ea-52859ed2c5f5,2019/20,114c54aa-c2b2-4adf-b9e3-052f9113dfdf,2
7c155d22-c2ce-4989-9325-6721a0b58c20,2023/24,26eaee45-f326-409e-8d39-72d972f14e96,2
74ab31e4-f733-4618-8f64-de96f8eb4485,2023/24,0479f281-b698-4aba-ac40-86fedaa3eddf,3
b08d9650-36ae-4336-b21e-67d535e9e150,2020/21,fd6c27e7-f130-4343-aa06-b74e8ef628fd,2
81a3e651-8427-4947-bf0d-cd643feefcee,2024/25,98a9027f-96af-4214-9516-b319364983a7,2
e748b796-b24f-4a28-96cd-12c85e4cb9ea,2024/25,86a8b7af-747c-4791-8f50-dc0403622b73,2
2478c289-030a-4711-b892-8364b5f1d93a,2022/23,f40ca710-a641-4a8e-b003-eb74fd196192,3
a5468d1e-62e4-4ece-8e67-dd4cd249f230,2024/25,23ebccb8-ad0e-46f5-97ba-973a103ec1a4,3
687722fe-2aeb-4bf2-924e-8eea98d9cd99,2021/22,8a5a085d-5110-4f8e-87d3-1fdb384d8533,3
272431f3-6cde-431b-8cd5-f9e3f5e98fb6,2023/24,39b7e45e-ca67-43b4-bdae-fa110e16bc1a,3
5679f140-3443-4226-87d5-8b083d20820a,2016/17,508e8ec8-ad8a-4db6-a32a-a6e1e5e02541,3
882762d3-2f97-4b22-9b33-7cf63af7ed6f,2017/18,54793335-03fc-44e7-8318-5da068f63263,2
34f1d1c4-c561-4ea0-9736-2a9b1a46b4b6,2024/25,36b875ed-889a-4d7f-a5e7-f57bb5b23e4e,4
8243ef19-1824-49f7-8618-598c828fc929,2023/24,19446b56-6f52-401f-8bdc-6e5cd56bd471,2
e0f85ffe-5ead-4bd2-852a-6e82112321c5,2021/22,d61ea56d-0474-4524-a061-9869f4ccbb19,3
fa508c4e-5682-45ab-9fdf-895c9ac97c16,2024/25,241bad0e-8d84-406c-88c3-040c8b9a8de7,1
6290bd5d-d5f9-4f3d-b03c-de3925a1b01c,2023/24,5640420e-6a7a-4897-b6cf-1906ca0ce6a5,3
e6d95cea-9eb9-4093-8201-a46a3ebdd875,2018/19,0a8ab14f-a374-4492-9acc-0a1cf2fbb119,3
24c5b51f-dc38-4c25-a8a8-0f6b69134261,2020/21,9264f988-edf6-4115-80fe-5ab6cd0a9b04,3
6ac07a1a-74df-4d71-a8f0-735676f0249c,2023/24,e7dee554-60cc-4615-8474-50c260ae95ef,2
0a33be6a-5939-439d-827e-46ea59a838c3,2019/20,8a0b53aa-a122-4ea8-8a32-fb80f11f2cdc,2
ef428e32-6029-48b3-98e6-6bf121ee0fd3,2024/25,47b4493f-b6d6-4ad3-994f-85fff1906e2e,3
a273e8cd-95dc-4bad-b5a6-3bb6eaef606e,2024/25,afbf49b6-75a5-4592-ab2c-d08295a2a391,1
d7d65b56-9af6-45e1-bf79-79586daa6a50,2020/21,84546ac0-47e1-4932-b173-8e0f393efc0d,1
a70bc745-acfe-46e9-8a75-33d6a66106db,2020/21,7d0ce2be-20f7-4099-add3-2623af5b22d6,3
404b50dd-6a56-4463-94f2-284a77298d70,2022/23,cbeb32ec-d8f8-466d-8977-017ce20d9908,2
a334adb5-d18a-43c5-9146-4563502a7394,2018/19,2b064b3d-3801-4f5d-b158-269afc136611,2
9c040b95-d4d5-47f4-9fdc-1e3f01b99684,2021/22,b5e6c9ad-10c2-4bff-9f45-746f6a7b3465,3
105f8f72-8c8c-4151-81c0-5b48eec84410,2017/18,517c88fc-d2e4-48f9-a244-13a2f0813e40,2
a6c26201-c66c-4b6e-bf3e-6405635ada5a,2024/25,b1c6dee8-393c-44d5-aab5-3369c66cf4a6,2
f2524273-34d1-4d34-90d9-67702e03babd,2022/23,5352a53c-371e-42ed-a345-bdcc7230af37,2
7d0f288e-d857-47c9-be89-ed159642c61c,2024/25,eb6fd9d0-63c5-4080-a5ab-0e9751ec993d,2
960338f3-a9e3-4f4f-bc2a-5b30ca8ceab1,2024/25,069e0b34-c880-4586-9356-708a4afbcfb5,3
e94fc642-4807-4c24-ba61-19478deaa151,2022/23,657110e7-2562-4b51-83bf-69551e37f8c1,2
0049b13b-4854-4e4a-aa29-744b3150b9a2,2024/25,958160b8-1c1b-42f6-9926-09bd848b0439,3
418338b5-e204-4486-a39d-1ecb22f06e2d,2018/19,6bd06b24-334f-4fdb-9746-1d98ccfcfe3f,3
8c4bafbb-d207-49b0-8f0f-dd1177cf0482,2023/24,272bfaa8-fc18-42f2-8300-f77ca505a345,3
b122b084-41dd-4935-a9c9-c324403182ce,2024/25,5e017af1-fb1d-4fd8-ae6b-f20b511544e2,1
714c5c4b-5e3a-4bce-8b75-3c99e266f358,2022/23,125ec0fc-cbeb-467a-8e71-8f0ada688670,2
f420e1bd-645c-4a48-a459-e42e5fe8ddb1,2021/22,2b71ec62-c2bf-4ac3-99ab-166c358d7904,1
579ba753-e182-49ef-8e6b-4aaf7b962454,2023/24,00304b5c-9f80-4755-9db6-70fcfb471122,2
38c5e286-ec0e-4852-a66e-dd4a21d89b72,2020/21,dfc945e1-aaca-4013-b2b3-96e85b299423,3
1a44bbff-2b70-4476-bb30-ff465f2ae19a,2024/25,bdec436e-5a79-4ed5-9db6-0f5c66eae832,2
d55443bb-50b5-4a4c-9a28-6825a98e1e3a,2024/25,ef27dda9-b74d-4e05-a474-3ce88f01963e,2
9ecb02b0-d0d7-4306-b2e8-314ac356af5c,2021/22,44dc201e-dc85-4982-a627-e938ddc48bc0,2
4ee12162-1452-4560-ac10-6ea01c0d514c,2022/23,6ccd22a5-35fa-45f0-8bb0-1fe3f642daf9,3
5e59b613-11f8-4654-a3c9-cd54ab8a4002,2019/20,9d100761-36fa-4c80-91ee-fa247d9a415b,2
49609e62-5e27-4079-ac94-d25d0e5065cf,2022/23,90e55f29-eaf3-45ba-b6d3-9f50aa3d550f,3
4923f44a-7154-48fd-9142-3d8c5e4f1f08,2017/18,1ae7f23c-458b-4bbf-8b00-9eb6a8d3a2b2,3
d3e6d7ed-c13e-4ca6-b2f4-39f63f776911,2024/25,51b47c65-f386-4921-97d4-2832ef428a0b,3
7c7549ae-9044-41bb-a52e-b4797dde4b39,2021/22,e9cd5ef7-9417-43f8-885e-7fbb625e5f1a,3
0689ed46-3004-4295-a1e3-88f249419623,2018/19,8a0b53aa-a122-4ea8-8a32-fb80f11f2cdc,2
fc3486f8-4dbb-4d30-aeec-3fe3c01e8585,2024/25,c577c0e4-163e-426f-99fc-cc4f003f9c25,2
e3f481f1-ad06-414d-a27a-70b4ddc09163,2023/24,a9551960-d7f9-4af5-848c-cb5e73d73e6b,3
cf602e42-861f-4ad0-83e0-32d7b9c7833c,2023/24,9845f271-6a65-4739-b337-4358823c2b28,4
0580bfc6-db0d-427c-8d87-7e42a3ff840e,2024/25,7e50df7b-2666-48ac-85ad-2ed37e8b6dcb,3
2ad62efc-6c0b-450b-bfbf-2858f7891188,2023/24,9506b6f4-6706-4010-abbd-cda04f86a649,3
f2469e46-86fd-4b2d-9f9b-035ef95f544a,2024/25,7849794b-38c4-4a91-a8ac-2e75a038bbc4,2
99fec1cb-19c4-48e3-beff-15f4e97b616e,2020/21,0c132447-b77a-4ef3-8b76-773466c30a9f,4
c730688f-dcff-4601-bfb7-6dfe358dc0e3,2018/19,eaf2f6bc-da6a-44df-96c7-714275cd1719,3
acaa5c2f-888f-4a22-9dc7-1ebf22d9d600,2024/25,4060db76-df24-4395-bc43-9bb5f618080e,2
04fe6646-b6cf-4d74-a88f-6f338896330d,2023/24,b917d372-2d17-444e-8384-8d2a9e5f8453,4
a5b4e4c5-28a1-4a6f-93ad-0b054579c6a3,2023/24,5352a53c-371e-42ed-a345-bdcc7230af37,2
3a6199d0-87de-4128-8721-255f4855432a,2021/22,a260b16c-092a-4eaa-9f5d-4a8a425a65ff,3
b68ebb93-dc15-4bcd-8430-e07963d75ea5,2021/22,2d3c3a1d-0246-49a8-b713-fb234c752389,3
b5ee0ef6-125b-4571-85a4-ae5753609e38,2019/20,6ccd22a5-35fa-45f0-8bb0-1fe3f642daf9,3
95685aee-00de-4bbc-8417-0f54db89ded7,2024/25,060747da-f457-488e-b411-04b14d664ddb,3
0c4c4672-25ac-4429-ae99-868352effb02,2021/22,604bd9bd-bb7e-429a-916b-a63b3f098292,1
c777fd15-1d66-4711-bcd4-0750616eb0c5,2021/22,0f0a965d-ee11-4b11-8539-80efbdc86031,4
c85739e9-da05-4321-9eb3-18fb94ce4ace,2021/22,4817d2cb-729d-4ed5-80b3-8ba056309bf8,3
e3df0f95-91e7-44a7-8d73-601bc47b7a26,2024/25,f51c9384-294d-43c3-9361-38f350856675,3
1049ab12-fba6-45a0-a7be-a0e140462be9,2021/22,a38c8aff-9fa1-4fba-9126-f5d18b077163,2
96af6006-0ccc-426b-8fe9-7abccf221e42,2019/20,499022db-4b66-47a6-9be9-f8ba92e29786,2
2b0b2ce9-aa22-4d6e-bc32-8f5c033c3646,2021/22,2b064b3d-3801-4f5d-b158-269afc136611,2
154f6009-8f4f-4f0d-984a-9895ccf48812,2018/19,4b2db969-8d0c-4c21-a939-0063ae590662,2
74926824-b61d-4474-b0ff-855ef045a43c,2021/22,b340a5b0-42ae-4f2a-8096-1b227edae50a,3
eb553cc1-cd25-4240-9722-bc21bdb540b7,2022/23,67217edb-a846-4ac9-878e-2ddcc1dadfcf,4
c614ea6b-7687-4a5b-bf7a-424d75794c90,2023/24,a38c8aff-9fa1-4fba-9126-f5d18b077163,2
ab6a7556-94c4-44bf-a6af-20a8c880498a,2023/24,634e753c-4227-4caf-b615-3f2d349785f9,2
a310fa5e-a5f3-4477-9dbe-34dc7ff22ff0,2022/23,398e6afe-d051-47bb-936c-de955dad0612,3
95322e3a-8f65-4628-bfd4-1f9f01a8c557,2024/25,f1bcd20b-b791-474b-90b7-c5552694b80c,1
d105eec4-104d-4ad3-99c8-421752bcc3f5,2024/25,0b430c59-3cf0-49dc-ad6b-250815eefcc9,3
79fb1eb8-eaa5-4ce6-991e-e28651cb0459,2017/18,316ae259-265d-480f-93fa-4ce0f626e8b7,4
326545a8-40b7-4ca0-91e8-8e2f1f7200cd,2023/24,74afb9cb-18dd-4e48-aaa1-2267e42b6bf7,1
3c4342fd-35d1-4e76-be3c-65e18da455ae,2022/23,8212e83e-299a-4fe2-b598-7e466a9e0621,3
f2da22d3-99c6-4bf8-80a7-0506268b5365,2021/22,e82f741c-7aaf-4807-bbfc-ce5f4a0d98b9,3
a5453406-a923-459e-a925-e645c116e8a8,2018/19,673743f6-2b57-4f2d-b024-440a9e0f77ce,3
f5f64383-0a4e-4bf9-b3ae-b35e5cf92d83,2024/25,f80af03e-0c06-492f-b2f8-3af6e47da055,3
2fc2e8da-db37-4821-9b43-bc3617ac0c70,2022/23,b5e6c9ad-10c2-4bff-9f45-746f6a7b3465,3
4f02a42e-19f1-4e76-bfee-e665af23be9a,2022/23,3c643231-db3b-46f4-80f0-a33979f63288,3
5c7a5012-3a29-4c44-9c46-aea151b0a353,2024/25,d3f202e1-9a00-49d3-99ae-d6f6f2c25e79,2
a819d97d-575d-4efb-ab06-4907ab93cd8c,2016/17,7aaf79cc-c65b-4e01-bd0d-fc5bd58bece6,2
c9939cbf-3f48-4785-8b0a-a86c2b969f5e,2023/24,499022db-4b66-47a6-9be9-f8ba92e29786,2
ebf31411-a224-435b-a213-53313489792a,2024/25,38de7a0b-149d-47fc-8dc6-1a1765afcdd3,1
e6d14dba-22fe-4661-8b3c-ccb6336bc5b9,2024/25,398e6afe-d051-47bb-936c-de955dad0612,3
926ce9d4-8289-4688-9531-4cc6ca117165,2018/19,06c9080d-7207-41f4-a067-fa9ec2164b86,4
7d43c2aa-ed86-4eaf-8724-a93a2d4bcfd9,2024/25,2456c5b8-e6c9-4ea3-9269-41f7c6216476,2
5f2cd4c2-cdf4-4a12-a724-cb21e9b4674f,2019/20,d7143196-0a70-47fd-8ce7-f372f88a1381,3
c03115b3-119e-464a-96b8-a1d7a1f29a47,2023/24,f5064d39-0ef6-4eea-8795-9bfa7bcda88d,3
d3e9c305-1b64-416e-b740-a47ec0dbd32d,2019/20,049a7ce0-2122-4c95-b21b-097e3d229319,4
2c9cd8a0-72a0-49bd-a7a8-83aaa370f731,2024/25,df9d9003-755f-4e22-99b7-58ea6b16dc24,3
e2c5f177-5157-436f-ab80-c08f7fa5a1a0,2021/22,06bb6c3b-9a4c-4452-b53a-aff70107d7af,3
237eb4d2-8d49-40b9-b253-67d8b7719e58,2023/24,f51c9384-294d-43c3-9361-38f350856675,3
eaea53f3-fa9e-4ea1-a678-7fee2ddd4e43,2023/24,71e04b79-f1a7-4123-8130-bae9732ba772,2
25f70bdf-1892-4d09-82f0-9e4062b34b81,2021/22,3359e9ae-5151-45b4-8e0c-77a2b0623e8d,1
c2fb3653-4d2c-4d0e-8746-a7661c23f028,2021/22,7cdd3161-7671-44b1-ba34-2c6aab483072,2
5aa1dc7f-03f6-4b5a-bc68-0c3a2c09ab99,2018/19,c5cedf3c-3401-4c4a-b95a-74dcf8a51156,2
ac001b2d-e5f3-4ef8-b12b-dd06699728ee,2021/22,398e6afe-d051-47bb-936c-de955dad0612,3
ee3885cd-b0d9-42c4-9e3e-96d8adde68a0,2021/22,fbeda0b1-fba6-4982-bc64-fcb647bdb4aa,4
eae9ad1c-35b8-4ee4-9cac-a12796b55fc5,2024/25,3a3343ac-df8a-4423-9c8f-614fa31f7612,2
afb64c8d-de1b-41d6-a0a7-549843bf3a3d,2022/23,8e9b9927-a7a9-4302-8cd0-774e1e696c78,3
344a3c29-667e-441e-a76a-1378b865ad72,2017/18,02d7c5e2-e436-461b-95e5-853765be5a86,2
b4d3b273-8d3e-4c95-9119-e0d48053d5b6,2024/25,0e4b4858-babe-4843-a160-f05a40cb4f6c,5
9ea54d73-6250-4089-98bc-0592a0d0f21e,2021/22,a813d09b-3694-4714-b863-bb5997ef8f43,2
f20523b4-d692-4dbd-9fa1-037f0c8ca7d5,2017/18,46b262ba-a864-4a5c-983b-8287c9e1b2c6,3
9aa797bf-f948-489f-83d7-155ab3f494c8,2024/25,b4488bc0-e064-48b7-b498-c58aa2b1836f,2
90a5fc94-bd86-4515-8f13-9bf4449c7bb7,2024/25,794ce9ff-d47d-43c0-b13c-1e48807bc608,2
a8099efa-6f94-455e-a41c-f10ca35c1ab0,2018/19,a813d09b-3694-4714-b863-bb5997ef8f43,2
ce98c90f-c01c-49c0-9797-8adab7fa6d6f,2021/22,9264f988-edf6-4115-80fe-5ab6cd0a9b04,3
92668a41-112b-413f-96b2-710934c0e8e5,2016/17,7958aac6-8834-478e-8351-fcad78301d6d,3
303933b1-3849-4928-a13e-9768aede2132,2020/21,b2956a8b-fe92-47c6-b79b-de88325f518c,2
50a01292-5628-4683-a2ad-52f5be7bc0fe,2023/24,a3839c5a-f87e-48df-9a8d-dc0bc957b87b,4
ff57b21d-6a36-42c3-9b48-958919320e1d,2024/25,2b064b3d-3801-4f5d-b158-269afc136611,2
e6acff67-0aab-410b-99d3-e9557132a72e,2022/23,b771e153-5d75-49ce-8fbd-e6e1cbda6bd2,2
3c59f596-a683-481c-91c3-a7f5b0a5484e,2024/25,7f9fcb74-c154-403d-bf02-0acda41108fa,5
2310cfbb-59be-47be-bfed-5c64aca24c99,2024/25,3114f8f0-79c0-4955-ae6a-3dc31bfd90e1,3
e544153b-a9f0-43ec-8e96-01281b9359e3,2018/19,bf428111-cd34-4d6e-afd6-31e7a312dc1d,2
79558ae3-2cd2-475e-9b60-4096d0636a86,2020/21,049a7ce0-2122-4c95-b21b-097e3d229319,4
937d07c1-6578-4347-ae46-4021ce7a6c54,2024/25,cbf71d01-10fb-4ac6-9c80-58557bb4347e,4
84c203ca-b527-4d62-ac2e-a336d9713590,2023/24,64c1604f-20e8-4f70-aca6-234467915cdb,2
87b0b9e9-22b0-459b-bd42-e513e8c1df73,2020/21,3b730726-1e3e-4d2a-9bc3-61177fb5d031,2
d5f4fcd7-d1dc-4287-ae0d-c4aa732e460d,2023/24,2fc945e5-d19c-4530-a647-863b0ea4396d,2
8dedfaee-70eb-4a9d-9778-6c2dcf3c9a0f,2024/25,6d3fb615-c3e0-4895-b384-57dcb3dc557e,4
5f442c78-000c-4573-af74-2a7bd72d4502,2024/25,a5e18fe7-45fc-4d0a-a4f8-ae032850f68a,2
2792c5b8-4ab4-449e-9557-43d9ea760ed5,2024/25,ec207835-87ee-4056-8795-9b04f054dd05,3
78b17c9e-4533-4a02-8e7f-216cca7b5852,2021/22,493f278e-a61c-4a7b-bfbc-b7ae9d3926fb,2
9a85b1e5-240e-4add-99b6-5abee65145c1,2022/23,978b7e27-fc49-4e82-b51b-26bc9a204756,3
05e0fdfc-d1d4-40c8-96f4-4fc694d294b2,2019/20,b2956a8b-fe92-47c6-b79b-de88325f518c,2
aca3358c-e6f6-451b-a634-70ce229e4317,2022/23,d61ea56d-0474-4524-a061-9869f4ccbb19,3
41af60db-31cf-4487-ae6c-14a4767d94d0,2023/24,ef0771b9-26c5-4915-8dea-392a26f45cbe,2
c23a856a-f78f-4500-b903-285af6dd9982,2024/25,79a8c4cb-57b4-4560-87e0-fb36aa54d359,3
60fe5998-3707-475d-b92f-8090234e4aeb,2022/23,c49b3106-4c26-46c9-bbb8-4e132b81910a,2
1ed32d85-1a38-4083-929b-335da0ca4fa1,2023/24,84fa1217-2dbe-4acc-a446-1f78327fe989,3
5d3fe455-fcfa-4cd0-a706-2a6dd1dd8f2e,2020/21,159a70a6-77c4-49e0-974f-019d3e6ab615,3
7e040ae1-bd75-4c64-bf71-7da7e5a7d5c7,2024/25,bb980a5b-6f4c-4bb4-8f85-9c682f3370c6,2
b92f25a0-3947-4cc2-baca-695d577a515d,2018/19,6ccd22a5-35fa-45f0-8bb0-1fe3f642daf9,3
2a8f7dc4-d3e9-41e2-8275-1542bd1611ab,2021/22,df9d9003-755f-4e22-99b7-58ea6b16dc24,3
5c3dbcc6-2882-499f-8db7-f4a476de60bb,2022/23,1887fa3c-0dc5-448b-9cf6-a4cac5f6ae96,2
ecc34f1c-e0ba-4780-8457-7734526d71a6,2024/25,8295176c-01fe-478e-a689-ff94aed0fbd1,1
da61f97d-3478-4ed7-aee4-1232d62e2431,2022/23,6e1f4c41-bcc9-4373-a593-e5f236ca9994,4
bce08a1a-15b4-40ff-aa49-164136133f00,2016/17,794ce9ff-d47d-43c0-b13c-1e48807bc608,2
81376de2-9f7b-4b52-9fcc-70753653d224,2024/25,8c7bb2a4-d4c5-4db8-9de0-f28ada45b0ba,3
4aa2763a-cebc-4bdd-ad77-51e0dd9b3860,2020/21,67217edb-a846-4ac9-878e-2ddcc1dadfcf,4
4f06b3b7-8242-4526-ac52-1b8c14cb0155,2018/19,d7143196-0a70-47fd-8ce7-f372f88a1381,3
6cd88048-eef7-4675-88ed-c634d45e64ee,2024/25,6b8f9b22-9763-481f-9392-5c3cf4070706,3
93743efe-fe8f-4051-8c46-b9535f6717c4,2022/23,9264f988-edf6-4115-80fe-5ab6cd0a9b04,3
c66760c2-dc31-45d0-9e82-cf70c5857e90,2019/20,e14a60b0-c5c3-482d-9b61-01d92aeaaef5,1
3e00a3d9-c650-44db-a131-bb19a113c2f8,2023/24,8a50219f-55c4-404b-bc89-9754e0eb85de,3
8f216bff-2ecf-4e94-a573-b619a1dcee1e,2018/19,ba35841c-cdd5-4031-b2ad-00f11cc639c9,3
6e2eb76b-f61f-4c88-9073-7d6c168424ee,2022/23,87c3b645-1b39-4ff6-8e5c-ee06dd89f269,3
f39cd416-6fa6-45fa-a646-1404b7936d25,2024/25,0f0a965d-ee11-4b11-8539-80efbdc86031,4
2bf5c12c-ffe5-4935-a71d-908c935d09e8,2024/25,0c5a005b-9701-4f88-9686-5ca6d9d6a6d6,5
ac0e6040-09d4-4081-891f-7d09f749c12a,2022/23,f8d026d5-43d1-43c8-aff8-8855325eeda9,3
8038514f-c884-483e-ab8c-e28d7635f63f,2024/25,ca2fad3c-7b24-4564-b856-18eaa1454bb8,1
9953deac-9d8c-4fcd-9880-0ad287f57efe,2024/25,c210e153-763f-4bc6-96a7-063bc363159a,3
7e6a541e-69cb-4674-b290-3a4a8798acea,2022/23,3a3343ac-df8a-4423-9c8f-614fa31f7612,2
c8136628-b0b9-4e0c-8f0e-7020ef5d45d7,2024/25,8c8cc68d-e4da-41c6-8716-a17bb3f8529e,1
eebd0fa2-7d70-4a2e-ac0e-ae8dff851188,2022/23,6fde9f20-8252-414f-a30d-8fc120612036,2
13d9ccb9-0e55-428d-8b89-1478b765503b,2024/25,e9876fd3-9487-44e5-8c9b-9a41dcf1ac2b,2
b23c44d2-cebd-45a2-abfa-8ea97cf1f836,2021/22,794ce9ff-d47d-43c0-b13c-1e48807bc608,2
cffea9a6-4d47-4902-b8f8-72357d084fb4,2024/25,0f4c04eb-d670-413f-aa27-6ebea80648cb,3
10c3e84f-9adb-4113-9a24-633277e1c6d7,2021/22,cc48ff04-fda2-4ab5-b65d-7a7fe526fb2f,3
c4abe8c2-b7cd-499b-8e04-4a604c1b5153,2023/24,df9d9003-755f-4e22-99b7-58ea6b16dc24,3
4829dc5c-1c0d-4d45-8115-15acd8f408e1,2024/25,bdbdae70-b65b-42ef-8c71-652c3870558c,2
7303e9bd-85f6-44fe-b9ea-4f098a62439a,2023/24,dd678e0b-c375-428e-96fa-615f1dc5f283,3
f859179a-aede-4802-b434-74ed2b95bdca,2022/23,b066e645-c6a2-464e-b911-c0d83cb622ac,2
82e646af-1b52-4612-b315-60f730437375,2024/25,7ef17fb1-41aa-4135-840c-78dab8eb0374,3
daa88a8c-9813-4417-b79f-05454b9e7cdc,2021/22,dc327a0e-c462-4b63-bdb0-a7def1b09ab3,2
c646bea8-87c3-4740-97d5-a4acbefb4b7d,2024/25,6d2b823b-8112-4409-90ed-91e2a1f03ba8,1
baa2cbf2-076f-41d2-9173-eb62c060bcaf,2021/22,b390871c-5ff9-47b4-9fbc-8069f15ccc95,2
6240ca36-7438-403a-83d0-5e03617b3032,2023/24,2de4111b-3169-48a3-8e41-c9fc7e174dae,4
e477912c-92a1-49d0-8979-8f7f2f4060ef,2024/25,205638de-4f26-42a1-98b6-f91f0bb35cdb,3
2e2d896a-40b6-464c-887b-79cbea063adc,2020/21,604bd9bd-bb7e-429a-916b-a63b3f098292,1
d1c66a95-a249-47ea-8703-696a5ea3b503,2018/19,5167d7b8-c362-4ebd-8d34-fc379f6ecaa3,3
962fca08-cf4a-46d4-a61f-d6e9146c9bda,2020/21,ba35841c-cdd5-4031-b2ad-00f11cc639c9,3
d0bd37b3-aa7a-4366-81d0-079b73788d01,2016/17,499022db-4b66-47a6-9be9-f8ba92e29786,2
3484d00d-f060-4f3c-8066-d18bb8510cc9,2020/21,58fbf6e5-9ce2-410c-a1f9-e0d2f4607ad0,3
ad114f27-52b5-4153-82b2-ac114c8ad1d2,2024/25,f6da99d0-3d76-44e8-9a59-110a23a11dce,4
b72f1219-518f-4454-8261-291fc0fc035d,2024/25,dbbbab45-12ce-4799-94fb-9049cf691b9a,3
7f182fba-7eee-4b25-930c-094895e9bdf4,2024/25,78cef93a-5d90-47df-ae43-9951588f6c59,3
1454c46b-3666-4ed3-b8f8-2f844e495ab5,2021/22,1ae7f23c-458b-4bbf-8b00-9eb6a8d3a2b2,3
dd91e826-f401-4a68-b84f-e584b32f594f,2023/24,8d8a8e65-90ee-4e5e-9e67-279929f6005d,2
65ee4143-24dc-4a85-af1a-3a7378e18f63,2024/25,f0a83477-9a84-415d-a7f0-c16f464ca033,3
92eb2fcc-61ac-4a31-94a8-af9fd3527d38,2022/23,ac9f956e-8a1e-44c5-bada-92041eda09ef,3
f90052e9-5646-474f-abc5-d8cb1cd61aa6,2022/23,3706fb38-9c0f-4fa6-a4d3-69171dad0499,3
269ec467-e9d2-42ea-85bd-88ed7595916b,2018/19,26eaee45-f326-409e-8d39-72d972f14e96,2
b8aea7b4-f9c7-431c-8ff1-f1756b0cd444,2020/21,35be4ca9-a98f-41cc-94e9-0c54c64ef3db,2
5df34e74-3c60-4fc1-9f0e-e0ab21dbbc29,2021/22,bdbdae70-b65b-42ef-8c71-652c3870558c,2
eee31ed5-02db-4757-97c9-4bb188edafa2,2024/25,602a32fc-f64c-41ec-93c9-32fc9192864c,2
e67f5e56-a96d-4fb0-81c4-46c2cf7ae5da,2024/25,134b692c-b3a5-477d-ae7b-610a63bac91c,2
619ec09c-2113-46b9-b967-f59401c5c0d8,2022/23,8c8cc68d-e4da-41c6-8716-a17bb3f8529e,1
586e30c1-2c5c-417c-8b5a-f0c97f121b9b,2022/23,b917d372-2d17-444e-8384-8d2a9e5f8453,3
ecf6037c-83c9-4f75-9f4c-d5817a0c0154,2024/25,f2114ba7-f7b6-4935-8cce-503ef22d76a7,1
edfcd6e4-68ff-4867-aaf5-6798c575ce0f,2023/24,ddbb6b67-0242-47e5-9af0-072b452429d2,3
f8cf0779-4f73-42ef-9ecd-fb1e4b915a47,2022/23,7299a365-c7d3-4fae-983c-d6b980719a1d,3
3c05cf09-a6ec-4580-84b9-fc07ce1cea91,2024/25,90385cd1-1b4d-4eb7-8f0e-4ec42ec27b40,4
6a3993bc-018d-4dbf-9d6f-15fea91ad195,2023/24,af5e5726-fb1e-4fdb-8879-a28afd3dde17,1
38413f5e-39a8-4546-be28-fce37c026432,2020/21,1c660429-4643-421e-a350-ab36f78cb9a1,3
c7829e93-f145-4a93-82b8-7694e18a0714,2018/19,794ce9ff-d47d-43c0-b13c-1e48807bc608,2
a6dde052-08c4-4575-ad06-ac62b64bb550,2021/22,cbeb32ec-d8f8-466d-8977-017ce20d9908,2
ab148a97-dbfb-491b-8540-ed7f0d7459a8,2018/19,57d51316-9d56-4d98-9df7-f5fc936704bb,1
48ead6f5-ae5f-4c3e-a54b-490e6f325653,2021/22,21eefcd3-6c20-4e20-aebf-36f50f38fdd1,3
ca74bf38-9a85-4527-b0df-9086d2919cc0,2019/20,9c3e5a68-1061-402c-ad21-25b8c26178ff,2
317acfae-0645-4f71-9428-081efed0d685,2023/24,794ce9ff-d47d-43c0-b13c-1e48807bc608,2
bac3b30a-38ae-44b9-a338-0615a65ab905,2019/20,3c733308-8ffb-4ef6-b24b-81ae97163f7f,2
56d0a4e2-250b-4200-90b3-31ff813e2f94,2022/23,dc4e0b8b-414e-4811-ae72-8efdf9531f4d,3
3bc84888-fcbc-4a20-a339-8c8246109209,2016/17,e82f741c-7aaf-4807-bbfc-ce5f4a0d98b9,3
d381adb5-5b54-4e22-a5c6-225e6e401578,2021/22,9d7e7d62-8e52-4b74-ba94-c1eb97aba0c6,3
3268db92-981d-4dcd-bf3a-b2945d18e675,2024/25,2d3c3a1d-0246-49a8-b713-fb234c752389,3
c7cb915f-a211-4679-930e-24e871244418,2024/25,86e096b9-965f-4b13-bc0b-7dc91707f0d4,3
a684a186-9146-4139-aabe-d39905c9b083,2024/25,a7c6ea10-4548-4496-be01-8385d6b36d66,3
fee58168-0e5a-4e08-bade-ebfd90b67776,2016/17,119bb379-3aef-4f9e-8978-3e27561773b8,2
eb7e6dac-df8f-4792-8fe6-45061048d1fd,2020/21,b90def95-9562-42fd-b58c-8fac67adb479,3
e9e40741-c92a-4a95-90cc-0adaf93bfd4b,2023/24,673743f6-2b57-4f2d-b024-440a9e0f77ce,3
7f0c1599-4dd0-4bf9-b44d-8ff14d9e6512,2019/20,7aaf79cc-c65b-4e01-bd0d-fc5bd58bece6,3
1e0ca83b-204f-4d81-9598-9a4f56fbff43,2021/22,6abf2e43-7532-495b-9baa-6d4563ec960a,3
64f4163a-4cbb-4df5-88a4-0b074a223ba8,2018/19,f51c9384-294d-43c3-9361-38f350856675,3
43b4d0c4-beb5-4e24-9fde-ac831c7d418f,2024/25,023da49d-2e7d-4907-9df5-f04db9b0fd41,3
4944f451-ecc7-4c2d-a6ea-b2a5cbec7773,2024/25,987b1de6-1ff9-4545-a1db-c2953f798aec,2
fcf42da3-7ee2-476b-8a10-5340604ca1d2,2021/22,00490f26-6814-4df9-a1a8-8f3532e6a9e0,2
3b2fca23-7d00-4e11-95ce-0994abf9a3aa,2016/17,45f8df16-463f-4069-948a-36689e9398fe,2
bda3e606-10d9-4f89-84c1-8af2f6e87806,2023/24,46b262ba-a864-4a5c-983b-8287c9e1b2c6,3
d03e45bc-6e69-4d29-b155-6e2b613cda3e,2024/25,22917443-6744-4177-bcf2-288cc523b2d4,5
1b60679a-479b-42c1-85ef-04eeed001789,2024/25,a93384c0-7470-4437-9549-7000c61f9b36,3
4e07ea27-9e9b-4da7-b809-41590c0ec713,2024/25,a106c077-5b59-42d2-97d3-d938b4530fd4,2
217caddd-eb42-4ce6-a143-050f3c48409f,2023/24,3acb44ae-5b2f-45c5-9869-84d7afbc168f,3
b12d53a9-2978-4bcf-aa71-cc830d55b676,2020/21,06c9080d-7207-41f4-a067-fa9ec2164b86,4
890962e6-cb07-47bd-96b8-83dcd94341d4,2020/21,dd8d4123-995c-434f-8617-1ca644f6f2d8,3
557ddaa8-8073-4c83-9695-5ba7a81f6963,2017/18,ae038a6e-37a4-4610-ba9e-4cb35f66b3bd,2
c67bb4e9-a362-491a-99cb-6fac4d9e329b,2022/23,c0b876d5-f9e9-4ea8-af27-9cb7687b1f92,3
f6d0632d-5d4f-4781-af71-0513b0f3f3fb,2024/25,881f4ab3-adab-4461-9561-4a736a1d3e31,2
f9550feb-d2ea-4b44-96d2-288cfb7cd6e3,2024/25,0dbe7e79-cbd1-44c8-b2e3-925b0070aa9b,3
486fc4ad-e28f-4454-8c90-b6cc72f4b6fe,2022/23,0a8ab14f-a374-4492-9acc-0a1cf2fbb119,3
922af81b-cb74-47bb-aa01-d03a5bdf5905,2024/25,cd5c57a2-8d24-4b10-9104-d67f8b87f85a,3
9ede93f3-1bc3-413c-9e69-9b308d617bec,2023/24,97bf024e-98d7-4f14-9b3f-7f83a23c1d26,3
f2757dd7-bb92-421d-afff-93a9658edbd7,2018/19,6b8f9b22-9763-481f-9392-5c3cf4070706,3
3e1ee7af-b335-464c-85d2-7043cf23f286,2021/22,272bfaa8-fc18-42f2-8300-f77ca505a345,3
b4f18caf-c861-4623-8d07-63e8811554a6,2022/23,112a1260-0cb2-4248-b27b-68e25d2c087a,3
3ec5191a-53d8-4c74-a4e4-0fdd3518eba7,2021/22,701caef7-4a05-4908-8c32-05de68526194,3
52d3c8fa-4935-4bf9-8c53-e3dd46ef7435,2024/25,5105b215-ce6e-4494-93d2-f5aab4a3315a,3
c5b08981-c52a-4938-b608-a2b8e0a80997,2024/25,e642deb6-f398-4f23-8f6b-4517569c6521,3
4f635976-0276-4f07-8f08-db9b497db508,2021/22,ae553ab7-226a-49c0-827b-6652d5d1c7a0,4
a4763bc4-aff1-4da4-8d3c-32f9ad447d40,2024/25,a8dc9e82-f136-46ca-add6-dd8d3f7181e1,3
00cd97c5-1c77-4db0-8d5a-6b555d235f01,2021/22,0d1a6874-c8a6-4c75-9e26-6cc146615f85,3
d032d57f-38a1-4ab2-a0a0-81285651e932,2024/25,ae32d960-6ef2-49be-9ddb-fb32ac08929d,3
0b6f73ac-f2f9-498f-9c14-7c05a7e63119,2018/19,dc4a57f5-c41d-4b7c-9911-f8c0143162c6,1
d2535aed-c139-495f-acc0-9b7de0a57f07,2024/25,701caef7-4a05-4908-8c32-05de68526194,3
96a2ab05-7fe2-4d52-8fff-d63b728683e3,2020/21,58ecb62d-6842-4969-9c96-1eb5f5a3844e,1
95b4c02d-752f-49e8-8f87-9550daf126d3,2024/25,78b25f86-58fe-4875-b7a0-38e71d54ad53,4
2f07a449-6ede-4ca4-9dc1-bb18fb61be64,2021/22,bc7b3008-ecdf-482b-a820-20ef64676b4e,3
7a49c4c0-4a43-49f1-978d-e61c23724c1d,2024/25,16c6ef10-235f-47b8-91ac-7dae8c0292bc,2
b0a04a26-7253-420b-82b8-040512fcd5a6,2024/25,7183ccec-0ea9-4ec1-bc31-32c5a55bd384,2
88d8c3f1-4ccd-4159-a35c-777b0419fdd8,2020/21,0552be44-9d74-4958-b8ba-3b4d84ed57b9,4
b01fd2d6-bb54-4fee-bb7b-d79b57545fa9,2022/23,8318a5ef-20aa-4111-a203-80bf0226adf0,3
0b912382-9a5a-4949-96ce-2085eba9dc9c,2017/18,497e140c-b603-4399-abb4-81cfb4a38b39,3
4fa3ec8c-224b-468f-8d97-e57eb9aa4431,2021/22,fd6c27e7-f130-4343-aa06-b74e8ef628fd,2
067dcab8-c12a-4f11-a777-b8dca85bd9fd,2022/23,faa6df39-9f37-4a86-bb1a-58232e80156e,2
6b0852ae-c8db-4f6e-8e6c-e1f33674b495,2021/22,2456c5b8-e6c9-4ea3-9269-41f7c6216476,2
2baa0e49-c119-4e37-b148-c313ca295ddc,2019/20,df9d9003-755f-4e22-99b7-58ea6b16dc24,3
1312c08e-fd45-4603-812e-60c3a984edf4,2019/20,a813d09b-3694-4714-b863-bb5997ef8f43,2
bfa3e61c-4afa-4f83-8eca-851b6eb583f8,2024/25,2113ea99-01a3-4d0f-ab90-8cf8d7a22b52,1
ad193867-1574-4282-874e-39b3423498c8,2024/25,d7b7e799-d34b-45a5-9e63-719d4300cb4e,4
4cecaba9-33ed-441a-bf00-1b08db013bd0,2023/24,06c9080d-7207-41f4-a067-fa9ec2164b86,4
c8d02508-3671-48aa-bf1d-b33d1407d348,2021/22,7aaf79cc-c65b-4e01-bd0d-fc5bd58bece6,3
51b5911f-7d56-4d08-827f-6a87464f463e,2022/23,dd426201-6b0d-4e17-a9fa-639eeb2ac418,4
9ac000f8-35d2-4f28-ab02-85b0cb523e89,2017/18,7aaf79cc-c65b-4e01-bd0d-fc5bd58bece6,2
47ae54a6-3854-4b0a-b182-9a606cc211c1,2024/25,b3e3ad3e-3d3d-4547-936b-63f488921d83,2
88beae8f-2308-4eda-84bf-3bef63ff2a9d,2022/23,7f160bcd-c48f-454e-bd10-5d13e7b7a608,2
d8a73a45-9271-4ceb-b3ca-372530b6b140,2021/22,fe136669-0afc-44f9-9800-1193f7670ceb,3
01d8a5a2-5f9c-43d6-a3aa-af1ce7d96c77,2024/25,8c847126-728a-47e6-8521-13af156a6181,1
34e973e9-9256-444a-b5bb-ad7dd156a474,2024/25,cfa0cd66-03e4-4dac-b6ab-aaf0a86fddf8,3
9cde0ecc-04fe-476c-beaf-b0109828fc00,2021/22,7f160bcd-c48f-454e-bd10-5d13e7b7a608,2
8d785f03-1faa-422b-84f3-eb3d25d503fa,2017/18,25e1b024-b4c4-4732-9894-b39b4415754e,4
ca05227e-04ae-4583-a841-cbe63135e553,2023/24,e1a5293d-11cb-4154-a20c-75d19e4a3ffb,3
b5a5abef-b0cf-4706-8740-ed627c6f2294,2024/25,9dc9d7d5-adb7-4d08-afb8-4b30b62c446d,4
d7a211e7-a18d-4027-b22d-398952191fc7,2024/25,ea360a6a-5ac1-4355-965c-9b1552c0b9d1,3
e0bf806f-64ac-4cb4-b375-ff9214986248,2019/20,ef0771b9-26c5-4915-8dea-392a26f45cbe,2
a07491dd-3b74-4a6f-9cf2-5191001656bd,2022/23,1a05965f-6a72-43c3-8a21-5d90201b464d,3
221df33c-6342-4676-aa9e-ceea604f7048,2020/21,1887fa3c-0dc5-448b-9cf6-a4cac5f6ae96,2
3e9a136a-deeb-4962-b595-a56ce8d4b3e8,2023/24,8c8cc68d-e4da-41c6-8716-a17bb3f8529e,1
590f08ea-d707-4211-a13d-6cff5f8568a0,2020/21,d7143196-0a70-47fd-8ce7-f372f88a1381,3
cb187b98-0231-43ac-b861-d11b41d12b97,2024/25,1a66fd6a-6710-4f29-a6c5-89c04a1049b0,1
674cae37-0645-4f31-bdf4-b16158cbb80f,2024/25,a7f69c5f-2404-4f5c-af99-f4ab747da321,3
04cae338-6a97-4d60-93f1-d704abfe5f6a,2022/23,dfc945e1-aaca-4013-b2b3-96e85b299423,3
3130c005-681d-4609-b67f-29f8d719878e,2021/22,114c54aa-c2b2-4adf-b9e3-052f9113dfdf,2
ba2d98af-52ea-41e9-bb85-0de72d435d1c,2022/23,7045407f-356d-48d2-8736-5b310f8e703d,3
45d901d0-0705-43d3-95bc-0ad965cb5040,2019/20,32a1a749-cbe9-42ad-9092-e85ebfa2d361,3
0eda5fea-94db-4363-9fa3-9ffbba3e95b5,2023/24,7cdd3161-7671-44b1-ba34-2c6aab483072,2
7a81b88f-fb1b-4df2-87b0-70a73d9794c4,2020/21,2b064b3d-3801-4f5d-b158-269afc136611,2
73353b19-5332-410c-8526-dbe2b2c8cb55,2022/23,d0086f76-7a71-454e-9047-a5e6095d833c,2
25cfa466-5e6f-4b3e-97ce-af9161aa0143,2024/25,4dc79854-22a7-4d9a-b7e6-6b6024465d87,2
56286f51-c869-46c5-828d-b9fe6be2d1dd,2022/23,caaa5e05-744a-4b07-84ec-85c9f12315a7,3
aeb4c542-1fd0-4454-854b-796f735529b7,2023/24,fe136669-0afc-44f9-9800-1193f7670ceb,3
fb35776d-9df1-4450-bcb6-4a7d059f6cf3,2023/24,978b7e27-fc49-4e82-b51b-26bc9a204756,3
d82ddb81-9176-48ee-b605-6df6a1a3676f,2023/24,b118bf52-b844-489f-9dbd-9062311f444a,3
382c28ad-3a70-4571-b82e-bc6833e862fe,2022/23,c0e3d0b0-8ab9-4301-85e4-ee12d5aa5e8b,3
23e4b22d-f471-450e-89ff-b528ec91c9a7,2021/22,02d7c5e2-e436-461b-95e5-853765be5a86,2
9f051973-d71d-4752-a25e-1084601bf2d5,2024/25,b7d5d127-bdfb-497e-9767-9dee5b80a9eb,1
dec7e164-e1aa-4410-8392-27cebb1c26f9,2023/24,fbeda0b1-fba6-4982-bc64-fcb647bdb4aa,4
b7668d35-f2cb-4d87-84bf-44341902c78c,2021/22,2f0ea22d-f760-4599-a623-60f4e3be22f1,3
3318a4ad-aaa5-4ae3-8cc7-ae1ac6953e91,2023/24,45f8df16-463f-4069-948a-36689e9398fe,2
aabe0b89-3e4f-4ab4-9b4d-5279f4920844,2024/25,39b7e45e-ca67-43b4-bdae-fa110e16bc1a,3
d96a9369-bc1d-4374-98cf-5832115dd2b3,2021/22,2d73beaa-be2a-484c-9dff-1bf7927941e2,2
00b8e061-d7ac-4cec-b54b-fcb6d7d1f341,2020/21,e14a60b0-c5c3-482d-9b61-01d92aeaaef5,1
a6b7065a-b98b-4683-8742-03ca6ad8d3db,2023/24,e45a67bc-f818-44b2-86f1-2b2c16924a11,4
e742f0e8-f079-4272-9c6c-3ee848953ab6,2024/25,849e9e22-c994-4e94-b9d8-18e9ac8d9fe6,4
9da6b4c6-0299-43a7-a330-8c6baae47c05,2024/25,00feecc2-b82f-4759-a986-d8c283132ebb,3
87fdd4e0-cd21-4951-9c80-87719e7c1c90,2019/20,49acc28c-0579-4ecf-bb09-7844ec2862b6,2
5bda5271-0e00-4f76-989d-0b2bcfcd415f,2021/22,7fc92228-dc92-40c8-8907-f3400530fe23,2
6d926d83-0bad-437d-b02b-ad49a48ef520,2022/23,159a70a6-77c4-49e0-974f-019d3e6ab615,3
6b3972dd-87e0-431c-97a9-bb1289e58d38,2024/25,fae871db-f1d1-46cb-9a37-a68b23418fa7,1
111eb6ad-118a-412a-83ad-11515a280a94,2023/24,1ae7f23c-458b-4bbf-8b00-9eb6a8d3a2b2,3
a2eb90a0-aa22-4de1-a533-9225866c2909,2016/17,657110e7-2562-4b51-83bf-69551e37f8c1,2
0993d133-c53b-41f8-8848-651a6fae810a,2016/17,9c3e5a68-1061-402c-ad21-25b8c26178ff,2
3dff08e1-b6f4-469e-b5c3-0cfd4b4dc963,2020/21,2de4111b-3169-48a3-8e41-c9fc7e174dae,4
01cc599f-3b17-448a-8c9a-af980bec51ba,2019/20,c932dd05-c46b-4c8e-bffd-ebc3be8f8402,2
e7139526-b113-4d54-8443-80ba15fb66d2,2022/23,3858ec1b-1c61-4728-bcf3-15d955a16881,3
4351488c-31c5-483f-b716-2103bbd0a917,2021/22,673743f6-2b57-4f2d-b024-440a9e0f77ce,3
35efb9e3-8998-4616-a747-57d20c477fc9,2023/24,6b8f9b22-9763-481f-9392-5c3cf4070706,3
2ff0074c-55a2-4828-80b8-a27458afb471,2023/24,15a27285-1e19-4e00-970d-f2ca8c65d987,3
d27ce7d8-1388-4057-b000-4a5af38533a7,2023/24,8a942902-7e65-496f-97ab-36b2020d968f,2
d6ba7c9f-c21d-40a0-82fb-5ed9f9de9e51,2021/22,0f4c04eb-d670-413f-aa27-6ebea80648cb,3
ba50fd4f-8ef1-4795-be1b-918629789300,2020/21,57d51316-9d56-4d98-9df7-f5fc936704bb,1
edf16f04-b340-4be0-9c6d-427114c18a40,2023/24,90385cd1-1b4d-4eb7-8f0e-4ec42ec27b40,4
d1ce90a7-4535-45a6-aee0-11d94605d3f9,2020/21,7299a365-c7d3-4fae-983c-d6b980719a1d,3
21a452dc-bb0a-4942-8fcb-b376f8aa2d4f,2023/24,9c3e5a68-1061-402c-ad21-25b8c26178ff,2
769f77d9-ea4d-4645-bfe5-e193e3ebd699,2023/24,152452e6-1e36-4c7b-b9aa-15d38bd2fcbb,3
5a137ee5-8244-4ddd-8785-64621c54ad34,2024/25,7fc92228-dc92-40c8-8907-f3400530fe23,2
d96a198a-d21f-4b5c-bcc7-1ef220854524,2019/20,119bb379-3aef-4f9e-8978-3e27561773b8,2
94b38db6-8778-472e-ad87-e08679446d19,2024/25,2cb1c2d6-7875-4bca-aaf3-f9a0db2e5f2d,2
6bcb9418-dd77-4eaa-bf71-dc4e3f4fc8bb,2024/25,3e925c5f-199b-4d4d-aef5-84d5aadb479b,4
acd3b246-28d0-4d93-a30a-7ae3d6045168,2022/23,1e61bf4c-9c83-4a69-93cd-4ebf9a80b97e,2
a2806b18-47a8-4b9a-b1b8-b265ad8da87f,2023/24,7f160bcd-c48f-454e-bd10-5d13e7b7a608,2
37852e27-1fd1-4d96-9a86-301447b481d5,2021/22,049a7ce0-2122-4c95-b21b-097e3d229319,4
85d2a6f9-401c-415c-bd11-18d47c692efb,2016/17,54793335-03fc-44e7-8318-5da068f63263,2
d1e54b91-51fc-482d-8936-0d767017a2c8,2024/25,6eb78588-fb64-4370-9014-57f422cbdcd4,4
8e794705-41d5-47a2-85e8-19335a76629b,2024/25,1887fa3c-0dc5-448b-9cf6-a4cac5f6ae96,2
fcb27f1d-a1dc-4573-94bf-964fe4ec0d0d,2024/25,dd678e0b-c375-428e-96fa-615f1dc5f283,3
da6f8384-9323-47b3-b457-fa445c9e6c37,2019/20,449e9cef-9d16-4746-b7ed-c80f87304b3e,2
5b6a42b2-2c44-4665-8a45-7473b40ba85c,2024/25,a260b16c-092a-4eaa-9f5d-4a8a425a65ff,3
2e92a840-2534-423a-b45e-0f433cde134d,2020/21,96e5f281-158d-4a4d-8dee-93ed027fa325,2
682ee93c-1e6a-460e-a9f6-b2bdd32d6611,2023/24,25e1b024-b4c4-4732-9894-b39b4415754e,4
6460e299-e9d4-4745-bdd5-618fc625d5b9,2024/25,c2d6123b-73fb-4d00-8e17-10e665a4d3a3,3
81232c58-1426-4e6e-81f0-9725598fba17,2020/21,2456c5b8-e6c9-4ea3-9269-41f7c6216476,2
fd99f641-80b7-48a8-9774-44def6d47872,2024/25,0aa06c2f-e3d9-4068-9137-b1c6aedaf268,1
3185a69f-c030-4f3f-81bc-901c57a17d76,2024/25,049a7ce0-2122-4c95-b21b-097e3d229319,4
3413bad1-2a7b-435c-9635-0403ca32f7cc,2016/17,3c733308-8ffb-4ef6-b24b-81ae97163f7f,2
b4f45e7e-c13c-4f61-9382-8e1c38fb2b76,2024/25,0e3096fb-1a1e-4f9d-bc05-66005ec9d22b,2
4f8f832d-8a85-4c93-a563-d35aa0eea8d7,2023/24,35fc7a46-7e2f-453b-8b2e-b7f3e35f6949,3
e4220a6b-47c5-40ad-b868-c6fa39cd3bdd,2024/25,fef21c3b-20a9-4632-a6e3-8db0948f2205,3
97aa76c1-a778-45d3-b316-795cf2e3f93e,2024/25,4ebbd927-7869-42c7-a226-2ad79d9f6b61,3
162bef4c-c7fa-4779-9f5c-68f2a55df853,2017/18,44dc201e-dc85-4982-a627-e938ddc48bc0,2
9539e9d4-4782-47c1-8715-4bb96b5b0aed,2022/23,112a0eb3-0a5b-496b-b396-801917ec861a,3
c79a134d-a501-43b4-b3f9-a54dd4a3fb4f,2023/24,227b061b-86ff-48a9-ac03-db0cfec93961,3
9cab40cb-4b87-4a68-9722-b559c09f54e5,2019/20,3b730726-1e3e-4d2a-9bc3-61177fb5d031,2
b0d30de4-a2d9-4af1-884e-03d59f27c427,2023/24,359d703f-5c63-4bfe-8ccc-57d4ede0b37c,2
e05aef29-8ffb-4f0a-bb03-2af80009e98a,2022/23,4991dc0c-e021-4050-a305-fda2b44a000e,4
82ad22bc-df4d-49dc-8dfb-af964dfd4517,2022/23,e3a78660-310f-4ed3-b4b7-77beca004592,3
5e234be0-b841-4ec4-a162-c4859617de8a,2023/24,b4488bc0-e064-48b7-b498-c58aa2b1836f,2
1a75b252-321a-4c8d-97e6-981178feb6a1,2019/20,eb6fd9d0-63c5-4080-a5ab-0e9751ec993d,2
9da78223-d564-40e8-9c1c-03b5babe43aa,2022/23,dc4a57f5-c41d-4b7c-9911-f8c0143162c6,1
6a196248-618f-480f-ba5e-08a53472b796,2023/24,18518340-c700-4515-a0b4-90b371a9686e,3
1e53572e-6670-4ae2-94bc-b6f6862c6ee9,2024/25,6abf2e43-7532-495b-9baa-6d4563ec960a,3
34b1d2a4-1190-4364-a99e-f7e386518601,2021/22,2367f968-80af-48da-99cc-896d8e179fc2,4
2cfb089e-1266-4b39-af4b-4966715494c9,2024/25,2d73beaa-be2a-484c-9dff-1bf7927941e2,2
36a697e7-929e-4373-b8dd-36776de004df,2024/25,3cc8f553-6d15-4ead-8eb8-387b222c2921,3
6c9dca35-0122-46a7-9c4d-8b9e100b26bb,2022/23,ba35841c-cdd5-4031-b2ad-00f11cc639c9,3
26c143e9-4f6f-453c-9b85-01043e77af0a,2024/25,8d8a8e65-90ee-4e5e-9e67-279929f6005d,2
8f985dc9-4ed8-4c68-a210-7934416b08e7,2023/24,b15d2b09-385b-46e8-80b3-c9705da992b9,3
213b53e1-557a-498e-9f1c-5daa3b558227,2023/24,c2d6123b-73fb-4d00-8e17-10e665a4d3a3,3
3d207fae-c447-4e04-997e-3a5082398b5c,2021/22,dac09667-7631-4ead-95e7-53d1a814d4f1,2
96c73999-9c10-4dbc-a9c4-35d5542bc875,2021/22,320fe051-d0b5-4c7d-984b-d719a2196470,2
44152eba-bcac-43c2-a830-645c08d5cc35,2018/19,b90def95-9562-42fd-b58c-8fac67adb479,3
b85ae2d2-2bf7-4197-9949-56e797bb612c,2023/24,cc48ff04-fda2-4ab5-b65d-7a7fe526fb2f,3
9c5dfc41-9fea-4c2a-b101-bce80bc41175,2019/20,74afb9cb-18dd-4e48-aaa1-2267e42b6bf7,1
290e9109-64af-4c5a-b783-520c437b9b10,2021/22,dd8d4123-995c-434f-8617-1ca644f6f2d8,3
b51019de-986b-4a2e-9f02-301e316e131a,2024/25,9506b6f4-6706-4010-abbd-cda04f86a649,3
fb6d6b6f-2eb6-4bc8-b6dd-ed0f4199ce1f,2023/24,c49b3106-4c26-46c9-bbb8-4e132b81910a,2
c3cb82aa-1876-44cc-9377-cdc78d84ac6f,2022/23,00490f26-6814-4df9-a1a8-8f3532e6a9e0,2
1083f886-7e51-4d0d-816d-5d6c33a15d3c,2023/24,119bb379-3aef-4f9e-8978-3e27561773b8,2
9db12392-3fc0-42c0-add6-8215a61cf181,2022/23,57d51316-9d56-4d98-9df7-f5fc936704bb,1
4d3b621b-0847-418b-95f0-df5ec0d624c8,2022/23,b390871c-5ff9-47b4-9fbc-8069f15ccc95,2
619b6633-c415-46f4-bf22-c3536c502631,2016/17,0f0a965d-ee11-4b11-8539-80efbdc86031,4
2afe3ad3-7375-4986-a643-a9fca6c904ad,2018/19,227b061b-86ff-48a9-ac03-db0cfec93961,3
2c0ddd5e-5eb2-4515-a061-2c08cf227bd5,2024/25,30b4cf70-9f70-4dd2-9b7c-bd17b8d6f129,2
2d7a9141-8677-4d4b-ba88-2d3feaac33d0,2024/25,6980ac7f-0944-4d65-8a0e-5e9655bca90f,3
4c8db8ab-b7bf-4419-8fae-d72e7b6854df,2018/19,ef0771b9-26c5-4915-8dea-392a26f45cbe,2
0bab3bad-73a2-4b9e-b9ad-ccb12a492c7b,2022/23,d7b7e799-d34b-45a5-9e63-719d4300cb4e,4
d6d792e3-e32e-412c-8356-6b3e21c5e405,2022/23,71e04b79-f1a7-4123-8130-bae9732ba772,2
19d46149-71bc-41fb-8ded-3d426e3ab303,2022/23,89bd4d8a-948b-40e5-8958-5c47b1c373ec,2
b4310777-0aa7-48ef-8802-3dedc3993df4,2018/19,508e8ec8-ad8a-4db6-a32a-a6e1e5e02541,3
d55bc340-74a1-4d8c-bccb-8e7e355c6f50,2022/23,b15d2b09-385b-46e8-80b3-c9705da992b9,3
516ea206-d23e-4e1f-be9a-48e22060a851,2022/23,809750fd-2ea8-4b4a-bce5-2e692aa3c335,3
c802793d-f056-4b6c-9a62-f300fc5b2536,2023/24,733bd107-f236-4471-9655-f01379c1bcc5,3
f22d1e64-e720-4e27-869c-3c5140b5879e,2019/20,863d933f-eb34-417e-9a08-e4007722bc29,4
d34f9530-6537-471d-8172-9bb87e4e182f,2024/25,90e55f29-eaf3-45ba-b6d3-9f50aa3d550f,3
1c082e7d-4e32-4976-8e13-d42c4b9ac6ff,2023/24,02539faa-015d-44f3-9210-cfd5e296a32d,2
8b9a1069-4b47-48d3-9d9d-c06829f291bb,2016/17,21eefcd3-6c20-4e20-aebf-36f50f38fdd1,3
57d6ca82-d5ca-48a1-97d1-57e39c7a105e,2024/25,d0086f76-7a71-454e-9047-a5e6095d833c,2
66c6d94c-98b6-46b4-9a0e-0a12c514e976,2020/21,bb4f6fba-13e4-4517-94d5-33224b40e9a1,2
a394d2c0-5bcc-4bd7-9481-f6f0bc91da5d,2022/23,673743f6-2b57-4f2d-b024-440a9e0f77ce,3
fc817f7f-10ee-4ae8-905e-58546bb8b37b,2023/24,134b692c-b3a5-477d-ae7b-610a63bac91c,2
61f72ab1-6142-4149-9aea-06f808142d1d,2018/19,0f0a965d-ee11-4b11-8539-80efbdc86031,4
738e26a1-00f5-4f6d-adf2-ff07db4eb89b,2022/23,a7f69c5f-2404-4f5c-af99-f4ab747da321,3
5077ce7b-b49a-4cdd-ad45-c9274a494337,2019/20,7f160bcd-c48f-454e-bd10-5d13e7b7a608,2
5ce16f94-23f1-4f3c-a433-49035bc7caa7,2017/18,f51c9384-294d-43c3-9361-38f350856675,3
828d07e2-30b8-4bff-a305-a8688a3154c9,2022/23,497e140c-b603-4399-abb4-81cfb4a38b39,3
f62bf96c-6ac8-4d7c-8567-f2856a5d510b,2022/23,44241170-8423-49f8-85bb-deb69ddfa48f,2
2ef1a383-cbcf-4915-baaf-3b86c64311fd,2024/25,bb4f6fba-13e4-4517-94d5-33224b40e9a1,2
66c91ed8-4823-42bb-84cd-0daeb7cd186f,2022/23,5ab3f06e-434d-4640-952d-0e7e998d761d,3
a66e1c7e-de5c-4d7b-bc14-217efa7a30de,2024/25,9f5c0372-965f-4c09-a409-48c6e1ba28fa,2
052b5e7c-fb79-4097-ad83-70e298387b14,2018/19,6e1f4c41-bcc9-4373-a593-e5f236ca9994,3
6a5c10f7-c662-4b04-90b1-b4455d9acdeb,2024/25,18f7fdd3-0f36-40e5-af7d-f002263d0021,5
108c4847-9c16-4d73-a488-8ad43c70f008,2024/25,119bb379-3aef-4f9e-8978-3e27561773b8,2
9e2f8d51-2e83-4871-9b43-873628034653,2020/21,b6a0306c-bb5a-42f2-a3d9-399c51caa345,4
9ce9f445-7429-43dc-b36c-7fa6d16391a7,2020/21,517c88fc-d2e4-48f9-a244-13a2f0813e40,2
46b8bec1-de62-4cbd-9225-df8711b45bfb,2021/22,c7a4d6d5-531f-45e5-902b-a002babbdb49,3
7e1f93c9-de8a-4f4f-a068-bb5c237c5eb0,2024/25,76b5f523-e1e4-4481-9a18-8d299f9ea58f,2
b9c4a0dc-8331-4784-b74d-92a72aa8243b,2017/18,ba35841c-cdd5-4031-b2ad-00f11cc639c9,3
7fcc2cd5-e1b7-4a8b-aaf1-39be251c74ad,2020/21,7cdd3161-7671-44b1-ba34-2c6aab483072,2
59eab4a0-84f6-4e23-95c6-809af978a035,2024/25,07faaa9f-d04e-4f32-bc2d-4a864df774e0,4
8ec70f03-79be-4946-acad-be2640349c5d,2022/23,733bd107-f236-4471-9655-f01379c1bcc5,3
f893e30a-5a15-4482-9f07-1f0a8c0a0d7d,2024/25,1eb4ac7e-6158-4851-b363-d4ff6070ce72,3
966b906e-a45c-4c6a-9d84-4ece9c58cd86,2018/19,493f278e-a61c-4a7b-bfbc-b7ae9d3926fb,2
b9338719-2bb2-4b77-a326-09c06e8fb042,2023/24,eed618bc-4fff-431a-8342-6e56d6875fda,3
16145762-42e3-454a-bceb-44967cda354b,2024/25,3b730726-1e3e-4d2a-9bc3-61177fb5d031,2
eab55489-d30e-4f90-af30-c7ac890eb74e,2024/25,88563d26-fdb6-4255-8558-cd35401b1e47,2
05d6958f-dee9-4cd0-9c5a-64ce8bb6e8c6,2024/25,3c643231-db3b-46f4-80f0-a33979f63288,3
d8588dca-586a-4f76-8b16-79c3abdf98e7,2022/23,a253d98f-9eca-43f1-9015-5c8511d97c51,2
697360cd-7d15-465b-b057-2deddc50c21b,2017/18,caaa5e05-744a-4b07-84ec-85c9f12315a7,3
c5ede578-3396-45f9-8cd1-f0c6d184da50,2024/25,83ca5847-cede-4643-8401-ec260ed79816,1
49969f07-6e06-4a08-b674-42f0b451f54f,2024/25,63c6ba11-a89d-43b5-aeea-b5cf6d9275f6,1
0d6f81fb-cb81-41a3-9ff1-8ad564b8d19c,2020/21,f80af03e-0c06-492f-b2f8-3af6e47da055,4
03e29c7e-5789-4438-b6ca-b9e6cdf0b553,2020/21,00490f26-6814-4df9-a1a8-8f3532e6a9e0,2
1dc999f1-4ca1-4339-96be-55d94b45ce2c,2024/25,7cdd3161-7671-44b1-ba34-2c6aab483072,2
676b23df-dc77-4c33-a9c9-265d6d70e561,2019/20,517c88fc-d2e4-48f9-a244-13a2f0813e40,2
6763eca4-f38b-451a-8b4e-07dc60bb79df,2020/21,2d3c3a1d-0246-49a8-b713-fb234c752389,3
24c63194-ccd1-4d8f-b8d9-a50096f57ecb,2021/22,657110e7-2562-4b51-83bf-69551e37f8c1,2
135f2958-fadc-4087-8586-03095b126394,2024/25,c97405ef-b463-4908-bb8b-f2186b90ba21,4
af11b906-3006-428d-8818-e9610c6f1f63,2019/20,1887fa3c-0dc5-448b-9cf6-a4cac5f6ae96,2
cef3b772-38c7-468a-bb8d-f123d1cad3e3,2024/25,291cf79e-8289-4aea-b433-663239f6c492,3
96d3e1c4-02dd-4123-9b21-e0e7a90408a3,2022/23,285a763c-d124-443b-acd8-10f0b8778b8f,2
f2a03f1d-2a0e-4cf9-a8d6-5cf470bc7f74,2024/25,9c3e5a68-1061-402c-ad21-25b8c26178ff,2
cc50469c-be61-4794-b0c9-f49c0c44e324,2024/25,57d51316-9d56-4d98-9df7-f5fc936704bb,1
33e3adcf-308e-44e1-a3bd-ca4b3136f6ee,2024/25,82fc8e1d-caab-4261-ac47-3ac542bd2c29,5
7cff520d-80e1-49f4-9732-afa6670f3bd9,2020/21,3c391ec3-cacd-400c-9e80-0d013716e132,1
76849bde-095d-4721-bead-2b141ac292ac,2024/25,c932dd05-c46b-4c8e-bffd-ebc3be8f8402,2
54934530-fa47-439f-8861-4c96d96094e1,2016/17,1ae7f23c-458b-4bbf-8b00-9eb6a8d3a2b2,3
ca1c114d-1f7a-4747-abef-c4de7dda5c6d,2019/20,b3f99367-3da0-4c23-b896-5bb59bae87a6,2
6e059fd1-5a9b-4012-909b-9201e26b5d2e,2024/25,46b262ba-a864-4a5c-983b-8287c9e1b2c6,3
5738cb88-06e0-442b-b732-9ee9ac49ddd5,2023/24,a7f69c5f-2404-4f5c-af99-f4ab747da321,3
8fa1e85a-b3e9-414c-8918-86a800eca27b,2022/23,64c1604f-20e8-4f70-aca6-234467915cdb,2
000492ab-2e96-452c-b63d-5c1055253402,2024/25,ae95b84b-d709-4d69-8fce-3ad10be29f4e,3
6702f20b-41a4-4587-9064-fbb86b127d11,2024/25,7b3df638-ac76-4b0d-821d-3998dc55f16e,3
30b4d770-63f7-4557-a2fd-9623aa2d5a70,2024/25,df3a988b-b09d-4529-a70a-6bff596cff56,3
759f4ef3-795b-48a2-b504-e6836c68ad70,2024/25,285a763c-d124-443b-acd8-10f0b8778b8f,2
e4010285-40e7-405c-bae8-84a9a4724d61,2016/17,2d3c3a1d-0246-49a8-b713-fb234c752389,2
0f12b683-3e88-4c47-8cff-2972389ed690,2020/21,6b8f9b22-9763-481f-9392-5c3cf4070706,3
92b61481-eab3-40a2-9203-4062a1f2fc84,2024/25,1e61bf4c-9c83-4a69-93cd-4ebf9a80b97e,2
4d2b221e-267c-4f05-9d93-2a070dc774ef,2018/19,c932dd05-c46b-4c8e-bffd-ebc3be8f8402,2
c0a5afbe-07ca-4906-80b6-4b33b7259ea1,2024/25,de8ca17b-4a8b-42ea-ba45-9a7ce5271255,3
e6bb7443-fa50-4118-ab46-78462a011eae,2023/24,6530cfe0-7569-4842-bbcf-bb9dfee916c9,3
77ad2e10-9d1c-4884-b7e2-69a4eb0d8b46,2018/19,3114f8f0-79c0-4955-ae6a-3dc31bfd90e1,3
27ebdf32-99da-4bf2-a04d-da4d728018f7,2024/25,d842734c-dc20-4df7-a6df-b5785833af46,4
264483a8-4174-49e0-8d38-e0340cf30722,2023/24,863d933f-eb34-417e-9a08-e4007722bc29,4
9e0a8dda-7e58-446c-9ed7-1d5f4aa28881,2023/24,c932dd05-c46b-4c8e-bffd-ebc3be8f8402,2
fb2d03ff-66b3-4526-b6a2-af2324785dca,2023/24,a9b733b1-f28a-4ee6-9925-aacc58107500,3
6af571ed-5351-4537-8997-7fdc3549199e,2022/23,fe136669-0afc-44f9-9800-1193f7670ceb,3
03e3ca3c-f98d-4b94-92ac-6689a3dce63a,2023/24,5556734b-d1e3-4f5e-94c7-813cd4bcdd56,3
d1e64fe5-5197-4e5d-9d17-ee4326d19974,2024/25,e50c5cc9-96ec-4516-9832-495fcfe30df1,1
908f8022-1e43-4a3d-97c3-5297a9155554,2024/25,f2134118-abd2-483d-ad81-b37c1203fee6,4
e1de6d4c-a4be-484d-b367-fb4f6a169bce,2020/21,602a32fc-f64c-41ec-93c9-32fc9192864c,2
d81a5af2-9814-4fe3-9ffe-04baf4a64ca6,2023/24,d1f5f863-043f-4759-adbe-9489d6df04e1,3
c343859f-af59-4d6e-8b95-44dddc600a33,2016/17,673743f6-2b57-4f2d-b024-440a9e0f77ce,3
959951aa-b1c1-42aa-a389-e67ca2861dd0,2024/25,d92e7a7e-c294-4520-91d5-da6f8f36fd0a,3
30c1b3bb-4be4-409b-a071-24cec75e3736,2019/20,7958aac6-8834-478e-8351-fcad78301d6d,3
b7e2d283-5666-4259-b88f-9dc29f68863d,2023/24,a813d09b-3694-4714-b863-bb5997ef8f43,2
e5ed862b-e18c-4272-89b3-2d891b8f72ec,2024/25,6532b4fe-afc3-4fea-a648-f7a83cb442db,3
fea9b264-e41f-4a95-8af7-e3f9fef09fef,2017/18,3b730726-1e3e-4d2a-9bc3-61177fb5d031,2
b9dcec1c-1700-435c-9b03-3ac2aa341b44,2024/25,755babc2-28eb-47e7-bda6-3c28588e49bf,3
cbce22f5-301e-4ffe-a4d4-7cc1efad7abc,2022/23,2f0ea22d-f760-4599-a623-60f4e3be22f1,3
10e6c4d1-7a56-4422-b0f3-2ecaa21fca08,2023/24,2f0ea22d-f760-4599-a623-60f4e3be22f1,3
850718da-74f2-417c-b592-5ee1b93ed3b6,2021/22,46b035ea-3bfc-4c19-8e64-071f99e5ea70,2
7618bd78-ce18-47ad-91c9-677a94702cf0,2019/20,508e8ec8-ad8a-4db6-a32a-a6e1e5e02541,3
89031e72-8fa9-4f26-b892-5ffe3da114f1,2019/20,9264f988-edf6-4115-80fe-5ab6cd0a9b04,3
2c1b0349-169b-45f3-8447-d8f202c05f7f,2016/17,980c4351-c970-4fb0-afee-8820f742de9e,3
5a4678e8-7065-4718-92bd-7f9823801ee7,2021/22,316ae259-265d-480f-93fa-4ce0f626e8b7,4
ae6ec20b-7f39-452a-a098-842b74a9366f,2023/24,8fc63c4c-fe1d-4ba7-b070-dc23c576cc89,2
5e54c261-524b-403f-ad84-5d68448f52db,2021/22,2d7896e5-bdbb-4eed-90a1-e8f82a308761,3
20f835a8-4816-4361-8922-07ddf72f5e90,2024/25,8f1d4346-d35a-4749-8d5f-d2d33fa49863,1
2afd077e-a4af-4c4b-9010-298d6d599423,2023/24,dd8d4123-995c-434f-8617-1ca644f6f2d8,3
a8db5bb6-b2df-4ce0-9567-0f8312919ce6,2024/25,80c83afd-6865-416d-b5f4-593ad9ed1f47,2
aca190b9-51bc-4452-9a61-47b7c3c10483,2018/19,fe136669-0afc-44f9-9800-1193f7670ceb,3
32ad64b7-8f39-453c-a308-9a9943fb5006,2023/24,7ba0ee40-1601-49e4-8f1b-b9ae33eb4456,2
18daba9f-225d-44e7-b673-4c88ae4078d5,2020/21,c283ee88-d305-40e4-8002-0308c558c5ae,3
f7e44158-101f-4b1f-88fb-3c14774904ef,2023/24,b2c4a6df-6c1d-49ff-b4e7-1c6c0212be83,2
58911abb-957e-425c-9274-41e24bb22f09,2024/25,1f21671d-d143-49c8-938f-b90e1b57a10e,4
d1786676-be76-4924-afa7-227b41e6638a,2024/25,4972db25-bc19-4ce4-b020-4f5a57e3cd90,5
a0f27338-7557-4da3-985c-d9f178ac154c,2022/23,0f24ddb4-65f2-4527-908d-a89f91277b34,3
f70f87bd-3298-4f4a-9d02-ae107d8b0b6a,2022/23,e9cd5ef7-9417-43f8-885e-7fbb625e5f1a,3
cdac91eb-6625-4fd1-9c2b-8cfbed2d3c29,2023/24,2367f968-80af-48da-99cc-896d8e179fc2,4
a06853bf-f541-4dfd-bf35-dd44faef3828,2017/18,508e8ec8-ad8a-4db6-a32a-a6e1e5e02541,3
6720114a-6cfe-435e-9651-72a98143158f,2024/25,394f611e-73b5-4779-8110-c73e3593c90f,4
2adbfd8d-5bc4-4f0e-96c8-c56a517f6048,2024/25,7ceade22-f5db-4b3e-ae20-120cd46c67cf,2
c07677f8-3dfc-4c8d-8122-90740df8340d,2017/18,8a0b53aa-a122-4ea8-8a32-fb80f11f2cdc,2
f5fb6d57-7da0-4023-8ac9-dfb479bcc01f,2021/22,26eaee45-f326-409e-8d39-72d972f14e96,2
4ac62daf-c970-4167-b26c-5d09bbf6525d,2024/25,7cfd35dd-1d68-4835-9e22-170717faf66c,3
8cee83cd-3d43-4127-ac1c-e8476b950d36,2021/22,b36cebaf-b61e-47db-baba-dee6e39cfa5b,3
82086651-6c1e-4543-a06e-8164a0919b46,2016/17,e1303f74-c48f-4c2c-a6f4-d83d0b329911,3
9e71fe04-6e36-4386-afe9-217aae1a606d,2022/23,2dd27713-180e-4968-9181-39e5436553d5,2
6a314005-3fed-4737-aa19-2f390085f2aa,2020/21,217fc6f8-7182-4de9-b44a-3c51d0147fb9,3
a1e8ce65-4334-45b9-9796-b537992118c4,2018/19,45f8df16-463f-4069-948a-36689e9398fe,2
7e574140-026a-4c82-a136-9a1863e1ee58,2018/19,8c59aeca-3be0-48e3-87f3-abc04294867e,2
e53c679f-aecc-426c-ba7f-b99b6ae41950,2021/22,bb980a5b-6f4c-4bb4-8f85-9c682f3370c6,2
b7e7ee5a-26cd-4be3-af42-019abe139775,2024/25,58eb5b8f-a3de-4a62-9bd0-8e583a6baa0d,1
bd1ac389-a84c-4035-abeb-1edc388ef8d6,2018/19,9c3e5a68-1061-402c-ad21-25b8c26178ff,2
4b2b67f0-7596-4b4a-8cf3-da0f581d23b9,2023/24,c0b876d5-f9e9-4ea8-af27-9cb7687b1f92,3
47102d65-6479-4a51-9f17-c7b0bc075cdc,2022/23,96e5f281-158d-4a4d-8dee-93ed027fa325,2
e65ad765-f7f9-4b29-a294-75b7fcb45595,2019/20,ba35841c-cdd5-4031-b2ad-00f11cc639c9,3
6802fdc9-c67c-40c0-bd60-987ab0a01e45,2024/25,26eaee45-f326-409e-8d39-72d972f14e96,2
d25a677b-f2e4-4f40-aa0d-2462ecd7df0a,2023/24,8295176c-01fe-478e-a689-ff94aed0fbd1,1
9e2e6b8a-377e-45a7-b391-2df5a5ec6512,2024/25,2b165e18-79e4-486a-8b52-f84663014f56,3
60c76968-6433-4d29-a0b7-0cc163d27847,2021/22,58ecb62d-6842-4969-9c96-1eb5f5a3844e,1
4e8a2bbb-7495-4008-b090-88ffde4dac74,2024/25,296d29ab-2b45-43d9-b404-bc523810cef2,3
dd790fbb-284c-4ed2-8740-a356d2188579,2024/25,df86d319-d280-478c-932f-856bd0b3da34,3
0ba5862a-8c51-44fe-b35a-9d02db41b20d,2019/20,493f278e-a61c-4a7b-bfbc-b7ae9d3926fb,2
c0625224-1d90-4f72-b75b-91b15b8a3999,2023/24,497e140c-b603-4399-abb4-81cfb4a38b39,3
3cf8993d-bbfb-411d-b942-fb5dcfc6a60e,2023/24,0847dcd8-082d-4991-8913-1e3bc242dcc3,2
0dcf4ff2-caa9-4b7d-b488-7513c6358796,2021/22,58fbf6e5-9ce2-410c-a1f9-e0d2f4607ad0,3
42785f65-10de-4544-a188-e0c10c9f816c,2024/25,9264f988-edf6-4115-80fe-5ab6cd0a9b04,3
98403276-f3c8-4755-ae7c-bf862e0ebd0a,2023/24,7958aac6-8834-478e-8351-fcad78301d6d,3
66dd6e99-4c92-464c-b892-6a481eb3244b,2022/23,84546ac0-47e1-4932-b173-8e0f393efc0d,1
ebb7b5bb-63d0-49a8-b269-e628183bfe46,2020/21,cbeb32ec-d8f8-466d-8977-017ce20d9908,2
5bfa2448-0055-4d6a-a01c-f86f6aaee1b9,2024/25,bec3286a-79d9-4125-ae8e-4c789e476cd5,3
41000a11-0710-4312-8575-e5923363857e,2024/25,b118bf52-b844-489f-9dbd-9062311f444a,3
fa038b81-8930-4a8d-9412-9c5b69e3de45,2020/21,1f21671d-d143-49c8-938f-b90e1b57a10e,4
10808b19-21f5-4429-bacd-61133d837ec9,2020/21,6bd06b24-334f-4fdb-9746-1d98ccfcfe3f,3
3f76bfab-ceb1-465b-afe2-e596a92773ea,2023/24,4817d2cb-729d-4ed5-80b3-8ba056309bf8,3
311c67cb-a6ec-4306-962b-800f33341b0d,2017/18,2de4111b-3169-48a3-8e41-c9fc7e174dae,4
6e08135d-dbf9-413c-b400-d05511d7370c,2023/24,caaa5e05-744a-4b07-84ec-85c9f12315a7,3
0938e8f8-ab3b-4176-8df4-1620ccfc5fff,2024/25,06bb6c3b-9a4c-4452-b53a-aff70107d7af,3
352934d7-5e67-4446-ad51-3bd82202f6b5,2019/20,a3839c5a-f87e-48df-9a8d-dc0bc957b87b,4
a9a9a6b8-156e-4641-a54f-aef1c52adac3,2021/22,4dba7c71-3721-48b7-8d06-f7a97d1e654c,3
294730a4-a75d-49bf-aa39-12f59f3c9bd4,2024/25,2b89fbfc-2cd4-463a-b820-5ce296c75695,3
e9a1d290-5ecc-41c1-a803-407549b96bec,2024/25,3f65d074-7e83-47f7-9b5e-4c8a429e95ae,3
659f30bf-fec0-48bc-8154-06e58f826035,2024/25,bba082dc-e723-455d-ac6d-0d5b4006d6a5,2
21de4098-8907-4729-bc3f-c54695afe05a,2023/24,b017da9f-56f3-43d0-81ba-ba7a3806e0b6,2
e05dde4a-9425-4117-98ca-83df6c6200c9,2023/24,1a66fd6a-6710-4f29-a6c5-89c04a1049b0,1
d6ffed00-9c47-483e-b0e1-3f6e3c671713,2023/24,dd9fd6a5-55ae-4be3-9d09-f763b9cd3d0f,2
18847b02-1cdc-410d-b726-9426e57ba8c8,2021/22,97f710e3-4d5b-475f-b4fb-dedf2866e61d,3
113850d4-ae0a-40c5-a0ef-563dfbdd3037,2024/25,4e9c70cd-90c8-4a6b-b724-f5ea42ed012d,2
67933d1d-b345-499a-82ee-feb28a1517a9,2023/24,21eefcd3-6c20-4e20-aebf-36f50f38fdd1,3
eed49aa9-8569-492e-b4d3-ae28540a424e,2016/17,02d7c5e2-e436-461b-95e5-853765be5a86,2
722a453a-60f8-4891-ab15-621fc3a61fa7,2024/25,8c59aeca-3be0-48e3-87f3-abc04294867e,2
d30e2584-6ce9-4414-81ae-d26bbc0188be,2016/17,84546ac0-47e1-4932-b173-8e0f393efc0d,1
57967f75-3aa3-4b46-a177-d201625924e5,2024/25,05a5a6ff-f492-4eb5-9719-6dcdf5e6916d,2
5c7812a0-78c8-4b20-82e0-63ee93e62123,2022/23,a8dc9e82-f136-46ca-add6-dd8d3f7181e1,3
3637d3bc-9beb-45dc-b7c1-2b58cc4e89b0,2020/21,e7dee554-60cc-4615-8474-50c260ae95ef,2
1a2951cf-3064-492a-92a6-7ff049fc9733,2018/19,7d0ce2be-20f7-4099-add3-2623af5b22d6,3
2345c393-7535-4d1e-afcb-a8af5e1dfb5c,2023/24,44241170-8423-49f8-85bb-deb69ddfa48f,2
3e051e08-1225-4ad8-a1df-744f6a7cd8f7,2018/19,00490f26-6814-4df9-a1a8-8f3532e6a9e0,2
7e20411d-d359-46e6-a10c-4e58c0bff6e0,2018/19,049a7ce0-2122-4c95-b21b-097e3d229319,4
2708c31e-acbe-40f8-99a1-339923763920,2018/19,0dbe7e79-cbd1-44c8-b2e3-925b0070aa9b,3
aae2bad0-351b-40f0-8e75-2373ba3145a3,2024/25,38eac867-ae09-4f4e-9791-9ad2c4572d42,2
44684d23-c991-4bda-ac49-48bda24716c2,2024/25,b066e645-c6a2-464e-b911-c0d83cb622ac,2
94683544-077d-475a-8397-d89438f5128b,2024/25,47e50346-47f4-4225-b164-b93dba66e562,3
23822ed5-1695-4313-93de-07c334351963,2016/17,4b2db969-8d0c-4c21-a939-0063ae590662,2
202373b9-03a1-45a9-98f2-b0a6b0c30152,2024/25,95d950e0-c5f8-4046-8a5e-ec4f084f4a8c,3
62fb18c4-1fc9-4beb-972d-3a964007d606,2023/24,d7b7e799-d34b-45a5-9e63-719d4300cb4e,4
17646178-61dd-431c-bc3b-24879a12b1e4,2024/25,28e50791-6f91-4e41-bc0f-4b4796f9e300,3
363226d8-6759-4e5e-94c5-ef227da35a66,2024/25,4db6e7c9-53f0-477b-8730-d48f073fd549,3
6bc63fee-e1ab-4648-aa19-30c355ce3d34,2022/23,bc7b3008-ecdf-482b-a820-20ef64676b4e,3
9950e568-bd61-47bd-af92-9e274848bcbf,2024/25,b05706ef-9a2e-4a33-aad3-c149d2dffee1,4
211b61c9-0d93-44c6-b7d8-59f0863b5c19,2023/24,05a5a6ff-f492-4eb5-9719-6dcdf5e6916d,2
9b3a3108-6175-43a9-b475-61d77c7642ae,2024/25,152452e6-1e36-4c7b-b9aa-15d38bd2fcbb,3
b53a12d6-9665-470d-ac07-f0780c5609e2,2018/19,2d3c3a1d-0246-49a8-b713-fb234c752389,2
6f37906d-080e-43ba-a0f8-896a680de081,2023/24,00490f26-6814-4df9-a1a8-8f3532e6a9e0,2
ca8b3f5d-cdcf-4d76-a984-931238d25019,2023/24,114c54aa-c2b2-4adf-b9e3-052f9113dfdf,2
47193763-1b45-4a09-8931-fd5b71ee5368,2024/25,93439586-35e5-42ba-87fc-18707d455db5,3
1dd71793-4167-497b-9128-a16ea69b2d43,2024/25,56fbd80c-25cf-49fc-a56c-05a17c1e73b7,4
4442b1ba-fa89-443c-b25e-3e89a48f78fc,2022/23,2658a869-5abe-4742-8aee-9b077e84eb37,3
66a86777-22de-4d03-9606-8d11a066fa7a,2024/25,3b1771d3-ae4a-4c50-8b34-023a6d337064,3
7bba5813-a929-4040-ba12-7e8bb16bc448,2024/25,6e1f4c41-bcc9-4373-a593-e5f236ca9994,3
48862dde-03ce-4948-85c1-a2bd9eb48061,2021/22,830feb86-402a-4daf-affa-3f675202527d,3
76e99a4f-b594-4601-84e4-729d16c00ed5,2024/25,9604dbe5-ce94-417d-b75f-8c05bc946008,2
7cba9520-ab03-485d-8377-9723d2a53a06,2024/25,1b54ff2c-d9c9-4a82-95b1-83e795a5883e,3
7e6b83e1-68aa-4095-b48a-91a2d0746e72,2024/25,081e023d-f043-4914-9923-7547e9f4e353,3
c68e4038-6b50-404b-8023-380c308a46ff,2024/25,da90bf95-1485-4b1f-a5fc-029e3dc29a7b,2
a4918ca7-bfdb-4746-bc09-45a76be7f74d,2024/25,4e66c283-49f7-466c-8daa-37668cf8f156,3
a612c96d-71a6-41fd-8509-1ea16a0dde7e,2021/22,060747da-f457-488e-b411-04b14d664ddb,3
f0d4fe16-310b-4d7f-9ef1-28cc21c6d062,2024/25,843cf64a-f080-4263-a120-b1ac926e7d15,2
2eba06ee-8401-4822-a75d-959eb1c24831,2024/25,08cbab83-8554-41d0-bd69-4cd420eb698c,2
103c316f-8c08-4244-9c69-22b00b0e6548,2024/25,9d887de9-69c3-4611-b5a7-3906aa107b80,4
4d8901f0-e07b-45ec-a680-712b5f84ebe7,2022/23,0c132447-b77a-4ef3-8b76-773466c30a9f,4
efed5885-f767-4368-a8a1-fed1ae3d6c2a,2021/22,6b8f9b22-9763-481f-9392-5c3cf4070706,3
67907552-2935-4b30-9638-09920a5a83f3,2019/20,d55f4f7d-068b-4c69-9cf2-de621d1d85ea,3
843633f0-b61f-42d4-9c04-ccbf5d954e6e,2023/24,0f18b700-59c1-408d-bebb-69524169d4a4,1
a092cf0a-3ad6-4128-b0b6-c15856b3fb21,2020/21,1ae7f23c-458b-4bbf-8b00-9eb6a8d3a2b2,3
9c96d851-7356-4421-af82-407ef1a35359,2024/25,ab9f50aa-1162-48f7-9b5f-0a4c171aa52b,3
a7d78785-1e3b-4fe8-8c4e-c4b798820d44,2024/25,c5cedf3c-3401-4c4a-b95a-74dcf8a51156,2
8c71fbad-9a6e-4849-b0a3-44a05d3c2edf,2022/23,3b730726-1e3e-4d2a-9bc3-61177fb5d031,2
e3fa4a42-14e6-46e2-a8ae-915bc1e68169,2023/24,320fe051-d0b5-4c7d-984b-d719a2196470,2
83dcb7ee-cbe4-4e09-a874-675072b408ab,2023/24,b390871c-5ff9-47b4-9fbc-8069f15ccc95,2
e7d12a88-7130-4cfd-a3e4-4d27ae6a82fa,2018/19,e1a5293d-11cb-4154-a20c-75d19e4a3ffb,3
b1fadd56-a30b-456e-9211-5fbea793b5ca,2023/24,7c870cd7-9d1e-4b81-bd53-117b5ce27c54,3
84c68457-01d8-4cef-94b6-66920fed2bca,2023/24,b7c44e29-4ef6-47a2-954c-0b60eeb245dd,4
0c1114af-df71-47d7-93d1-e2bdb604538b,2024/25,9a2e293d-d951-470a-9828-b0958d351f6a,2
58ad6d7a-86fd-467c-ab17-7e148f60afb7,2024/25,dd74e658-57fa-4e99-ac94-889f064764fa,2
65645b9c-5bd0-4e5c-bd75-77777d022c11,2021/22,1887fa3c-0dc5-448b-9cf6-a4cac5f6ae96,2
5c64c68e-163f-43e7-b25e-1ab80fb3bf4c,2024/25,3c733308-8ffb-4ef6-b24b-81ae97163f7f,2
7401b6ee-563b-4aa5-bc73-08285048408b,2017/18,c283ee88-d305-40e4-8002-0308c558c5ae,3
4702a6ed-1810-4543-897e-ac470c773beb,2022/23,0dbe7e79-cbd1-44c8-b2e3-925b0070aa9b,3
bac347cd-a0d1-40bf-a097-28077c1ffe7d,2023/24,0770e266-9633-4bd7-9e25-b218ce04a2f4,1
3ddeaa4c-783a-4194-9118-c80b01dc0543,2017/18,3c733308-8ffb-4ef6-b24b-81ae97163f7f,2
567c9585-3b14-48b7-9e00-e37e2a35ff4e,2020/21,4b2db969-8d0c-4c21-a939-0063ae590662,2
6a7b652c-3e75-4d0b-99fa-f5875f59234b,2021/22,eb6fd9d0-63c5-4080-a5ab-0e9751ec993d,2
3f5da677-ff63-4e55-ad72-7a9df068156e,2023/24,106be257-c769-429d-8343-e6a75dd3b6dd,2
9d722d8a-4ce1-450f-8e46-6b6f7c641a91,2022/23,45f8df16-463f-4069-948a-36689e9398fe,2
59c61c36-6a6e-4a46-91c3-ea1e94bb1986,2024/25,fafb8cd0-eb45-4d2f-ab0e-3bafb0e4ec74,4
931cffe7-ecbc-48ad-b6ca-c81eee77a143,2017/18,21eefcd3-6c20-4e20-aebf-36f50f38fdd1,3
88970d23-5cd8-40ad-9d27-2e8be6a1f825,2019/20,3359e9ae-5151-45b4-8e0c-77a2b0623e8d,1
ae344d88-3208-43f4-857a-c40844746297,2024/25,2d7896e5-bdbb-4eed-90a1-e8f82a308761,3
72df4d8b-d2ec-49a7-ad87-c52850d7b079,2021/22,5167d7b8-c362-4ebd-8d34-fc379f6ecaa3,3
d383b83a-9227-48c3-bc61-a571f12eb245,2020/21,dc327a0e-c462-4b63-bdb0-a7def1b09ab3,2
a2dc9729-ebd6-4879-8d55-9ced6000e972,2018/19,1a05965f-6a72-43c3-8a21-5d90201b464d,3
581f5ad5-bc4e-43ef-97df-31ab51ce01a4,2020/21,d38b9de7-2bbe-426b-95e8-712c23991199,2
1944ab22-2329-4e7d-90a0-e31a7d5211d1,2023/24,e14a60b0-c5c3-482d-9b61-01d92aeaaef5,1
2fc7c57e-f143-414e-986f-d5bfc2246b66,2024/25,7faf460c-8585-4cd3-9c2b-0529b074b7a8,3
e093d622-3fc6-469b-9a3e-83a8ad2bb5cd,2024/25,5640420e-6a7a-4897-b6cf-1906ca0ce6a5,3
4fa92a03-017e-4446-872a-8f015986f6d4,2024/25,84546ac0-47e1-4932-b173-8e0f393efc0d,1
94553524-3024-44b3-ad69-9f6326688352,2024/25,df63b4cc-23db-4b0e-b111-c978b6d7a21f,3
af6325d2-458b-4692-8bfe-2b8b01a6d6e4,2022/23,0552be44-9d74-4958-b8ba-3b4d84ed57b9,4
3ada4540-e35c-48d5-8ba8-f3dfb931d3dc,2024/25,b0c2ffa6-b285-425b-8eb2-c9f652427eb3,3
ba98116d-7871-4b82-bcad-37c1f445aa7d,2022/23,ef0771b9-26c5-4915-8dea-392a26f45cbe,2
84d844d5-f69e-4b73-9249-eb16d4051d7c,2019/20,7d0ce2be-20f7-4099-add3-2623af5b22d6,3
82abf998-744b-4a1e-a215-0d319c0ca0c2,2022/23,b2c4a6df-6c1d-49ff-b4e7-1c6c0212be83,2
6b63a013-ae19-4a6b-aafb-329ef39c0359,2022/23,241bad0e-8d84-406c-88c3-040c8b9a8de7,1
5900ab10-0ff6-436a-a916-ca24adf62e5f,2017/18,673743f6-2b57-4f2d-b024-440a9e0f77ce,3
e460ab55-416c-41ae-982e-eee978e3213d,2018/19,35be4ca9-a98f-41cc-94e9-0c54c64ef3db,2
ba5ef24d-5d38-4ca1-beb9-1274a6570e0b,2023/24,8c847126-728a-47e6-8521-13af156a6181,1
baebd9bc-303b-45ad-82d7-d659e009b927,2023/24,dbbbab45-12ce-4799-94fb-9049cf691b9a,3
9faf0c1e-40d5-4c91-8710-17c30d5055c1,2024/25,cbeb32ec-d8f8-466d-8977-017ce20d9908,2
f30130e3-d8d1-4d37-871d-368cf219fa03,2023/24,da7e8c4f-45b6-4982-a72a-27c5837d3b5d,2
8ccce539-9391-4b65-a1e6-96d305560ef9,2022/23,97f710e3-4d5b-475f-b4fb-dedf2866e61d,3
38054ad2-c7a7-4483-b22c-66d37a675d7f,2024/25,2dd27713-180e-4968-9181-39e5436553d5,2
1f568def-81f6-4d26-b6a3-bb3b58809273,2023/24,112a0eb3-0a5b-496b-b396-801917ec861a,3
898fe48f-de27-4b4f-aa52-eef19cff5e42,2022/23,f7aa5c64-8487-4dfa-ab29-01c4d8c10eb6,3
adde6895-1c26-49cf-8ef3-39e612f6b324,2024/25,53f6428c-e03e-4b83-9596-03cfaf24f761,1
fbf8bc08-05d4-46d1-a334-cd06204766ad,2024/25,5167d7b8-c362-4ebd-8d34-fc379f6ecaa3,3
b53f1f60-7b37-42c7-88dd-4e57a52024c7,2020/21,0a8ab14f-a374-4492-9acc-0a1cf2fbb119,3
4543ac26-5963-4082-b0c2-2ec833ca56f5,2024/25,a9ad7230-d935-4f38-a564-7f3e9173e3fb,2
989ac78e-25ac-41c6-9883-af0f1dcc2882,2023/24,9aec606f-bff2-484a-9d8f-7f4c0fe7dfaa,3
fd306f58-0720-4845-a715-e7163e1547ef,2022/23,35abb6ba-fa65-4591-b6f1-295bd4189044,1
11c7164d-ab1b-4581-888d-b83e6b736d64,2022/23,84fa1217-2dbe-4acc-a446-1f78327fe989,3
47b210d8-bcd5-4abc-8032-b30b5f249353,2018/19,7299a365-c7d3-4fae-983c-d6b980719a1d,3
3af907ba-d0c1-4eed-8033-2e082e5fd072,2024/25,6d5abde7-1f76-477a-acc0-ca49a9fd4ab3,2
378cb9c8-c4b5-4174-8e0e-96c932c28755,2020/21,9d7e7d62-8e52-4b74-ba94-c1eb97aba0c6,3
071a0358-4d81-41f3-8cc2-98dfb738b811,2023/24,508e8ec8-ad8a-4db6-a32a-a6e1e5e02541,3
64a2cc06-f37e-49fa-8b61-fe3d250a3ad1,2022/23,3114f8f0-79c0-4955-ae6a-3dc31bfd90e1,3
f4748585-3ea8-4c76-9ce4-d16f69a48c63,2016/17,57d51316-9d56-4d98-9df7-f5fc936704bb,1
4cfe8021-570a-4e74-8cc9-0f7b522cd2bd,2022/23,5167d7b8-c362-4ebd-8d34-fc379f6ecaa3,3
d464da4c-f01e-4d70-9d57-e3ced5a4d358,2019/20,d61ea56d-0474-4524-a061-9869f4ccbb19,3
822d390b-2cfc-40db-9b6a-daa2f56060ca,2021/22,3706fb38-9c0f-4fa6-a4d3-69171dad0499,3
fd223466-5f7e-4677-9c6d-0c64fb31b70c,2020/21,89bd4d8a-948b-40e5-8958-5c47b1c373ec,2
cbe2382f-5cd4-4683-852e-b957ea864482,2024/25,7d6c012b-085f-4746-9ddb-bfea5a0a66ba,2
b72beda3-edaa-4429-b2f9-9ea0b7f0017e,2020/21,e4e24720-d2ab-4a3b-a489-6cd5d1114cfd,1
d03e5c5a-2a89-44fe-bc6e-39cddfb9a1c4,2024/25,a9b733b1-f28a-4ee6-9925-aacc58107500,3
037358bb-b9b4-4691-8a6a-993b1f235938,2025/26,a3afdebc-8bc0-45cd-8af0-a425a85d8262,3
28ebcc25-19ac-40a1-abd1-e120a98d9dd2,2025/26,a6551287-c0ed-446a-a704-e6a4ff6366d3,3
c2e8bd01-e767-4ae7-8113-abd35fe2df1d,2025/26,adf96c1f-dfb8-49e7-b3eb-b42eaac75092,4
f3a978be-00f7-436d-9283-16f0ade91d84,2025/26,0b055329-aede-4daa-a221-d41a28258217,2
61879a68-3375-46ad-8160-bc1ee7e9ff6b,2025/26,3da55ff0-aee9-4f7d-9b38-ea32b3f7388e,2
9b55c98b-1311-41b8-93fa-017f7fa3f7e1,2025/26,3ccfce61-e241-4de3-a7b8-e543ac63180c,3
ddb61511-1023-46a3-9990-7e7f0dbda985,2025/26,ed7ba084-f76d-4cca-84e1-2fe821840afc,2
b42d053a-532b-418c-880f-f53bbdf8ca90,2025/26,e1f5691b-37cd-491b-a862-490ef61a0119,3
ebf42d73-e434-4a8d-bbd4-db961811af14,2025/26,85bb0232-13c7-4561-9e37-87525ef2d1ac,4
7fd88a4d-69ba-416e-8913-49dbfc359ce3,2025/26,9f790490-0384-43cb-85ec-3ef0329999d5,1
be72939d-841f-46fc-b2ed-c72805dd7ee5,2025/26,fda5dda8-86b8-4c67-9fa1-561ec862a590,1
2fb8da76-933e-4052-a93f-78cc2a6e93d7,2025/26,55dde1e9-253f-4358-b7dd-04a04483243a,2
2fa6c799-7551-4c7a-9dfb-0a992bc1be81,2025/26,ac1a8798-cc17-4512-a487-6638869cd904,2
4cf53982-2efb-48d1-869f-cb0b2275692a,2025/26,32863b18-983a-48ab-a695-abd7ae88266b,2
feb463f8-a50a-4b6e-bbf2-85f420e63472,2025/26,05d5fc66-9557-4137-b749-d4a2d10baa98,2
c5402359-124c-4e4a-952d-94cede1e1e8c,2025/26,878e88d6-d3b7-4b63-9fd3-a2de98e5a2db,2
234450af-5909-47a4-b733-1359f0075a8a,2025/26,30930387-e095-46a3-9b21-4a91892053bd,2
7ef2e1f7-9b93-4001-b125-7ec9c14796ee,2025/26,213ee8e3-f6b3-4dbe-b858-987eca249cfb,2
fee94688-b5c8-4df6-a531-19755f223f53,2025/26,d36dca07-1c87-49ce-9d63-ede77d9d37f9,2
b0802c00-d5ec-4961-a01b-dbe910990bfc,2025/26,fc2d8a43-8060-4aed-b29f-cf76dd07adaa,3
288ab9ba-76e7-44eb-90d2-32848e2acc1a,2025/26,d6097561-05a2-4165-b201-b1b48f131d31,3
fbdbc68e-a291-4e09-87bd-f9dff56deee6,2025/26,245705e4-8140-46db-ab21-ed494f56bfa2,3
093c55d0-2931-4eb8-b5e2-f800169bb906,2025/26,43fca5e9-98bf-4e96-b034-589814a82205,3
b4413f1f-c3ce-459d-8fda-95e870ceb6ce,2025/26,b29ca6a6-7d50-4b6b-bcf3-905a154c6b97,3
b58a04a6-4ab0-43a1-ae5d-98f181e518b1,2025/26,c5edb3b5-ad1e-4150-8835-9bd6142d6ad9,3
87e7c8cf-03a0-4b4c-8cac-3bc9c549af86,2025/26,105466eb-69f8-4909-93e9-01e2fa211ab7,3
3e50d3a2-a22a-4214-8b2c-e8c4b4ed8433,2025/26,caf57261-0eca-46a2-92a6-7146313c8505,3
f9035958-13dc-4000-a613-3b731e2ab067,2025/26,9629dc27-2998-44c5-8bb8-4cfdd84e6dd2,3
922947ff-c459-44c3-8c2e-2f44344491c5,2025/26,cf142819-7af7-43ec-9fd2-1fe8b63e652a,4
25d3d598-a52c-40d1-86ce-181075cf8631,2025/26,8082bf77-53f1-4071-b7b5-8c6ef6032ae1,4
3614fe3b-43a2-4842-a898-10bcf2d57e64,2025/26,eef2d3d9-a0d2-45a7-982a-8f1018845250,4
8cdedd6c-eeef-4b06-b1c4-42b1c1513d72,2025/26,15d290c0-0896-41e2-939c-33d6ab313f07,4
2b09a20c-b91d-437f-8afd-4366894f43c1,2025/26,7535b09c-7bbe-4a71-b52e-3f514a7c7a8f,4
628c55b0-9718-4ef1-b9e8-c29d15c901f7,2025/26,7c63082d-1d60-4bbc-b471-3f268b8fce67,2
4a13e62e-1619-424b-91d0-dc99359dbcd6,2025/26,9e66c0ab-9d1a-4416-9f12-cc2dd18940da,3
b18fc753-ce41-4335-a5d8-e2d4ef3fed23,2025/26,2603d8bb-24f5-4e4b-b6ea-8e75ecd804fd,1
d727904c-98d2-4e09-aa7a-61dc459f9d20,2025/26,14709931-a609-4f06-9e07-dcd48229d04a,1
00bf9ffd-b326-4596-a650-28fe99b61d91,2025/26,3077c5c8-faea-42b4-b40d-712d8c3f1956,1
7fcbc6da-8c4d-43de-bda7-0a046096ceea,2025/26,a570a651-667c-43cd-8c93-a8f5f7ca9aec,2
28ab4969-ef88-4728-8b96-659dcbd1b576,2025/26,cf761237-9474-465d-8a62-26304d89e4c9,2
81f48078-7e1e-474b-90ba-fbec5d5c51c6,2025/26,d4503d72-224e-461f-8fa6-b412e679eb15,2
8bc9b677-d551-4d96-82c6-460230188c83,2025/26,6be776c5-2d25-4fec-a9af-7671e76c8448,2
30a5929e-2c77-4a2b-830f-22bfcc1a2e0c,2025/26,e2e312e8-2095-42bc-976d-061f7dd24cc7,2
e8e2d752-6273-4ab3-a722-3a2727b28b27,2025/26,63f0a34a-dbdf-468d-a4e0-1857239b4436,2
0f51816e-3141-4745-b60c-2f03609e5138,2025/26,81071cbd-3a81-46fe-bbe6-3fd07c8c23f9,2
3c39a2c5-b9f3-4347-806a-4e2c9b9685c2,2025/26,3ec3017d-d063-4ecc-b432-63abe867433e,2
cdf5e8a0-3580-4c14-a685-62383b3f4193,2025/26,a50d8c4c-28e7-41f6-b1d4-0b80e16d34c2,2
41c8e415-910a-44d8-99b0-0de0b3fe92e3,2025/26,708f7179-9742-4cb6-b099-d28e5ca518ae,3
bece4daa-b722-4bf3-be0d-0c6126dde254,2025/26,cc44c265-126d-4095-8692-b0f6ff9deaf3,3
08fece4f-6ccb-4a00-bc18-d5e66b692c9c,2025/26,5fd17d2f-25f4-4a42-a3f2-e6a09d563e9c,3
73637bd0-9660-4585-9b03-ed0d3a7fec17,2025/26,72dde63a-2b6a-4e60-a0fd-4f2ee30aca35,3
1188ede6-2f82-4794-aae3-bbca4af6c2d0,2025/26,dbff7fc3-e231-4499-a532-5b62dbf443a2,3
e9f0a94a-b871-4ccb-9cfd-7d5976276e0c,2025/26,cb676ac8-a7d2-4dc6-8fdd-bb1ae63d1c7e,3
d6332928-3e55-424b-8ce5-f7a878fb07a7,2025/26,9afceeca-dc82-4196-b3cf-9802a84722b1,3
60f47018-99e4-4637-b942-4450186d280f,2025/26,4b72cc76-b054-4a2a-ac6b-0f0107f983f0,3
001f0295-5cb8-41ce-a7e2-0a9f02cec269,2025/26,c252931f-e2d0-41c5-9116-67dcc0360b27,3
0852fabe-b02d-4ce9-8409-948473a88a7c,2025/26,336a573d-80ea-4fe6-8c83-5b2f6ff192e9,4
fe12990c-7b83-4aaa-bbd6-bb30ad894a3f,2025/26,a5a359d7-999e-4b69-871f-08914f0eb104,3
e5c701b1-542e-4124-85b0-1ca378d391fd,2025/26,737d155a-372e-450d-9340-888fdd147f5a,4
621c2702-dfb5-47ab-9704-efa20c06c8bc,2025/26,852d68b3-2e77-4eb1-9c6a-b2d7c335f6e3,4
d86f8888-483c-4873-b2c7-4200357b3366,2025/26,f4a26137-bb1b-4d44-b80f-9498e0755892,1
e6a16782-2bc9-4d2b-93d3-2620b21001df,2025/26,920a9804-5d45-4827-adeb-85a5a95ea7c6,2
9977c1d9-07ef-4026-89f5-5926c4c06195,2025/26,a4344bc6-a718-4bdf-ba73-1ed1fb63e26d,2
1958def8-32ff-435f-be82-7d4a1fc9b0b8,2025/26,ee767f12-8cf3-42e6-8217-d0a339972e56,3
063314e6-1248-4823-a3bf-5a99a21f26cb,2025/26,91250e9e-494d-486f-b365-ae2b5d9c164a,3
690175d7-2b2a-4adb-b8cc-9d72790258b7,2025/26,43c79960-fdfb-4a57-9b3d-8ffeac0d1be9,4
a82b5bf1-3126-46b1-b0f4-8413b37b8176,2025/26,041f7076-2687-41bf-bdd2-75b73ad49f2c,4
9c344fdc-2d3c-4bf4-8d15-6ba0ec5cea02,2025/26,8edd17ea-a962-43ac-aad8-8cb838fdf8a7,4
2584caf7-961a-4920-8552-f7363c73db0f,2025/26,02b42411-3eaa-4dfb-add0-9d5f4d8db63b,3
9103fe24-36d3-468d-8e4a-dbb4a0b9dd97,2025/26,67534ff8-6a41-4cb8-b08e-54e149dcbca6,1
6ab4f8cf-f59f-4134-8525-332ba4cad928,2025/26,07cf5c74-3ac0-4b06-9dce-f15f566b8090,2
9f631cf5-1134-4db1-85ec-e4af9312044f,2025/26,4610fa2c-4e95-43ae-81e3-f9069fcbfc68,2
5ec85b77-33af-4145-8eb1-dbdcfe659238,2025/26,2ab0deda-b17a-4aef-84d9-1722dccdef0b,3
88e23b2d-f831-463b-91de-2ff5468d3c6b,2025/26,8685235e-13e5-4d66-9de5-9a799c8a08a7,3
3850e659-c87f-489e-b52b-0f48ec7b3c1d,2025/26,7ffb3735-d09d-4551-bd5f-c0b26652d232,1
7073a972-a9a8-4501-9097-87b0f212c9d0,2025/26,82db57af-5251-4f94-8bfb-4caccc305893,3
073a8ec8-f217-4a9f-a421-31d38e660525,2025/26,23c57a77-9d43-4dd3-b7ed-eff7990d0f78,3
459e4d82-9246-42fe-acb7-94804958e1fb,2025/26,c0e05294-9695-4889-b88d-30745e5f990b,2
5f0d5a38-126b-4b65-803e-28eb6bc69524,2025/26,8d36e841-77f0-471f-8482-149a7513e00a,3
40267fe2-966e-4812-a3ff-16244ee4cced,2025/26,e13c3f18-d442-4728-bb7a-744b00078e27,2
af7815b8-7a8f-4bee-a528-07b57ffdd8da,2026/27,8c8cc68d-e4da-41c6-8716-a17bb3f8529e,1
201e33bf-04b9-413a-bd88-64d3194dd374,2026/27,dc4a57f5-c41d-4b7c-9911-f8c0143162c6,1
3d487309-be3a-497c-a76a-77e02a300f88,2026/27,f6bc9a94-bd54-4442-a82b-ff3618209116,1
d3a62a26-bac7-4656-b814-04083db660d4,2026/27,8fc63c4c-fe1d-4ba7-b070-dc23c576cc89,2
166003f0-30b8-40d3-ade7-c60dd6298c19,2026/27,00b52884-4ac1-4ef9-aa10-735b1f7d561a,2
369dfc2a-cd44-4e6c-8033-735e7b2782ad,2026/27,f9bba49a-202f-4676-8403-89b69aba431e,2
4c55e718-50ba-4cde-952a-36fbdb230ba5,2026/27,af860212-099b-4083-9c6b-0b667e106d07,3
4fe2632a-5b00-4635-b344-ee964e2a0362,2026/27,39cfc7e8-d097-4574-8da1-b39c898aaecc,2
6e8fb76e-bb0f-447e-90f0-dcd6419eb2c3,2026/27,2b9337d7-0164-4b9e-969e-db2f0905a2cc,2
e6cd425d-ff35-44aa-9b72-6adf536bbcb2,2026/27,8702ee2f-195f-4cb2-b2af-95159eaa74d8,2
f9a7cb25-bac9-40ac-884c-1a29b5c8b6b6,2026/27,5dfc3e0c-26d2-47c0-b444-42500f664a8c,2
7089c358-0343-4f5d-a304-4befef472a6d,2026/27,eaf2f6bc-da6a-44df-96c7-714275cd1719,3
8b1fc42d-7c7e-4827-98f7-ad3c9adbd331,2026/27,2d3c3a1d-0246-49a8-b713-fb234c752389,3
47dc5a3f-5b28-4b9d-bf15-de2b0c652892,2026/27,8f5b6126-8cee-4eda-9580-a85fb023a7b4,3
a6820432-1ea5-4c3a-8b13-5542d108c1a9,2026/27,b5e6c9ad-10c2-4bff-9f45-746f6a7b3465,3
9ef3b1c2-1b5c-4acd-83a3-1ba75ef431cd,2026/27,2a008f35-80d2-45a1-b2c1-2431dec0d8cc,3
7666f986-aea6-402f-b74b-6dc54f7d1c1c,2026/27,730a90b3-4b79-474a-98d4-449bcf655b48,3
b2f9ac89-8133-409c-ab8e-1980b734edce,2026/27,060747da-f457-488e-b411-04b14d664ddb,3
16050cd1-537a-4609-9783-f2374921620e,2026/27,778353c6-4ddf-40e8-a474-96ac57b79dae,3
a2b3199c-8ceb-423f-abba-e19d4a7f9f8b,2026/27,8454fd25-b5e1-43c0-868e-638cea3bbabb,3
a19da46e-932a-4314-a44d-eb26fff6c42c,2026/27,0d1a6874-c8a6-4c75-9e26-6cc146615f85,3
c4c636cc-d286-4240-a8bb-118aade99708,2026/27,8e9b9927-a7a9-4302-8cd0-774e1e696c78,3
a1e1c66a-1026-4914-ba95-954ace2a4e84,2026/27,c2d6123b-73fb-4d00-8e17-10e665a4d3a3,3
5dcbc28e-9503-484c-8bc5-73e2c44c0929,2026/27,733bd107-f236-4471-9655-f01379c1bcc5,3
6917f37a-fa72-467e-8763-bc86849d1ad5,2026/27,2c0b785d-9175-415e-b7ee-cb10961a60a6,4
a299e76d-1a9a-4eab-ba75-156eea6a7d58,2026/27,9e78f47f-6da8-4013-b7a8-87b63b1e07b6,4
cb55dae5-3633-4d7d-8212-dc8a9c1e7f39,2026/27,90385cd1-1b4d-4eb7-8f0e-4ec42ec27b40,4
09d2a3b6-3d47-44af-98db-290f4f29f0dc,2026/27,a3afdebc-8bc0-45cd-8af0-a425a85d8262,3
5d255eef-df5a-4b1c-afbb-c54f2234a85c,2026/27,84546ac0-47e1-4932-b173-8e0f393efc0d,1
6778fa6e-f493-47f5-a3dd-078078789936,2026/27,7e66bd94-3d78-463b-b062-cb3bf2da1cce,1
2a9cd75e-bf17-4fe3-81ed-634282af5db5,2026/27,fd6c27e7-f130-4343-aa06-b74e8ef628fd,2
55846798-83d1-4cc5-afdf-65ebe13cd04b,2026/27,cab4e50f-8585-44b5-b295-fad3bc50c15b,2
13d0edf5-7e88-4ec0-a41e-e5e1cc6388cf,2026/27,b2c4a6df-6c1d-49ff-b4e7-1c6c0212be83,2
5e52a55d-176c-4e4f-a8e9-3c9246f3f166,2026/27,9c3e5a68-1061-402c-ad21-25b8c26178ff,2
4469a047-f0ac-41e5-8409-c3e3b4ca8a8a,2026/27,b6a2b8f2-e4f0-45bd-b728-1f7e74cdaf74,2
cfdab03c-7341-4ff1-b7fa-0699f493f16a,2026/27,fb90f28e-7da5-4951-9e8a-b8a35718154c,3
0584d916-82d5-4ac8-a82e-d05bba652653,2026/27,9f5c0372-965f-4c09-a409-48c6e1ba28fa,2
6046ad80-729a-40e6-b7e1-376e1864d82c,2026/27,44dc201e-dc85-4982-a627-e938ddc48bc0,2
2971e7d1-7fde-46b1-97ed-71306a2245a2,2026/27,ca8f56a5-50a6-40ee-9d34-b0913f594204,2
6d578b80-2fa8-4158-a08d-3e952072a3ec,2026/27,0c265a4a-81e6-46d2-b15f-1160dc3515ea,2
80575de2-b3a6-480d-ac3b-67e412b567c1,2026/27,809750fd-2ea8-4b4a-bce5-2e692aa3c335,3
a1e40844-5a5f-4c29-8856-f040ab16ae07,2026/27,844f4bef-b076-4494-a416-6620adc76b35,3
b9a15a85-fdb5-438d-be48-8cd9422ebd21,2026/27,7ec8c0ea-b6ee-431a-a977-bbde342865b4,3
a34a4835-50d2-44f0-8f9d-f7f3d0704ddc,2026/27,b36cebaf-b61e-47db-baba-dee6e39cfa5b,3
681d17a2-3a95-4940-92e7-3650c3e3154b,2026/27,1ae7f23c-458b-4bbf-8b00-9eb6a8d3a2b2,3
66e14dcc-96c4-4b26-817f-d0c9b035fe8a,2026/27,c0e3d0b0-8ab9-4301-85e4-ee12d5aa5e8b,3
cd15f44a-ae10-4fb4-b826-0ef3e1ec15a8,2026/27,ddbb6b67-0242-47e5-9af0-072b452429d2,3
306a8a25-3aae-4171-951a-1a2a28b5ac73,2026/27,68fbd8c6-06c2-4041-8cc4-a9f44972e367,3
2f206bdc-d656-4e51-96c7-6d3b76e3d867,2026/27,fcb8fa2a-d72a-4a6e-93dc-15b1a2df698a,3
be0c795b-9dde-4451-b91d-1b2a9b8464b0,2026/27,c2cc4a44-59c2-4e9b-b724-7c670e762a77,3
8be97bb0-6d0d-4eb4-abc9-1e4a86901f95,2026/27,1e921cf9-1036-46eb-998c-afb94a60d6a6,3
4525b354-7258-41a1-a88f-bad11a7ae432,2026/27,a6551287-c0ed-446a-a704-e6a4ff6366d3,3
45d08e9d-2374-4e26-8528-7e39072ef8aa,2026/27,85560e36-f11f-4635-b01b-aa5dbbf39dfe,3
f123b4b1-a58f-4681-ba7d-595676f90754,2026/27,0552be44-9d74-4958-b8ba-3b4d84ed57b9,4
f4ab643c-ee98-44c0-a6a1-bd79d326a3e7,2026/27,3be1b83a-42f2-4ae8-a257-d8157749b5c9,4
b5f6f188-e7d8-41b2-84fb-ae454677fb2b,2026/27,c7a4d6d5-531f-45e5-902b-a002babbdb49,3
b36b23ed-eb9a-46e6-b779-f8973c1b5402,2026/27,908014a9-09ff-487d-947e-94b822111b08,1
9b649983-c227-4f3c-9008-2d075d01cadd,2026/27,ff210445-02b1-4677-9041-2f4d71ca9d5b,1
2a5bdfbe-3d74-4b46-b064-b42ba95fbb32,2026/27,0aa06c2f-e3d9-4068-9137-b1c6aedaf268,1
aab01257-d923-43b5-99e4-331250798f6e,2026/27,da7e8c4f-45b6-4982-a72a-27c5837d3b5d,2
a008c48a-f47b-49be-a8fa-681670585b84,2026/27,751e7d9e-fd20-4d31-9e3c-5f8102f2d7c9,2
b6918d97-efb3-48df-b5c6-63f9f3ea696d,2026/27,96208a93-4ee8-40f6-a03c-a2f5d26c2388,2
bd9db086-743e-46ae-a2f9-ddc5a849cb2e,2026/27,c6e10f61-8f06-4028-8d03-fe524e615dee,2
b30d0ce0-29d1-46a1-aec7-0c96b9e19d01,2026/27,8c59aeca-3be0-48e3-87f3-abc04294867e,2
871c5a69-201a-4d8b-a53e-21f7d8b99f0b,2026/27,fa82c104-4bb4-44ea-99ba-197e7b9b54e2,2
cb24f66c-5389-402d-8a39-2529519b5f66,2026/27,9a2e293d-d951-470a-9828-b0958d351f6a,2
1d641429-8a76-4bcb-bc5c-74927c310c8d,2026/27,0fcb35d0-9ca4-4e84-ae2e-8fb6afb802ef,3
074da94c-3437-45e4-9124-52e4bb1a9b4b,2026/27,0b0f5b5e-be7b-478d-aa23-5f619d16e5cb,3
133206d7-dd1d-4896-9124-1237dd75b569,2026/27,fa7f3fbe-f1a1-4944-a63f-c28478e8c6e7,3
5c4a55b2-98c8-47d9-8c36-937fbbf6f4ef,2026/27,35fc7a46-7e2f-453b-8b2e-b7f3e35f6949,3
54981a70-c571-4b4c-b5d1-5a88e85e8a30,2026/27,6ccd22a5-35fa-45f0-8bb0-1fe3f642daf9,3
7039634d-ab30-483a-8900-3bf9481f0b47,2026/27,5c12b7ca-9d61-46d9-93a7-0aa3abd6eea2,3
5adfa80b-94f7-4022-8e99-8fc6096fe7d4,2026/27,d773f228-5102-4554-a7e4-aadc6a213084,3
5b93e9bd-ebb4-495f-af69-9ecc33107714,2026/27,cb658622-94a6-4c72-8fc3-ee760080b729,3
0c74da81-2cba-4a84-96c5-049ca2413e1b,2026/27,a8dc9e82-f136-46ca-add6-dd8d3f7181e1,3
9dc0b839-cc35-4c2b-be21-0bef3a3bc9e2,2026/27,487f0e75-49d1-4ab9-afe1-0bd8ecd1a25d,3
e09d7c8e-2157-4d01-83fe-57baf803787a,2026/27,45af936c-cd99-491c-b5c6-905c20a14ba7,3
495b1483-cf3b-48b2-91db-8c79adf3c1b1,2026/27,c7528804-9623-4bdb-ad85-0f62c8d857c4,3
20c8e6f2-5a80-4454-b3e2-a7e75d9d307e,2026/27,e7d3fa84-b7d0-432f-a17b-62dcd50dac2f,4
e11c9172-6110-4eef-8491-18135e3e5627,2026/27,8bf82ce7-d406-4c79-8560-1832322ecfec,4
d2181a76-d85c-4ee1-8472-3b97424c79c7,2026/27,adf96c1f-dfb8-49e7-b3eb-b42eaac75092,4
38c33bda-ea6f-4eb5-9945-245dac68f9ec,2026/27,f82e53d7-605b-4a3d-8ce6-b28823b60aa1,1
ba3e93fc-beba-4578-81a8-8ecf20123881,2026/27,f2114ba7-f7b6-4935-8cce-503ef22d76a7,1
e8a25aec-9693-452c-a7a8-5c527903f683,2026/27,125ec0fc-cbeb-467a-8e71-8f0ada688670,2
0f471cf1-f7b3-49be-bae4-fdf398b6bff9,2026/27,c6e7ac73-23b7-4259-8695-c7198c3c43cc,2
e72ebe39-98bd-46f8-91be-2a388c16f839,2026/27,9aec606f-bff2-484a-9d8f-7f4c0fe7dfaa,3
2be42b47-01fc-4c97-ae54-028e326a1da0,2026/27,b390871c-5ff9-47b4-9fbc-8069f15ccc95,2
4d7847f7-f8f4-4140-8fff-486f4dcea984,2026/27,9604dbe5-ce94-417d-b75f-8c05bc946008,2
50eb43b1-b9e6-42a9-ba1a-b73285a9abb4,2026/27,46b035ea-3bfc-4c19-8e64-071f99e5ea70,2
bac6aabc-4b1e-4cca-a05f-735c9d77ae4d,2026/27,7ba0ee40-1601-49e4-8f1b-b9ae33eb4456,2
241116af-c990-423a-b28c-cb8c9e2dabe8,2026/27,44241170-8423-49f8-85bb-deb69ddfa48f,2
5abd94e4-d2b1-44f5-ac78-221c99851e4b,2026/27,f614f8c3-7444-4fea-b27a-84434634c3c8,2
e56fa230-41d6-499a-8041-8a442ef0bcbe,2026/27,0b055329-aede-4daa-a221-d41a28258217,2
cdc98aed-7d3f-4090-b535-9350276ecb54,2026/27,8b635a0b-1d12-4fa1-ac09-216f20e4947c,3
eaaa85d5-5f83-46a3-9e7c-8d9af7cd5b7b,2026/27,87c3b645-1b39-4ff6-8e5c-ee06dd89f269,3
bade8e4f-e666-423d-b2de-f15f54b1305e,2026/27,112a0eb3-0a5b-496b-b396-801917ec861a,3
ce29ba77-4f0c-40cf-a346-16a914c50ba2,2026/27,0a08f076-b5ad-40a4-ac56-0dd943858329,3
8eee886f-05d3-4d07-806e-31a2c132043b,2026/27,8d8b3693-4c1c-41ff-a2ca-5adf8ab86188,3
fe714197-6265-488e-a103-1d692260a9cb,2026/27,fe1675f8-b283-4a0b-b6ae-ac6b2d6c5eca,3
8516fff7-fe66-4dac-b5a5-890dead25df9,2026/27,159a70a6-77c4-49e0-974f-019d3e6ab615,3
620ed4d1-1eaa-493e-a365-2b98c2ed3e2c,2026/27,ce96ad9b-997d-46d3-a93d-4cb784f16ad1,3
c00e98e7-5018-4bbc-893e-c38036931c04,2026/27,a7c6ea10-4548-4496-be01-8385d6b36d66,3
a3dc082b-9848-4834-94cf-67eb5ef1c9e8,2026/27,a7f69c5f-2404-4f5c-af99-f4ab747da321,3
5d4bacc4-8a16-42ae-ac4d-72ba02b7c7e9,2026/27,a8573c60-489b-47da-b482-21fcbb55d536,3
c63b9133-3dc4-42d1-bd82-426fdf7643d1,2026/27,849e9e22-c994-4e94-b9d8-18e9ac8d9fe6,4
b6ea37ff-6709-4bd4-b126-b86ffcdd81e5,2026/27,d41f09ef-6f87-4cc1-9f1a-ee796af3d065,4
13222156-aa50-49cc-9e97-a199ff057eed,2026/27,1f21671d-d143-49c8-938f-b90e1b57a10e,4
e6979231-bb8c-429d-becc-3381e3f96d3b,2026/27,ca2fad3c-7b24-4564-b856-18eaa1454bb8,1
264ccca1-b565-4a9c-88d0-f0fcb1c5eca9,2026/27,619f6e84-31c3-4f9c-a03b-42ad670feee1,1
068ed36d-b4df-4777-a43e-88bee51bd094,2026/27,b7d5d127-bdfb-497e-9767-9dee5b80a9eb,1
74941cdd-ab42-4e4e-826f-1b03c7613738,2026/27,5595fcf5-6ff7-43b4-808d-b35fd4ef7ffd,2
a93b8db8-dc10-43e9-8518-37670752d7e4,2026/27,25e894d5-5fe6-4e70-9231-eb41f5fd051f,2
58ff5fca-8e91-429c-b15f-6eb51a66d352,2026/27,75dcd00b-3ea1-42da-bb8a-25dbb04a0866,2
fdfccd0e-e697-4cdc-b4a9-ef298363f6f2,2026/27,bba082dc-e723-455d-ac6d-0d5b4006d6a5,2
b11098de-5560-4911-a153-7a78db985aef,2026/27,013d5efd-ec7a-483b-be9f-0a514707655a,2
f93ce298-fa9e-4563-88fc-09f315999de4,2026/27,6464d7dc-b00f-4f30-95ef-28e68277b29a,2
9f9862f3-4ed1-42d7-aed5-40a5a817cc42,2026/27,3da55ff0-aee9-4f7d-9b38-ea32b3f7388e,2
9000d08e-c91b-41e5-9317-5e03577022d8,2026/27,978b7e27-fc49-4e82-b51b-26bc9a204756,3
4fc5130e-385c-4b06-8168-06d4c4bec218,2026/27,e7d847a5-66c9-4796-bcb7-b4211b33bb04,3
1654d483-2017-4574-b159-0502f809f531,2026/27,205e17ad-76e5-4a8a-ba2d-17e068f39ce2,3
21abfc6e-b1a9-439c-af44-83724a730bcf,2026/27,b118bf52-b844-489f-9dbd-9062311f444a,3
629a0fb3-e754-4e65-a369-d350730f9e2b,2026/27,9f3cd734-cb60-4861-bcef-5f31aa336b54,4
438d5082-5955-4d51-8ff8-b77bbdde1a41,2026/27,b9c2bdf4-908a-4a05-bae4-865a4626ce38,3
edd13b81-39db-4540-b302-bcbc500eeb93,2026/27,e8498d0b-a80e-4f2c-a7d5-4744ba79699e,3
b0a7c69c-35b5-4781-8e27-e605882c441c,2026/27,90e55f29-eaf3-45ba-b6d3-9f50aa3d550f,3
41f1d9c8-10ff-491f-9074-91546f11a8f2,2026/27,39b7e45e-ca67-43b4-bdae-fa110e16bc1a,3
7ebfcabb-e707-445a-8302-7fdc858dd2b4,2026/27,0e7b8ecc-a699-45cb-8993-d5e32832794b,2
590b5b98-687b-4f01-819e-79874b493f85,2026/27,ec207835-87ee-4056-8795-9b04f054dd05,3
c79ddba0-4d58-4888-a7ba-7782ea12d529,2026/27,3a760bdc-2151-45df-b3e4-518c0d97e81d,3
80fba8be-d2c0-4bb9-9db7-a7214a5a5aca,2026/27,c6677205-fea4-4d34-a658-598ec89e3c2f,3
1192450d-1f05-49c9-bf6c-d3b3f7a3c365,2026/27,13be3147-4bef-4613-8472-82b94f305fcd,3
c82a83c8-a1e9-4d54-8127-2076464f0c30,2026/27,3ccfce61-e241-4de3-a7b8-e543ac63180c,3
f6ed2843-6a39-49c6-8f2a-ae8570a1ce9c,2026/27,2de4111b-3169-48a3-8e41-c9fc7e174dae,4
1d939bb7-6d9d-406e-8450-711c9cb9a48b,2026/27,d8b398a5-c466-4f3e-82c1-3b674cffb7c8,4
f1b616f8-9670-4f27-8a2e-34d137e92d61,2026/27,78b49aa9-73ed-4667-89db-8fd7b6a24104,4
1f02ccec-aa96-4a8c-9af1-a3121aacb793,2026/27,e45a67bc-f818-44b2-86f1-2b2c16924a11,4
3d0ffb40-0cf9-4788-b8ca-0b2d3f49a1db,2026/27,2dd169d2-509a-4993-ba91-6349e20df845,2
39dcac14-3e05-4485-a8bf-8d26e449b45b,2026/27,918248bd-6402-486f-a13a-0f4250427ee7,2
9e52f355-3587-4f32-96e1-282ba2fb131d,2026/27,dd678e0b-c375-428e-96fa-615f1dc5f283,3
6e8e9764-3b9a-461e-b26d-e90288428683,2026/27,58ecb62d-6842-4969-9c96-1eb5f5a3844e,1
f0578de4-609c-40f2-80db-2a3c64c3afee,2026/27,b4a212e5-2269-4519-9737-c540dad37345,1
48ce7d8b-73d8-467c-88be-91e73be42758,2026/27,8f24ce04-4a4b-4faa-a0c3-0ecb9e6a6d2c,2
f6429e01-231e-4a78-b0fd-28640ec4492f,2026/27,3ce8a9da-92b0-4f78-aab5-c56fd203b57c,2
a956cf98-d1c3-4078-b55d-1c292f7112eb,2026/27,959df0a3-8c35-4bae-bb1b-679a38d24321,2
dd70f55e-e2f7-4c97-9a67-13d203ea39bb,2026/27,602a32fc-f64c-41ec-93c9-32fc9192864c,2
75f62023-cdeb-4c2b-b78b-ccbbc5cf1f1a,2026/27,77f852ed-4969-4632-b499-6cfe91ddbe30,2
325ae7c5-d58e-4b6e-9f89-eb915c7dfe5d,2026/27,106be257-c769-429d-8343-e6a75dd3b6dd,2
edb30440-ba5a-43c2-823b-28ad78ab5029,2026/27,aae806e0-9c1d-434e-a9db-1e5f5787b3f0,2
fc546770-5d91-4298-9643-b8e6cb6be1c7,2026/27,5352a53c-371e-42ed-a345-bdcc7230af37,2
9e897c97-670f-4b29-b5ef-efd266dd7e49,2026/27,e51d19df-18b0-4a28-8c3b-ea5d199f2252,2
96e4ec0e-c99a-4b53-9c16-9f68fdb29a4a,2026/27,76b77469-699e-4ad8-a35a-05ac25881187,2
fd175153-d7b1-40fc-9ece-71af8cff6fe7,2026/27,ed7ba084-f76d-4cca-84e1-2fe821840afc,2
d6e2c599-bfe1-4717-b3cb-5d90b61c3e1d,2026/27,a106c077-5b59-42d2-97d3-d938b4530fd4,2
e79c8cce-055e-4f34-8278-de25f8e57693,2026/27,ac9f956e-8a1e-44c5-bada-92041eda09ef,3
b019c5ce-0c64-456c-a872-c24bb23774bf,2026/27,5ab3f06e-434d-4640-952d-0e7e998d761d,3
31d74860-10c9-4ee8-8eb9-3ce4985b6137,2026/27,97bf024e-98d7-4f14-9b3f-7f83a23c1d26,3
494d67dc-c99b-47d2-8129-e9be020ab183,2026/27,faf51dbf-9abf-4c45-8be3-01866db48561,3
c3702384-9cfd-497b-87db-17f5ad0e72a1,2026/27,07b70ca9-5991-4de8-91e1-48a13b9a2533,3
f4c4e563-d50c-4516-808f-1b7af93cb8bb,2026/27,cc48ff04-fda2-4ab5-b65d-7a7fe526fb2f,3
ce01a22e-9a4d-4f4c-8a18-2fdcc881e48a,2026/27,0f4c04eb-d670-413f-aa27-6ebea80648cb,3
76f8e455-f75f-4c14-ada1-5127b608b08c,2026/27,703cf6e8-6b6f-43e6-bb9e-10415ec3bc79,3
7a4ee82a-f8d6-43d3-8edc-8c6f27505f4e,2026/27,e1f5691b-37cd-491b-a862-490ef61a0119,3
bede0d97-420b-4fcb-9346-8e963c2e9d95,2026/27,78b25f86-58fe-4875-b7a0-38e71d54ad53,4
fa075039-1e6d-41d6-8cc9-af667654e48a,2026/27,9845f271-6a65-4739-b337-4358823c2b28,4
9c99ecf7-ed61-4a5e-9eae-aa8284610c73,2026/27,67217edb-a846-4ac9-878e-2ddcc1dadfcf,4
d291c8ed-13f5-4d38-83a5-174d764cce80,2026/27,c7245ea9-802c-4854-a436-6d2f2e2ddf06,4
b77cade7-59fc-4555-b5e0-bcedcec4df0c,2026/27,1593b0e8-5e6e-4ee0-97dc-c59996945458,4
00d1c95f-8fa5-4c58-ae0d-c82579a4b8ec,2026/27,85bb0232-13c7-4561-9e37-87525ef2d1ac,4
d57377ab-362c-4618-88ff-89d6ff3af569,2026/27,7045407f-356d-48d2-8736-5b310f8e703d,3
038ec2d1-2440-43a9-b694-774748edd04c,2026/27,9f790490-0384-43cb-85ec-3ef0329999d5,1
0309eeb1-946a-4dfa-9332-bb5e0edf2efe,2026/27,fda5dda8-86b8-4c67-9fa1-561ec862a590,1
de7611a0-04d7-4346-acbc-42ebe38f972a,2026/27,55dde1e9-253f-4358-b7dd-04a04483243a,2
a9feffdb-ac5f-4059-844a-b27210792f65,2026/27,ac1a8798-cc17-4512-a487-6638869cd904,2
b5f56823-82a8-4f77-bc41-1c173970ceb0,2026/27,32863b18-983a-48ab-a695-abd7ae88266b,2
b95a20c6-898d-48a4-8442-b7da4790f578,2026/27,05d5fc66-9557-4137-b749-d4a2d10baa98,2
60d596e7-3343-48a0-ac74-12958de6db33,2026/27,4e9c70cd-90c8-4a6b-b724-f5ea42ed012d,2
1224d03e-4d42-473e-8ca6-72df0644f2ed,2026/27,878e88d6-d3b7-4b63-9fd3-a2de98e5a2db,2
0a2e9320-6834-40a2-b5aa-170d7b7425bb,2026/27,30930387-e095-46a3-9b21-4a91892053bd,2
24a7d94b-b406-41b7-a684-b7cef293d5fc,2026/27,7183ccec-0ea9-4ec1-bc31-32c5a55bd384,2
c3584caa-69f3-4811-9e6f-9506241dd02c,2026/27,213ee8e3-f6b3-4dbe-b858-987eca249cfb,2
23cdd382-9588-42d4-b1a9-d0a4b56748f7,2026/27,d36dca07-1c87-49ce-9d63-ede77d9d37f9,2
c223a179-ef91-4bc5-a3a9-6cb6d7ddd491,2026/27,fc2d8a43-8060-4aed-b29f-cf76dd07adaa,3
5b7f926c-1ff7-4352-a361-a89f0bd5afc3,2026/27,d6097561-05a2-4165-b201-b1b48f131d31,3
5f345fcb-93bd-422f-b2c7-ddd921d38236,2026/27,245705e4-8140-46db-ab21-ed494f56bfa2,3
14328aff-21fe-4190-8da8-dd15a4675f74,2026/27,43fca5e9-98bf-4e96-b034-589814a82205,3
f4028773-aca5-4cba-83f9-4032d694014a,2026/27,b29ca6a6-7d50-4b6b-bcf3-905a154c6b97,3
1ed3835b-5c13-496c-a4c7-eaca5b947b10,2026/27,c5edb3b5-ad1e-4150-8835-9bd6142d6ad9,3
d2b7242f-7383-4912-911e-f5289a359427,2026/27,105466eb-69f8-4909-93e9-01e2fa211ab7,3
a6d58d8a-b336-45c8-82a0-030c3714055b,2026/27,d2854813-72ea-4db2-b5a4-1f58d42d0e15,3
b3aed811-9f4a-430a-bc89-f24a1e2a57d7,2026/27,caf57261-0eca-46a2-92a6-7146313c8505,3
efd52727-4a80-4532-b56d-ce9c391057ee,2026/27,9629dc27-2998-44c5-8bb8-4cfdd84e6dd2,3
2836e2c1-7439-4030-a4ce-9cd97de8f17d,2026/27,cf142819-7af7-43ec-9fd2-1fe8b63e652a,4
0286cc5e-537c-4f81-97c0-29ee70227781,2026/27,8082bf77-53f1-4071-b7b5-8c6ef6032ae1,4
6c2f47d5-b1cb-41a6-ab49-d0d3b76d99a0,2026/27,eef2d3d9-a0d2-45a7-982a-8f1018845250,4
1e34c5c2-c2c8-4a7f-9fa7-e8ead5089cab,2026/27,15d290c0-0896-41e2-939c-33d6ab313f07,4
f488fde8-4423-4f9a-8d63-190ddd7812f6,2026/27,7535b09c-7bbe-4a71-b52e-3f514a7c7a8f,4
9126f2dd-e6df-4962-95c3-3f767f8f89c5,2026/27,35abb6ba-fa65-4591-b6f1-295bd4189044,1
477ef73f-685a-4655-8fcc-dc037b484f1d,2026/27,110b5e40-012d-40a1-a4f6-7a8dd3577e32,1
95c17a76-255f-4621-bc05-c40cbb8f9dd5,2026/27,564732c7-d213-4b90-bae4-c6bdfdc241e3,2
5ee50e92-e295-4952-9945-eb033d8e1798,2026/27,4a161504-a54e-4f71-980c-76258773e5ea,2
15863e65-1d9b-4923-a907-b57a75e97dcf,2026/27,00304b5c-9f80-4755-9db6-70fcfb471122,2
4c643318-bf52-4231-97ca-9cc048fc0567,2026/27,e8542eaf-c756-4ee5-9398-365773676f59,2
276cc8a9-cbd8-4c5b-8a64-eb3d32009bfd,2026/27,efcb34ce-b8ec-4f6e-8f4d-3f43931a54f6,2
51792502-9577-44cb-9347-1dad9c1f4460,2026/27,9d4c256f-4e58-48e8-85b9-3220349b124f,2
dabefac2-682f-4544-8855-ea8535a429b7,2026/27,054bd8af-0a5f-4812-8702-434f43a0fc84,2
53eb959d-09c9-46fb-906b-961ca861e6c1,2026/27,7c63082d-1d60-4bbc-b471-3f268b8fce67,2
c160a73a-b715-4080-aed4-af2ebdc8be9e,2026/27,2d7896e5-bdbb-4eed-90a1-e8f82a308761,3
e09d4978-d5a8-4293-8e47-0856d5da7402,2026/27,dd426201-6b0d-4e17-a9fa-639eeb2ac418,3
91d1d089-6b07-4b52-aa94-6dcb293fc85c,2026/27,9fc89667-620c-4a07-a188-debfe5bea8dc,3
ff2c0da8-408f-4193-8a8d-58fefe541a87,2026/27,d60ca0b4-6c07-4e7e-9dd6-1a8f5bb807cc,3
e1c83df3-5e03-4706-a58f-67c0d434fa81,2026/27,f5064d39-0ef6-4eea-8795-9bfa7bcda88d,3
4331f245-7591-4867-87b1-2751f070cd70,2026/27,e3a78660-310f-4ed3-b4b7-77beca004592,3
9f5d7f4c-4fb2-4af1-89de-fbfbc201049f,2026/27,a57c573b-9e52-4560-8f92-cfbd45ad8f34,3
9aa1911d-6ee7-4f18-bff3-1aea0041d4a4,2026/27,4b659083-76f4-4acf-94f2-c067fbae05f5,3
f87c0d0e-9269-4bab-abef-dd43cfc37db0,2026/27,e5f59f5d-d05a-4bdd-8f1d-3c47725c5b81,3
72f29c1d-1897-402f-a7db-65772d532ab9,2026/27,ad4e763c-77a9-498e-bfdf-c206f8108f4c,3
43c1ce2c-5314-4bce-ab65-19e16ea1f726,2026/27,e8a9a06b-9a2b-4bed-bbd1-d6dabfe8384a,3
24fb87ba-0cf6-4c6a-a68d-dd5d6e25c0a1,2026/27,0be15e13-8da5-483c-a42e-ff087947359d,3
de10aad2-790f-452a-87a1-2f484bc6c555,2026/27,563ea4ef-6a1c-4f5c-83cf-f5df6b946cc0,2
334da1ba-051b-40bf-a442-f6630b172fd0,2026/27,4696ed36-622a-46dd-ae4a-f44988d9f0ab,3
63c1bc16-512a-4a7c-8a27-101dd12cba95,2026/27,0d8faf78-acfd-472f-8579-f67546f00094,4
164d6464-157f-4746-8396-26e92992f8a3,2026/27,fbeda0b1-fba6-4982-bc64-fcb647bdb4aa,4
5fc7b10f-8e6c-4178-acf0-e2c5047ac4a0,2026/27,316ae259-265d-480f-93fa-4ce0f626e8b7,4
94bcaf56-7fda-4df1-acfe-fc65bfb842d6,2026/27,0da7cad4-0eda-42bd-8235-fddd42a644ef,4
f711e67a-128f-4509-8996-cd1ef5bcb6ba,2026/27,a1b20c33-8ecf-4938-9172-30cedbb9dc97,1
d8dfe0c7-29d6-4598-8068-51ac4267b056,2026/27,e14a60b0-c5c3-482d-9b61-01d92aeaaef5,1
bc28fefd-2882-4b9f-a2bc-c4e646b2cfb1,2026/27,0f18b700-59c1-408d-bebb-69524169d4a4,1
13f264e2-19d3-41ee-b6a4-51e30b3abe17,2026/27,f330910f-a62e-4853-bc6f-65d94f877321,1
b67536eb-fbc5-4dd1-8373-57b9baae5293,2026/27,26eaee45-f326-409e-8d39-72d972f14e96,2
010bfbf4-14b7-44db-8c8a-b79bf3195a20,2026/27,b2956a8b-fe92-47c6-b79b-de88325f518c,2
afa0e8d1-499c-4c04-928a-c60768e8b86d,2026/27,2d73beaa-be2a-484c-9dff-1bf7927941e2,2
f25c3985-a091-4c37-9000-14396bd8eadd,2026/27,dd9fd6a5-55ae-4be3-9d09-f763b9cd3d0f,2
30058a41-dabb-44c0-89e8-2f0adc32a517,2026/27,a253d98f-9eca-43f1-9015-5c8511d97c51,2
5c1e6f1e-2711-448d-bb47-8966da5445fc,2026/27,bdbdae70-b65b-42ef-8c71-652c3870558c,2
ee99ae77-7647-4906-b425-2e8f3058bc52,2026/27,a1d3fbc5-6afa-4331-a53c-01fd44bddd7c,2
fe3ba0d2-08dc-4f90-9d4a-ae5f1b723982,2026/27,852b8e99-5abc-4f45-834c-4b82cd761841,3
c985dcee-09b8-4d60-91e4-d1be8ae24dfc,2026/27,fafb8cd0-eb45-4d2f-ab0e-3bafb0e4ec74,3
6a84d39b-6de1-4157-9adc-c5eddab7ad23,2026/27,1c660429-4643-421e-a350-ab36f78cb9a1,3
f98e0cc9-4523-42ed-a9c3-3040a46724e1,2026/27,dd8d4123-995c-434f-8617-1ca644f6f2d8,3
4240d779-310b-4883-95e1-0b4f25197918,2026/27,f7aa5c64-8487-4dfa-ab29-01c4d8c10eb6,3
8c098f2a-6299-417d-879e-7b9b52779c5f,2026/27,280eaf50-a1c8-436d-bda2-2eebff373391,3
dec15cf3-2c58-4ae6-9f15-c539e440a9f6,2026/27,2658a869-5abe-4742-8aee-9b077e84eb37,3
89591483-f415-4092-8703-dfcee7d115ad,2026/27,8e34adec-0f08-47ed-8f15-75fa2e47019a,3
11a929ae-d67c-4d1f-b046-6d4ca7751516,2026/27,6abf2e43-7532-495b-9baa-6d4563ec960a,3
ad584cb2-6af4-4234-a280-6fa3799e18ea,2026/27,74591a67-54a5-4eaa-bec2-37a0b6ba973e,3
a16fa21b-d173-46e5-8b83-94c196adc27a,2026/27,9e66c0ab-9d1a-4416-9f12-cc2dd18940da,3
b9b92340-f423-4cd3-850f-0de3031504b5,2026/27,173cfe8b-f489-4922-8264-22e87c1dfc62,4
30a07e14-1fdd-4600-9531-993f1ca06b0d,2026/27,49b2de31-efe5-4781-8658-8ef59262a45d,4
99d7e0da-5a1d-44ef-8653-e27e9f4621e4,2026/27,74afb9cb-18dd-4e48-aaa1-2267e42b6bf7,1
1b17390a-a4ca-4d65-a249-9ba6ad79de20,2026/27,299dfcf6-8fe4-418c-8c6f-3903d20c4779,1
0ef00776-fab2-41a6-a400-03a6e5323ec2,2026/27,7d302ab3-7eb6-479f-91dc-0cbe50fe9418,1
60d0f86c-1a06-4073-b036-8b6e7ba5f756,2026/27,02539faa-015d-44f3-9210-cfd5e296a32d,2
998d55ef-c18e-48e1-b132-739c3230e75b,2026/27,6d5abde7-1f76-477a-acc0-ca49a9fd4ab3,2
c36e7793-c0d2-4a35-892a-e08b4222c8f8,2026/27,6fd4776f-ee54-4d51-b129-46efc5960c5d,2
5aad9917-9093-407b-a92f-98281d7ff6ca,2026/27,4eee3faa-33dc-49a8-9bd3-8a2463d975e0,2
8fecdc4f-5c12-4f49-a763-0495925e2bb7,2026/27,8e1ff5ee-c560-481e-9d65-b7c5dfce6918,2
febf2883-ac46-4e92-b945-60be3eacfe04,2026/27,38eac867-ae09-4f4e-9791-9ad2c4572d42,2
d153e279-3af1-4db8-8cdd-0664b7561cad,2026/27,b90def95-9562-42fd-b58c-8fac67adb479,3
3e373da2-8785-4e99-b0cf-275bf6b27297,2026/27,b0076fa1-2d94-4513-82f0-93616a4e0e84,3
31042326-e1af-4af0-9c15-c6b189f27f86,2026/27,2c5e3c83-a97a-486a-8107-dcfb3f27e0a5,3
5a693166-a7b4-4427-877e-cd35ee3f0649,2026/27,17e6932b-81bc-4766-bc4e-d808b06dd4c0,3
6df57a20-16dc-40b8-b17f-68570ef84c2f,2026/27,d55f4f7d-068b-4c69-9cf2-de621d1d85ea,3
034805e0-1997-41ce-8081-92b5b51addd6,2026/27,e1a5293d-11cb-4154-a20c-75d19e4a3ffb,3
7833279a-0f4d-4d8d-b1c7-625e5d7df203,2026/27,a9551960-d7f9-4af5-848c-cb5e73d73e6b,3
c8cd2db6-a2e5-4d46-81a5-e87745f46597,2026/27,b0c2ffa6-b285-425b-8eb2-c9f652427eb3,3
5721c9f8-2dfc-47a3-93fa-9ef45b9a9122,2026/27,baf2ed33-845d-4a56-9fca-fe13e7b45853,2
ae272450-1887-45c5-a682-9a1dcc3e8291,2026/27,0479f281-b698-4aba-ac40-86fedaa3eddf,3
9e5b3825-1151-459a-b1a0-e410d6d2f10d,2026/27,b7c44e29-4ef6-47a2-954c-0b60eeb245dd,4
e2ad9401-07e9-4db9-90ed-fad4017f6cca,2026/27,44ba52ac-2afe-4eb4-83b0-492817ba10b1,4
2e651e64-1e5f-48d4-acfe-481416188dd5,2026/27,2603d8bb-24f5-4e4b-b6ea-8e75ecd804fd,1
29e548e1-265e-4171-922c-65c0c9ae2fbb,2026/27,14709931-a609-4f06-9e07-dcd48229d04a,1
7386be72-231c-4d6e-82b7-45c1deddfed2,2026/27,3077c5c8-faea-42b4-b40d-712d8c3f1956,1
717e6c5e-d7d9-4915-9cbc-5452e53a6a8e,2026/27,a570a651-667c-43cd-8c93-a8f5f7ca9aec,2
c3460189-4e38-4651-8b62-ab49591c44ca,2026/27,cf761237-9474-465d-8a62-26304d89e4c9,2
91d77724-9172-48eb-8881-94797207164c,2026/27,d4503d72-224e-461f-8fa6-b412e679eb15,2
515db2d7-c173-4774-8968-ab66f9ddd5bb,2026/27,6be776c5-2d25-4fec-a9af-7671e76c8448,2
782d5805-17b6-41b4-8f5c-be15e33eb727,2026/27,e2e312e8-2095-42bc-976d-061f7dd24cc7,2
84dbc5c5-d8e1-4b5b-9a00-ab97b75c4ca0,2026/27,63f0a34a-dbdf-468d-a4e0-1857239b4436,2
9c3d260d-a749-4539-a7bc-0129f05a4df7,2026/27,81071cbd-3a81-46fe-bbe6-3fd07c8c23f9,2
e4d57bf7-98bb-48f2-afa0-d9f606c9d012,2026/27,3ec3017d-d063-4ecc-b432-63abe867433e,2
9c0c7afe-072e-4be1-904b-0244bec41130,2026/27,a50d8c4c-28e7-41f6-b1d4-0b80e16d34c2,2
1e5ece10-cd64-4f11-b73e-bce18ea91de6,2026/27,708f7179-9742-4cb6-b099-d28e5ca518ae,3
29078b0a-bc54-4e20-a937-38347b3f6525,2026/27,cc44c265-126d-4095-8692-b0f6ff9deaf3,3
96fc100f-54e4-4aaa-8d32-70c0e04ae96b,2026/27,5fd17d2f-25f4-4a42-a3f2-e6a09d563e9c,3
da318b86-4e59-4961-be07-fdb9f701d0ea,2026/27,72dde63a-2b6a-4e60-a0fd-4f2ee30aca35,3
0d48b194-38ee-42da-a747-3cf7e5842e9a,2026/27,dbff7fc3-e231-4499-a532-5b62dbf443a2,3
a89fc6b4-bad9-40d6-bb91-c096d11ba7bd,2026/27,cb676ac8-a7d2-4dc6-8fdd-bb1ae63d1c7e,3
2c717014-1f05-4e23-b414-57de94ef3938,2026/27,9afceeca-dc82-4196-b3cf-9802a84722b1,3
a6ce5d5b-db3c-421a-856c-a1e779b47e10,2026/27,4b72cc76-b054-4a2a-ac6b-0f0107f983f0,3
513d45f7-5bb5-4c85-868d-f2d4e52f7b4d,2026/27,c252931f-e2d0-41c5-9116-67dcc0360b27,3
20072876-c905-48ab-b195-1bf1341d391e,2026/27,336a573d-80ea-4fe6-8c83-5b2f6ff192e9,4
72ee9074-4b37-49b9-8d00-3c41c755560b,2026/27,a5a359d7-999e-4b69-871f-08914f0eb104,3
364043dd-4352-4552-aa00-70f4523b2ed2,2026/27,4c156eaf-44c1-468d-9757-35331d66ebe7,3
6e4d5a13-41e8-4886-802a-517a959145d3,2026/27,737d155a-372e-450d-9340-888fdd147f5a,4
5ffd5d47-00ee-496b-86a6-14eacbfd7045,2026/27,852d68b3-2e77-4eb1-9c6a-b2d7c335f6e3,4
80c9f7c5-9063-406d-ad7b-5c744de27b8f,2026/27,c932dd05-c46b-4c8e-bffd-ebc3be8f8402,2
ac028a0b-1bde-489f-94e3-61851d2e812d,2026/27,a5e18fe7-45fc-4d0a-a4f8-ae032850f68a,2
e8f440d0-833c-4c7b-80a7-76b8923254cc,2026/27,aada56f0-7a6a-4c3f-8297-9c6560186191,1
dd2efac2-e6f1-42ef-8791-858e286b361d,2026/27,605c313b-b25e-41b9-8578-b9e11a545472,1
1eef9a7f-c52e-449f-872a-c1200e2ac8a5,2026/27,f4a26137-bb1b-4d44-b80f-9498e0755892,1
a42650b0-d458-4340-8fc1-66d728b339da,2026/27,920a9804-5d45-4827-adeb-85a5a95ea7c6,2
9bce1640-b80d-4aa1-9af9-f74c405d1a19,2026/27,1ea6d7fc-080b-4ca4-af8d-d56469226c16,2
8bfb48e5-1081-49eb-bde3-4a6b9a99eba8,2026/27,88563d26-fdb6-4255-8558-cd35401b1e47,2
7ec03a58-509d-463d-a064-51e2a511ea8d,2026/27,43614d52-643f-4896-bb81-935141b2adf1,2
2e5d5ed7-3f83-4096-bc38-5edf2f050b98,2026/27,c5cedf3c-3401-4c4a-b95a-74dcf8a51156,2
71bd4a60-8ded-41ac-8b0a-7f76ebca8f61,2026/27,a4344bc6-a718-4bdf-ba73-1ed1fb63e26d,2
1cbb3a82-55ad-4bd9-818a-31873d3cfe7c,2026/27,ee767f12-8cf3-42e6-8217-d0a339972e56,3
2aa16d8a-66a1-41d8-9f23-127b1ff49972,2026/27,91250e9e-494d-486f-b365-ae2b5d9c164a,3
fca5df25-c5b6-43f1-98e7-f76c0a70efc5,2026/27,958160b8-1c1b-42f6-9926-09bd848b0439,3
baedda91-00aa-452f-b093-e551f9b273b9,2026/27,d92e7a7e-c294-4520-91d5-da6f8f36fd0a,3
6b475674-5c38-4867-a770-d12beb121695,2026/27,d6bb65df-f588-4aea-97a2-bcd2c3df9fed,3
269a2623-80dd-455c-945e-c030dbfdf06e,2026/27,7eb721cb-3e6b-4f7a-8619-396390087e74,3
f54b30a2-2dc2-499b-84c2-7bc848015823,2026/27,79a8c4cb-57b4-4560-87e0-fb36aa54d359,3
c90aaa49-ca4a-4c69-a1bc-dbd98fda0841,2026/27,43c79960-fdfb-4a57-9b3d-8ffeac0d1be9,4
d48aef4c-c3e8-478c-9ee8-d28d4e579ff5,2026/27,fa56513c-1a2f-44df-9b8a-f3d0d91190db,4
210fea18-8ccf-46d5-96c2-1d64af20b3d0,2026/27,4817d2cb-729d-4ed5-80b3-8ba056309bf8,3
fbffe563-4d4e-41a6-9bf1-dbd835e1677b,2026/27,bfa1586d-9b41-4dc1-adf4-2435f827fd65,3
38ed0215-0aae-43ee-8bc8-02cef6a6acbf,2026/27,041f7076-2687-41bf-bdd2-75b73ad49f2c,4
0eff4793-3e5d-4664-85b8-a9613fb9505f,2026/27,8edd17ea-a962-43ac-aad8-8cb838fdf8a7,4
78c9b3e4-d555-4206-9022-1cbb3d3f9f48,2026/27,9e499139-1482-4023-9786-1a39a293dddb,4
0d0ef8d4-6112-474f-810d-31bc84701841,2026/27,e9cd5ef7-9417-43f8-885e-7fbb625e5f1a,3
35a90459-027e-4c26-9d1d-0787a9661f6c,2026/27,02b42411-3eaa-4dfb-add0-9d5f4d8db63b,3
a45760c3-5e72-4578-8a74-3073f9fbf40f,2026/27,67534ff8-6a41-4cb8-b08e-54e149dcbca6,1
d3f3ba68-c255-4f6a-b43e-a2d963ef47f1,2026/27,a9b733b1-f28a-4ee6-9925-aacc58107500,3
ad85d595-32f3-456d-8868-bd9f9024a1ec,2026/27,342c7c81-08f2-4ead-a6e9-eeb112ad9d48,1
57d088a4-421d-431a-b96f-4811d2e92ea1,2026/27,a4512a38-c9e8-4276-8cae-77d2afe58aa6,2
903dd729-4111-4cd3-a7a1-c9cb5d1c5370,2026/27,2145cb57-1e29-45d2-bcce-4cd84f6243b5,2
f437983c-a3bf-4164-95c2-2b8b504c453c,2026/27,a2802682-bc33-4a6b-b2c1-724a93d6830e,2
dd920e73-fb90-4401-b6fc-675bd33c6c83,2026/27,08cab054-adb9-4f26-9e36-9f18897f3b16,2
19dfbf8e-604e-4e86-828a-9a3ce0cea4fe,2026/27,49acc28c-0579-4ecf-bb09-7844ec2862b6,2
bbbbfea6-dad1-4858-80f9-b672505b1080,2026/27,0be24c77-a34a-4723-a43a-b959d525f313,2
f5439225-1644-4606-aa6b-2143a2b43958,2026/27,07cf5c74-3ac0-4b06-9dce-f15f566b8090,2
3fc7aeac-bc5b-4a56-b206-b3b838a2c7e2,2026/27,af06eb0f-d679-4b50-b0e1-14cab602991d,3
7c19d621-a483-40ed-8136-31e09ee2983a,2026/27,388f57c9-3041-47f7-8b9a-e517164d0b7b,3
0fc9c2f7-7e4c-4e8c-9978-efbcead47243,2026/27,469b1e86-8e93-4bb9-8bd0-fd9ddcb1075f,3
c446d9c0-d468-4266-ab49-0e34ba79ad2e,2026/27,7b5cc5b5-7aae-4a8d-9ed1-e567f802cc6a,3
e900e7c4-9677-4f2d-9e99-c793d5817a08,2026/27,709d3031-90a5-4a10-ace0-73b80225cb0f,3
9ed0b5ec-522b-467a-bb7d-93dc0accfd4d,2026/27,534c4433-20e0-4a65-a210-f561bb424741,3
fce30e4d-97b9-49be-af98-e015c322f694,2026/27,61ca5bdd-7e14-447c-8e47-54b3349e7b09,3
386cb18a-9abf-4c9f-9982-0fff4df185dd,2026/27,b15d2b09-385b-46e8-80b3-c9705da992b9,3
17678997-ec62-4412-99a3-6450215e8c21,2026/27,8d8f7c6c-be45-45ff-8d3b-b9ae64e07b9e,3
3b04dc43-d095-448a-a813-388525b01468,2026/27,f61fc53a-22f9-4be7-9679-f9db4c5516d2,3
6d2f8b34-afde-420f-a26d-444c8491f12c,2026/27,f5980244-5e18-4a4d-99d0-95cf10b83b4d,3
23dc1d6c-316a-4f91-8d73-6e87b4931c6a,2026/27,049a7ce0-2122-4c95-b21b-097e3d229319,4
b1868fad-90cd-4ec1-8bf1-d65817561e94,2026/27,f1b76ad1-eb2c-4609-8e11-c4c75a9c0b5d,4
10d52e03-8ed4-418b-a3e6-81a7dd359c42,2026/27,44fe132a-5fa0-4510-9433-1457a994a5a8,4
e05741d0-5597-4b48-a949-ec17e48ce748,2026/27,3f7d4955-3c72-41cb-a9d5-b304175a295f,4
7e81a08e-1f81-440a-b0d2-7c233ee50bfc,2026/27,0770e266-9633-4bd7-9e25-b218ce04a2f4,1
33d027e5-2e17-45af-ac34-f02a58851827,2026/27,64b1a57c-753c-4b0e-9c5f-86bbaaa374a4,1
71fd643d-8a9b-49bd-a199-dc3d233b1749,2026/27,84d38cc9-bc39-4672-8b53-faf8a5100a96,1
015fa75a-c83f-464a-9026-a495b72591bd,2026/27,c50eefc4-0ce3-4575-83aa-7f746377fb98,1
42f72db0-5493-40de-8a05-bc68259ed15b,2026/27,2113ea99-01a3-4d0f-ab90-8cf8d7a22b52,1
ac7c6d04-a283-499e-af69-3a5a6bec6905,2026/27,c3489e6f-c72b-463e-9e6b-19e3668f8c70,1
72bfecb8-15d5-49bc-b7e9-ebc08e6c70a6,2026/27,8a0b53aa-a122-4ea8-8a32-fb80f11f2cdc,2
c281cdab-ac59-452f-b33f-172086c4ef2c,2026/27,85aac69a-bc63-40d0-8755-354a03fd69aa,2
4acda0fc-0c8b-47c5-ac3b-069fdde3e9b3,2026/27,da1637e8-b587-4c57-97e9-29a83d53e283,2
46f7e74f-b07c-4f88-bf9f-4242a3469052,2026/27,493f278e-a61c-4a7b-bfbc-b7ae9d3926fb,2
ca33909d-8ac6-4a2d-88c0-e139fe1ef7f2,2026/27,a38c8aff-9fa1-4fba-9126-f5d18b077163,2
0a329b62-9dee-48e3-9880-36ff0e78eb2e,2026/27,4ec14890-71ba-4e28-af6c-00ce47c8410a,2
331ca580-b39b-4440-bad3-247772967e92,2026/27,4610fa2c-4e95-43ae-81e3-f9069fcbfc68,2
23d2929b-ed4e-4525-96e0-1663161caade,2026/27,391904fa-ad1d-4b28-9d9a-6dd11809b9e5,2
51e60572-9a20-4ac4-a11e-d4506021e814,2026/27,7cdd3161-7671-44b1-ba34-2c6aab483072,2
6976b243-8743-46ad-ba04-069276735cfe,2026/27,4c6a6f18-c1ea-455d-954f-c922e26a2530,2
419672f2-8a9f-4f0e-b14e-6f554bdc138d,2026/27,327e3d79-232d-4484-b1f1-43aaa0942e81,3
810fcd85-f7c5-43a7-8803-37923145b2d4,2026/27,5b4d8bb7-50e8-4325-9fdb-667bc1bc5677,3
6e57abc1-13d5-4e5f-8b0b-e0fb2dbe17eb,2026/27,ab460977-65fb-434c-8333-a420e23169cc,3
bf11463d-ad70-48d4-9ba9-a0b766efb45c,2026/27,26e44f55-b45e-40e6-9e19-ae50bd7ef048,3
26cb8dcf-7d21-431b-a2ed-40ca0c665797,2026/27,43d10f61-0a63-49f2-9406-cc65de429029,3
60345a33-88b4-4672-b835-585a962154ce,2026/27,df3a988b-b09d-4529-a70a-6bff596cff56,3
10cfd581-6aae-476e-8970-e4eaebb066a5,2026/27,396e1c5f-a102-4af3-a5b7-2d8ca2b3ef6f,3
cb0251f2-bac4-4491-a797-1d65bbff01e7,2026/27,46b262ba-a864-4a5c-983b-8287c9e1b2c6,3
ffe90820-a9f8-4601-bf14-ec1dacfa80cf,2026/27,eed618bc-4fff-431a-8342-6e56d6875fda,3
28941c2f-ab06-42a6-b860-2eea5a483baf,2026/27,291cf79e-8289-4aea-b433-663239f6c492,3
5590f3b9-c2e7-47ff-89fe-00e2592f6afa,2026/27,93efe74e-3c76-403d-8c67-ed7381cbe208,3
53d4f97d-3ef2-4126-9908-c104d805e1f2,2026/27,2ab0deda-b17a-4aef-84d9-1722dccdef0b,3
36d794e3-2472-4157-914f-98dfca239581,2026/27,39590410-de16-4719-b2db-e4bd707cfaa1,3
19ef8949-da0f-4bb8-94de-392818f8f8e5,2026/27,83bf64c5-d053-4c9b-88a8-2fe044533999,4
4f80f97e-d3e6-42f3-a808-96e989fb3cc0,2026/27,84b69e98-390d-476c-9d22-4fff6ced5ad0,4
9e44a96c-48e6-4b44-b969-2bfd10089132,2026/27,8685235e-13e5-4d66-9de5-9a799c8a08a7,3
50dfb112-81be-46ef-8fbc-174e5f3554de,2026/27,22e7a380-ba57-4e49-a5fe-81f87c540017,4
e6a1f28e-0308-46f1-b079-68c4e951dce0,2026/27,fef21c3b-20a9-4632-a6e3-8db0948f2205,3
66d94295-4d1c-447c-ab43-2f2bbc95546e,2026/27,3c643231-db3b-46f4-80f0-a33979f63288,3
906b26ac-6baf-4d17-9ea1-ee985427dc1f,2026/27,da4d28b6-6b8e-41c9-b410-11fd8543dfb8,1
f1a3e730-b265-4272-8a78-6ffc0639b80b,2026/27,72c2916b-461c-41b9-aad4-0cfbd4866cc5,1
1e0a4cc0-1dbc-427f-9261-c8c2d56a9fba,2026/27,b45dc1be-2cff-43c5-9659-ce1274c92394,1
bc74fe85-7e4b-43ad-a29d-1cc3b364716e,2026/27,65af5c82-2bf4-4b3c-b0f7-49d30a717146,2
5db553d0-e96e-4e3e-a290-80f0c9daca2d,2026/27,4dc79854-22a7-4d9a-b7e6-6b6024465d87,2
d7d6f047-ebfd-4c42-ad02-9dc41aad8aac,2026/27,ff3ae152-e9fa-4768-a059-853e3e482bc3,2
6c65ec79-fe64-4df8-afd8-f45e0171a561,2026/27,2fc945e5-d19c-4530-a647-863b0ea4396d,2
00d81702-988d-454a-b737-25adb05dffea,2026/27,7ceade22-f5db-4b3e-ae20-120cd46c67cf,2
b507be3f-9181-47b1-ba06-5a5459321cff,2026/27,cbeb32ec-d8f8-466d-8977-017ce20d9908,2
9fb4d555-1442-4c29-b345-3bff163122d7,2026/27,08cbab83-8554-41d0-bd69-4cd420eb698c,2
7767f8ce-4902-420b-80e3-e6ccd52e679b,2026/27,9bcc4be0-a5b6-401f-9fa3-49f78f0f7594,2
1494cd20-cb1c-4cd4-ba26-2f014fba163d,2026/27,b771e153-5d75-49ce-8fbd-e6e1cbda6bd2,2
d8aba00b-62e7-4277-8ca7-5d8a7470dd57,2026/27,bdec436e-5a79-4ed5-9db6-0f5c66eae832,2
2c5a88d0-fc31-4b59-8e8e-1d2c491ffc96,2026/27,d02b81d6-108e-4cfd-b34b-80f3ae2382ca,3
7cbe4230-fd10-4e01-8975-09b6c7e4355b,2026/27,7299a365-c7d3-4fae-983c-d6b980719a1d,3
0168a8b0-2078-4b3a-b842-410bb6d7639a,2026/27,a9964c35-21a3-4eff-a609-0b960532b723,3
d889878f-6808-438e-a853-65125e69e9df,2026/27,5556734b-d1e3-4f5e-94c7-813cd4bcdd56,3
28200327-0bb9-494d-942a-db7929fae988,2026/27,a21fec65-1718-44e4-a9e7-8b4ba2c6abdb,4
7392e73a-5b22-44f5-b3fd-a500af407f21,2026/27,272bfaa8-fc18-42f2-8300-f77ca505a345,3
4c9db9d5-27cb-4e54-9ae8-ed4198d73900,2026/27,23ceeab7-83a7-41b5-895a-8a8ba6669fe0,3
76e8bd92-3831-4463-a5e8-87102d3267dc,2026/27,48976bbe-e0a6-4695-b993-e2231c2bddfe,3
4a917477-3227-4e7a-a058-49fb8289d158,2026/27,6491134c-17b9-44b3-a599-bd21c9c5651f,3
19c2ca55-2a64-46e1-bbd0-413c14f8eb68,2026/27,18518340-c700-4515-a0b4-90b371a9686e,3
8b3f7c50-fb27-4d17-a2ee-eb3c1465d593,2026/27,761dd69f-17b5-4966-96a2-76277e08c754,3
bdc9eb70-3e0e-4ea4-a16c-1e5a4c0b91f6,2026/27,0f24ddb4-65f2-4527-908d-a89f91277b34,3
8c18e9cc-fb99-4574-95a5-d723d865b633,2026/27,2acd128c-7464-4303-aba2-44a9f4c8cd47,3
2415e067-15de-469d-97fb-db3d0a2bbca4,2026/27,c647944c-f0e3-49ce-82ed-353de29fbf59,3
a4979fe5-6748-4f86-b2d1-4e8a8290d8ba,2026/27,6d3fb615-c3e0-4895-b384-57dcb3dc557e,4
1b2339d4-4449-44ff-bc76-f5fed235858d,2026/27,b340a5b0-42ae-4f2a-8096-1b227edae50a,3
d0aeaf87-4fec-4d38-89b9-823fff122ef6,2026/27,3114f8f0-79c0-4955-ae6a-3dc31bfd90e1,3
046c1b19-77ef-40ea-abb0-afb503550afc,2026/27,5c06b0a2-21e8-4135-9ddb-12dc4df2555e,3
c35b6f60-5b28-4c06-a4dd-cc1043fcdec5,2026/27,bfa7b9dc-bd5a-4874-8671-c0ed83dfeb0c,1
b4817a4e-a68b-45f2-a699-3e0eb161ca9d,2026/27,bb7748e2-2ef7-4421-8859-c247f34a47c3,1
79dbd443-5c95-4ecf-8934-97adf73d3fcf,2026/27,5df08c11-5708-49a1-b677-3a4f70a17f17,1
fe6d037f-e474-48b4-a165-4767f1a9860d,2026/27,83ca5847-cede-4643-8401-ec260ed79816,1
a87167c8-aa17-4ed6-80cd-21a8e1a7d4c2,2026/27,1eee5051-f16f-4a8e-af4e-028517faa001,3
d2823d6f-c237-497d-9f25-e0c5c8de2620,2026/27,c7faa94f-b501-4af9-9045-7f3efb97be86,2
4f009a21-2763-48f4-99ef-03d9192e0bf6,2026/27,bf428111-cd34-4d6e-afd6-31e7a312dc1d,2
e3c097c1-2017-4f3c-8f96-353afc17b2c8,2026/27,499022db-4b66-47a6-9be9-f8ba92e29786,2
88a9f4c0-6bd0-4f05-8712-4aed799fffb5,2026/27,33567cf6-0cb2-4e77-96d5-18102807b133,2
1840abc1-e821-4be0-9efa-080b1833c998,2026/27,2c569b38-1dd7-472f-80b7-6ec3828f627e,2
3fc09f02-e000-4ba4-96d8-5abd59d627bd,2026/27,80c83afd-6865-416d-b5f4-593ad9ed1f47,2
fa273f71-9814-470d-9632-2584dcdd1dc9,2026/27,f67b8250-dee9-4e16-9acc-b8eb04a75bd6,2
bf536bab-a961-4834-82e8-8a2c4e7c7a7e,2026/27,794ce9ff-d47d-43c0-b13c-1e48807bc608,2
d5deb8d8-e4b6-432e-a7eb-5b7cb9c923eb,2026/27,db5c0678-2734-4ed9-81cb-218e7a0a089b,2
8518b12d-4d40-4edc-bd37-65176580922e,2026/27,e45d7534-4746-4bad-a959-a6cbf37edec1,2
1172f8c6-f91e-4e07-a0d7-10ef0389f7d6,2026/27,d61ea56d-0474-4524-a061-9869f4ccbb19,3
2084c2b2-63f3-4568-a755-69a69b963ffe,2026/27,8b74ab57-db22-45f4-80ce-8e5d59b3ce3b,3
4c73858d-5fad-4d47-a2da-b7ab4720f3d3,2026/27,26ad018f-7c27-46e2-af1c-493276052c85,3
a9e90dc3-ebee-4b35-b969-31597cfa5d2c,2026/27,8a5a085d-5110-4f8e-87d3-1fdb384d8533,3
abee207d-ce71-4bd6-baf9-72a5aea09429,2026/27,dfc945e1-aaca-4013-b2b3-96e85b299423,3
631cabdc-3534-4cca-b646-94273cf8f4be,2026/27,2f0ea22d-f760-4599-a623-60f4e3be22f1,3
d3db165d-8bfa-47f5-b6a3-b320eabaff01,2026/27,1c5ff361-4a45-48ba-b2e2-55c967518fac,3
745d3516-f8de-4920-81b4-5723b73bde2f,2026/27,2e5dfd6f-2c8a-4242-bd88-71b571e78ec9,3
2f559451-d999-4c6d-ac57-282ba5dbd1f4,2026/27,73c21faa-876a-417f-bfbd-b5433eae68c3,3
3562537e-749b-4766-8634-aa247b29d420,2026/27,a455a99c-7d01-45c4-a87b-9a60e64d8d46,3
8be12730-2f86-42a1-99ed-26633b6b75c8,2026/27,c981a842-25d4-406d-adec-d423a19effe3,3
e34449cf-8aa1-421a-8350-96050f65481e,2026/27,ff5ce571-a1e3-41d5-b275-b30305063708,3
6e749591-3175-4a25-9cec-24018d2ba142,2026/27,bd8e0743-5b08-4f54-8d1e-c20451e3ded3,3
bb13e4e1-7b5e-4214-9ca0-49f2dd87a528,2026/27,85119164-5ae7-4f6f-80b1-092a42162193,4
90de7fe7-b135-4deb-b11d-2840c1e52ead,2026/27,ea2a7a09-c8ae-430a-bf6f-dd514154e543,4
5c7a259b-903f-42ef-a65e-b16f15c539ef,2026/27,394f611e-73b5-4779-8110-c73e3593c90f,4
bf9bce55-70ac-4dcb-9829-9d282fdc3e47,2026/27,57d51316-9d56-4d98-9df7-f5fc936704bb,1
a7d524d6-e4f1-4b89-a80f-00f5a2b82867,2026/27,ebb5d965-7b31-4fcd-b112-cec4474abe3e,1
778e765d-e5ae-4502-826c-f04fe0df3c53,2026/27,7ffb3735-d09d-4551-bd5f-c0b26652d232,1
9e0f1280-e6da-487c-bd6c-59f7677ac184,2026/27,ef6b540e-642d-4b54-95d8-a1c563ddd79e,2
2ad28c50-b343-4279-b2fe-b50635bc2471,2026/27,a813d09b-3694-4714-b863-bb5997ef8f43,2
972cc633-e608-4c1e-9d20-5f99b25d0fe4,2026/27,71e04b79-f1a7-4123-8130-bae9732ba772,2
87887102-35ab-4600-bee5-c24b492dd0b0,2026/27,64c1604f-20e8-4f70-aca6-234467915cdb,2
4be6d526-27b1-4244-965a-52643dd75c27,2026/27,97f710e3-4d5b-475f-b4fb-dedf2866e61d,2
7a3b9683-83ce-4bec-81f2-ff172004d490,2026/27,3a3343ac-df8a-4423-9c8f-614fa31f7612,2
b15fa320-bb44-4c6c-a3e3-ff6e70e47c1d,2026/27,98a9027f-96af-4214-9516-b319364983a7,2
48aa1f74-c65a-4365-87af-e4545a808beb,2026/27,701caef7-4a05-4908-8c32-05de68526194,3
c80e28c9-be1c-4979-bbfb-f70ce86aae7d,2026/27,7d0ce2be-20f7-4099-add3-2623af5b22d6,3
c53aa7ae-48c3-47dd-a568-79eb97b9cbce,2026/27,bc7b3008-ecdf-482b-a820-20ef64676b4e,3
9a4c5d33-9875-4705-a699-7a1b1f449891,2026/27,f551e1b9-1b4f-4ee0-ab12-5b3d29f7f00e,3
37689531-8f6c-4401-9508-c1d426056011,2026/27,bec3286a-79d9-4125-ae8e-4c789e476cd5,3
b0caca94-9393-41cc-8c38-7a6415f865f9,2026/27,423e1b12-0219-4921-9347-0631bb645a1c,3
96cd2c72-0a80-4b55-bc45-253d08dc812d,2026/27,fd38c29c-1522-4d3d-a93e-66cb66d14a11,3
b60f9b70-b4c8-432b-b0f0-4cb172dfecd5,2026/27,3858ec1b-1c61-4728-bcf3-15d955a16881,3
368feac5-1c73-4833-9fdb-b5ab10fe6739,2026/27,82db57af-5251-4f94-8bfb-4caccc305893,3
cbcb10ba-ebe1-4928-9c70-5153deb9f559,2026/27,23c57a77-9d43-4dd3-b7ed-eff7990d0f78,3
aee822a2-cee7-4353-9a69-9980b30c4c19,2026/27,c04f867b-36d2-434d-a473-384c086a4651,4
66773976-b627-48ef-973f-2f8aef647c93,2026/27,b917d372-2d17-444e-8384-8d2a9e5f8453,4
5fad6d65-8118-4b7e-9671-7b6f2ab62201,2026/27,d7c96669-436e-4944-b54d-59695cfd26c6,4
e3494550-96cf-437b-a0bf-23a37580c57a,2026/27,c8edcf75-9425-4ebc-90b1-3bf2f679e115,4
b21cd9af-7d95-4e3c-8684-fd46994a6024,2026/27,8c847126-728a-47e6-8521-13af156a6181,1
91adf59a-52e8-4dc7-a581-fcea92cd987a,2026/27,4147179e-ef8a-4411-90ae-c1e6f013aab9,1
fabf39b2-1d64-4156-b7c9-bff394f8efe0,2026/27,2456c5b8-e6c9-4ea3-9269-41f7c6216476,2
7c5ad661-88cb-489d-8c79-a6db1e617054,2026/27,23018d09-1c46-4936-9727-40496371c8b8,2
dfd6784f-5331-4e48-a53f-82f62b041777,2026/27,881f4ab3-adab-4461-9561-4a736a1d3e31,2
a147b7c1-334d-4bde-97c3-38771f2e0a2e,2026/27,d0f8670d-03c3-4760-8678-d391c9455f38,2
e53e36b9-6aa2-41f9-af85-09d1d8c08c8c,2026/27,bfd0282a-2b61-49c9-98e7-a2f22f330e82,2
a484ddef-0f54-4ffe-b279-268ba9e71546,2026/27,7cbdcb07-d703-40df-98b5-5e101234a66e,2
866e101f-b02d-43dd-933e-65860ff280f6,2026/27,492147bd-d7b8-464e-9e3b-af7bb5a4a224,2
bb61f689-adae-400b-8412-59d6b2214ca1,2026/27,d6be337c-9102-4aba-acf1-a150cba17751,2
3d2fcb80-7352-4603-9571-8677a485ba77,2026/27,aecff7a0-6062-45b5-86d7-0c3961793ed6,2
2cb5a3d6-5346-4f69-b979-bf73b334503f,2026/27,99f870a9-636c-448f-b815-32781c98a884,2
3fcbb83f-aa85-4106-b690-fb80c5427475,2026/27,c0e05294-9695-4889-b88d-30745e5f990b,2
b99fdeae-847b-48d8-a524-692090d266ce,2026/27,3f381c8a-eeae-4940-9b06-ea05f752e310,3
749fbb5f-5736-4636-8852-5e4ba054e3d2,2026/27,6bd06b24-334f-4fdb-9746-1d98ccfcfe3f,3
c5f338a8-901d-463c-9436-be145c3b355a,2026/27,45f173af-3825-4fe8-a590-5d88bd90b2c4,3
d374a698-37b8-406d-9a19-ff96d931c97a,2026/27,2e9ab3a1-b490-479c-ba94-45eeb1b7bca8,3
3417235f-1477-4e2f-a326-ab38d166a5b5,2026/27,440cb15b-01cb-471a-a5d8-92ce0759188d,3
f31baaeb-0d7d-4886-a85a-56c04f748e95,2026/27,47e50346-47f4-4225-b164-b93dba66e562,3
8f969f98-3ec0-49c2-bb07-62c330dd39dd,2026/27,023da49d-2e7d-4907-9df5-f04db9b0fd41,3
5ff07f0b-86d2-46bb-a202-d639d506d628,2026/27,614dca87-6771-4409-b1d4-230660704518,3
fe650899-dbd5-44f9-b268-1fc68f873f08,2026/27,8a50219f-55c4-404b-bc89-9754e0eb85de,3
79e6f38d-8c64-437b-a871-431693a337b4,2026/27,a3839c5a-f87e-48df-9a8d-dc0bc957b87b,4
d90ebd64-22d9-44ca-b6c2-f331bcb0761c,2026/27,f54fb77a-5b11-4bc9-826b-aaa232a30ff1,4
0fe664ae-14f9-46f0-8d0c-8b17dbcc1663,2026/27,67150f6f-4550-46e1-ab06-5be560ba9de2,4
aa70b869-ca84-4b94-b948-d7b57d42d6fc,2026/27,62bd7bd2-92b2-48fb-8a6a-117defecfe5e,4
50a328ce-0de7-48ea-9604-b3db735a28b8,2026/27,8d36e841-77f0-471f-8482-149a7513e00a,3
8c917b03-1304-4558-a789-0cbe5b1a959e,2026/27,954cea21-640d-4ae9-80ba-685f406277dc,2
b2f3aa70-ab9e-4dc6-90e8-d8e1867db1ca,2026/27,6530cfe0-7569-4842-bbcf-bb9dfee916c9,3
7ed25706-75a0-485d-be6f-6a72c1f0936e,2026/27,2e9610c8-836f-402c-804e-0720c93a9009,1
f74b7eaa-ffe7-416e-8eb8-23bd4ecff371,2026/27,bc66bf7d-e1f5-48c5-b89d-ff0dbd008bd8,1
c93369a7-d5eb-4fd8-ba72-d31f00c411ea,2026/27,159841f0-d0bc-4c77-89c1-ff5886c01ec1,1
33959b32-f13e-4d53-9a2c-1162086d3a7f,2026/27,c291d224-8f96-4a24-b524-cd665cdab83a,1
5012f563-3050-4e78-ba58-cb09611dd1d9,2026/27,f98faf93-e1aa-4c24-b12c-1140704e92eb,2
d345ef57-1bfb-4e6c-9215-9499256b6271,2026/27,681c11ac-7e56-493e-9ca1-72f90b878d01,2
3944bdc8-a9a6-4e14-9582-351e89e800e8,2026/27,359d703f-5c63-4bfe-8ccc-57d4ede0b37c,2
9b7f7329-ef52-47b8-97f7-d24244575507,2026/27,0b8ecd30-19a8-4509-9f8d-09deaf8ac2ee,2
e512f6c4-d79f-4c40-bd90-41e2e20db82c,2026/27,ef0771b9-26c5-4915-8dea-392a26f45cbe,2
172d789f-64f5-417e-9732-b7888ef9a912,2026/27,86a8b7af-747c-4791-8f50-dc0403622b73,2
ab5b2711-dc71-4857-9b1b-a2d6727804b8,2026/27,c49b3106-4c26-46c9-bbb8-4e132b81910a,2
ce3d243d-2567-42e7-b9a1-355de06cf9ec,2026/27,b4d3e76d-0620-4853-b965-d10f7cac139e,2
b75dc201-a9bf-4f12-8eae-28ec8108b27f,2026/27,357b7d84-e65a-4563-88ab-112294f2872e,2
90d3056f-a67a-4601-81e0-ccd1da92203a,2026/27,517c88fc-d2e4-48f9-a244-13a2f0813e40,2
676d7283-1d79-4376-8894-e727200291e1,2026/27,34bb5bca-8ae3-4ddb-8361-41da8c3dc2c3,2
036f04e5-7974-43aa-af2c-f122a067c84f,2026/27,b5a7034d-e9e5-4cd8-839a-22efab30c311,2
63db2b10-bb7b-40ee-a3c6-acfb023601b4,2026/27,538499c9-8845-4af1-9ba4-20c8f37dff9a,2
6dcedf4a-f17b-4778-a590-4f122b22a53f,2026/27,3155f865-690c-4281-b00c-fce26e784489,3
7a3c3440-696d-4a45-bff1-2bc91ef1d447,2026/27,608f0e7e-848a-4d91-a61f-c97d4916834c,3
c6312666-4722-41ba-84b7-7ef876f2c3e7,2026/27,c35eea94-ca8c-4a5c-abb5-39a702041a48,3
041eb9f8-0044-4ea2-a790-9af236b28c67,2026/27,d1f5f863-043f-4759-adbe-9489d6df04e1,3
0ec1e868-0595-4fe7-9e87-3c5c74ff8a42,2026/27,4dba7c71-3721-48b7-8d06-f7a97d1e654c,3
df2eefd6-a250-41ac-b42a-691f37604950,2026/27,3f7d0d15-bae9-4443-b8fd-602d0b46e83b,3
2943f348-6b19-4047-8fc2-f22780886e19,2026/27,5627a160-9c95-443d-92f6-42bd33cb437c,3
770e0562-aea6-4589-be84-c3816bf56c30,2026/27,84fa1217-2dbe-4acc-a446-1f78327fe989,3
7e0aa33c-7d96-4bf9-8725-31f5feedb087,2026/27,e642deb6-f398-4f23-8f6b-4517569c6521,3
883a9538-1406-4e79-a7db-79046b2c4823,2026/27,7c870cd7-9d1e-4b81-bd53-117b5ce27c54,3
56d813d3-7b0f-4297-acac-bfc514c7da59,2026/27,4c7e5c2a-dc4d-4126-a8d6-7cc8830fff8a,3
9cae2130-631c-4b1c-9ddd-3d668988a24e,2026/27,5eee3996-1d93-4d7b-9e06-d7dcb289c696,3
e485e9bc-5867-41c9-b88b-ed5746131af7,2026/27,fe994675-7f34-4277-b6f3-6e738a132d08,3
5eac86b0-ce17-4ff1-864a-70946ea91096,2026/27,47914f38-fdf2-4070-a8e0-34617f66da30,3
4a755c7a-0c60-463e-9ff1-6187fc61174c,2026/27,25e1b024-b4c4-4732-9894-b39b4415754e,4
5ace1451-ead4-44d0-a7cf-c647f9ca53f2,2026/27,babad0a4-ef7c-4e3c-804d-048bdc6c91d4,4
a0b0666e-49af-4499-86a7-f8eede400a6f,2026/27,6eb78588-fb64-4370-9014-57f422cbdcd4,4
31e03d53-eaca-4df9-8d87-6b8f06e61dbc,2026/27,53719956-8c27-4a5d-8dc9-c13ba9c77e3a,1
77e02ec9-1910-4904-9f84-9d0f33ef1b14,2026/27,6c23d615-5f8e-4b9e-9c94-ce4a37ac31be,1
411da3d3-1811-43c2-b3bf-49378c71ba3d,2026/27,2203a9c7-e0af-4fae-9246-040b64f08202,1
a727b370-19e5-4d20-8a5c-e71b1a0f08b7,2026/27,4a0710a2-b07d-4519-9416-714f8642b646,2
243dd305-bd70-4244-8ac3-5628d433a57e,2026/27,32c9ecd1-ba4e-448e-91d8-2e503e65b2e8,2
fa043fdf-517d-4a34-a13d-df2dc679ea99,2026/27,5d9ac816-8619-4d2f-b167-9f64ea8e0180,2
18bf9e6b-f8fa-4da2-b796-fadbd16a0898,2026/27,640f552c-5304-4212-a861-92b6428b71ad,2
d68bdc09-a708-44bd-b7f1-ab908dfe5e8c,2026/27,a5326f15-e26f-435d-8afa-4162227a9125,2
5aa72d76-5adc-42dd-af17-b8147b9c37af,2026/27,de2f7a1e-0cd0-4e31-a0ac-339781606f30,2
eb455c57-3332-475b-927f-e805997ddc6b,2026/27,e3f07bf9-da8a-47b0-b7ea-10e99cb1c7ed,2
d3e0850f-a3e3-4c99-95e3-0db435e9fc30,2026/27,bc328d2f-bd7c-4e75-9a00-4cc0beb398fe,2
6bbac8e1-2497-4528-8a0e-eed00f5d91a3,2026/27,e560e6c4-b226-4e09-9305-e0f0f89ec7c8,2
b3e790eb-ba75-4b6c-83c6-da1086551412,2026/27,e13c3f18-d442-4728-bb7a-744b00078e27,2
908a2887-bb1c-4347-93a1-45550cf3298d,2026/27,d4219aa9-a443-42da-a605-2fdf63d60e9d,3
3ff107ba-c6e5-43ee-8ce0-be00a8f950d5,2026/27,bbbc56f9-32e4-49c6-9feb-a3468e1c684f,3
af03b149-9cfc-4f48-ab52-09c06db86a13,2026/27,b37ab2f2-36b1-4b02-bfe1-5cf9b94756b1,3
894ee76e-3bb9-4105-be4b-da22ad016c7e,2026/27,e102e6cf-97e9-42b1-854a-56adc897ff0f,3
da83aeb7-31ee-46c8-bf4a-3bdee9b6b570,2026/27,1612fa1c-cb9b-4980-837e-d768f86b0886,3
efda470d-7d79-4bd6-a68b-39191d2e5a43,2026/27,b8cc856e-9652-4708-8371-9de05b04f0ee,3
a98176be-1f71-416e-b8e1-597ed47fb75c,2026/27,664c3d00-a241-494d-9293-817fabf72bd2,3
46cfab1c-2885-426f-b6a5-dba04cdb1846,2026/27,6200c731-d783-4738-821f-bf7faead0e61,3
e6f68dfe-ab24-44b8-8618-6c401ca0fd53,2026/27,7c358e50-fa29-4835-ac10-5d6ee8468bc0,3
b5f94592-78c6-4317-ac2a-87ad74d13455,2026/27,f40d8384-4acc-4821-bd89-10a1474e0227,3
63e50a35-904a-4c5e-9366-07175d91787d,2026/27,d2aa0676-ff0a-49eb-92f9-d4bae6c7c62e,4
532d276e-c736-4d0b-886c-8fb7584078eb,2026/27,e6c49be6-27e1-42ce-bc31-fdf83587c25c,4
f5369625-6e9e-4151-b821-e81d1ef61364,2026/27,9479d02e-1326-4a32-a3a0-3517f858eeb2,1
