id,player_id,season,fpl_seasonal_id,opta_id,fpl_name,understat_name,position
1,74afb9cb-18dd-4e48-aaa1-2267e42b6bf7,2021/22,,,Bernd Leno,Bernd Leno,1
2,272bfaa8-fc18-42f2-8300-f77ca505a345,2020/21,,,Rodri,Rodri,3
3,241bad0e-8d84-406c-88c3-040c8b9a8de7,2023/24,,,Neto,Neto,1
4,0dbe7e79-cbd1-44c8-b2e3-925b0070aa9b,2019/20,,,Jorginho,Jorginho,3
5,0770e266-9633-4bd7-9e25-b218ce04a2f4,2022/23,,,Alisson,Alisson,1
6,241bad0e-8d84-406c-88c3-040c8b9a8de7,2022/23,,,Neto,Neto,1
7,761dd69f-17b5-4966-96a2-76277e08c754,2024/25,785,575204,Claudio Echeverri,Claudio Echeverri,3
8,8c8cc68d-e4da-41c6-8716-a17bb3f8529e,2025/26,1,154561,David Raya Martín,David Raya,1
9,dc4a57f5-c41d-4b7c-9911-f8c0143162c6,2025/26,2,109745,Kepa Arrizabalaga Revuelta,Kepa,1
10,58eb5b8f-a3de-4a62-9bd0-8e583a6baa0d,2025/26,3,463748,Karl Hein,,1
11,f7ea0dfa-3d4d-4280-9635-f443f045977c,2025/26,4,551221,Tommy Setford,,1
12,8fc63c4c-fe1d-4ba7-b070-dc23c576cc89,2025/26,5,226597,Gabriel dos Santos Magalhães,Gabriel,2
13,f9bba49a-202f-4676-8403-89b69aba431e,2025/26,6,462424,William Saliba,William Saliba,2
14,39cfc7e8-d097-4574-8da1-b39c898aaecc,2025/26,7,466075,Riccardo Calafiori,Riccardo Calafiori,2
15,00b52884-4ac1-4ef9-aa10-735b1f7d561a,2025/26,8,445122,Jurriën Timber,Jurriën Timber,2
16,05a5a6ff-f492-4eb5-9719-6dcdf5e6916d,2025/26,9,440854,Jakub Kiwior,Jakub Kiwior,2
17,af860212-099b-4083-9c6b-0b667e106d07,2025/26,10,499169,Myles Lewis-Skelly,Myles Lewis-Skelly,2
18,8702ee2f-195f-4cb2-b2af-95159eaa74d8,2025/26,11,198869,Benjamin White,Ben White,2
19,9e76b7ed-f9f6-489f-9c20-123fbe45111e,2025/26,14,588793,Maldini Kacurri,,2
20,0bdc54f5-493f-421e-8dd2-27a46576fb72,2025/26,15,499167,Josh Nichols,,2
21,eaf2f6bc-da6a-44df-96c7-714275cd1719,2025/26,16,223340,Bukayo Saka,Bukayo Saka,3
22,b5e6c9ad-10c2-4bff-9f45-746f6a7b3465,2025/26,17,184029,Martin Ødegaard,Martin Odegaard,3
23,2a008f35-80d2-45a1-b2c1-2431dec0d8cc,2025/26,18,248857,Noni Madueke,Noni Madueke,3
24,060747da-f457-488e-b411-04b14d664ddb,2025/26,19,444145,Gabriel Martinelli Silva,Gabriel Martinelli,3
25,c20d9923-e246-4057-a326-8691402cb3bd,2025/26,20,116216,Leandro Trossard,Leandro Trossard,3
26,2d3c3a1d-0246-49a8-b713-fb234c752389,2025/26,21,204480,Declan Rice,Declan Rice,3
27,730a90b3-4b79-474a-98d4-449bcf655b48,2025/26,22,195384,Mikel Merino Zazón,Mikel Merino,3
28,c2d6123b-73fb-4d00-8e17-10e665a4d3a3,2025/26,23,438098,Fábio Ferreira Vieira,Fábio Vieira,3
29,0d1a6874-c8a6-4c75-9e26-6cc146615f85,2025/26,24,128295,Christian Nørgaard,Christian Nørgaard,3
30,8e9b9927-a7a9-4302-8cd0-774e1e696c78,2025/26,25,499175,Ethan Nwaneri,Ethan Nwaneri,3
31,eb3d8a2a-7b37-4016-9290-68b9cccc21ec,2025/26,28,588796,Ismeal Kabia,,3
32,9e78f47f-6da8-4013-b7a8-87b63b1e07b6,2025/26,30,219847,Kai Havertz,Kai Havertz,4
33,90385cd1-1b4d-4eb7-8f0e-4ec42ec27b40,2025/26,31,205651,Gabriel Fernando de Jesus,Gabriel Jesus,4
34,8f5b6126-8cee-4eda-9580-a85fb023a7b4,2025/26,266,232413,Eberechi Eze,Eberechi Eze,3
35,84546ac0-47e1-4932-b173-8e0f393efc0d,2025/26,32,98980,Emiliano Martínez Romero,Emiliano Martinez,1
36,b1b44db6-1843-4c58-b181-d8c77e598350,2025/26,34,462492,Joe Gauci,,1
37,f1bcd20b-b791-474b-90b7-c5552694b80c,2025/26,35,462381,Filip Marschall,,1
38,b2c4a6df-6c1d-49ff-b4e7-1c6c0212be83,2025/26,36,199796,Matty Cash,Matthew Cash,2
39,fd6c27e7-f130-4343-aa06-b74e8ef628fd,2025/26,37,101188,Lucas Digne,Lucas Digne,2
40,cab4e50f-8585-44b5-b295-fad3bc50c15b,2025/26,38,199798,Ezri Konsa Ngoyo,Ezri Konsa Ngoyo,2
41,9f5c0372-965f-4c09-a409-48c6e1ba28fa,2025/26,39,441302,Ian Maatsen,Ian Maatsen,2
42,9c3e5a68-1061-402c-ad21-25b8c26178ff,2025/26,40,149484,Tyrone Mings,Tyrone Mings,2
43,b6a2b8f2-e4f0-45bd-b728-1f7e74cdaf74,2025/26,41,244954,Pau Torres,Pau Torres,2
44,ca8f56a5-50a6-40ee-9d34-b0913f594204,2025/26,42,606798,Andrés García,Andrés García,2
45,b4488bc0-e064-48b7-b498-c58aa2b1836f,2025/26,43,106468,Álex Moreno Lopera,Álex Moreno,2
46,fb90f28e-7da5-4951-9e8a-b8a35718154c,2025/26,44,515597,Lamare Bogarde,Lamare Bogarde,2
47,151b7466-31e5-4463-bf01-23ce093bf31c,2025/26,45,514315,Lino da Cruz Sousa,,2
48,dd678e0b-c375-428e-96fa-615f1dc5f283,2025/26,47,244850,Morgan Rogers,Morgan Rogers,3
49,3114f8f0-79c0-4955-ae6a-3dc31bfd90e1,2025/26,48,166989,Youri Tielemans,Youri Tielemans,3
50,7ec8c0ea-b6ee-431a-a977-bbde342865b4,2025/26,49,215711,Leon Bailey,Leon Bailey,3
51,809750fd-2ea8-4b4a-bce5-2e692aa3c335,2025/26,50,195546,Emiliano Buendía Stati,Emiliano Buendía,3
52,68fbd8c6-06c2-4041-8cc4-a9f44972e367,2025/26,51,469247,Samuel Iling-Junior,,3
53,f14ce898-c5ce-40a4-a22c-6ef0340b5f36,2025/26,53,204646,Donyell Malen,Donyell Malen,3
54,b36cebaf-b61e-47db-baba-dee6e39cfa5b,2025/26,54,122806,John McGinn,John McGinn,3
55,1ae7f23c-458b-4bbf-8b00-9eb6a8d3a2b2,2025/26,55,88894,Ross Barkley,Ross Barkley,3
56,4db6e7c9-53f0-477b-8730-d48f073fd549,2025/26,56,491287,Enzo Barrenechea,,3
57,cd5c57a2-8d24-4b10-9104-d67f8b87f85a,2025/26,57,461421,Lewis Dobbin,Lewis Dobbin,3
58,c0e3d0b0-8ab9-4301-85e4-ee12d5aa5e8b,2025/26,58,226944,Boubacar Kamara,Boubacar Kamara,3
59,ddbb6b67-0242-47e5-9af0-072b452429d2,2025/26,59,449871,Amadou Onana,Amadou Onana,3
60,ce62388b-1e0c-4716-9ef9-f66df6b5afd5,2025/26,60,577731,Ben Broggio,,3
61,081e023d-f043-4914-9923-7547e9f4e353,2025/26,61,151589,Leander Dendoncker,,3
62,0674829c-1695-4256-9435-7f330b4a594c,2025/26,62,559962,Jamaldeen Jimoh-Aloba,Jamaldeen Jimoh,3
63,0be5f79c-8f7a-4516-9509-8e16c25fb451,2025/26,63,537403,Kadan Young,,3
64,0552be44-9d74-4958-b8ba-3b4d84ed57b9,2025/26,64,178301,Ollie Watkins,Ollie Watkins,4
65,fef21c3b-20a9-4632-a6e3-8db0948f2205,2025/26,389,444884,Harvey Elliott,Harvey Elliott,3
66,830feb86-402a-4daf-affa-3f675202527d,2025/26,456,209243,Jadon Sancho,Jadon Sancho,3
67,44dc201e-dc85-4982-a627-e938ddc48bc0,2025/26,719,184667,Victor Lindelöf,Victor Lindelöf,2
68,657110e7-2562-4b51-83bf-69551e37f8c1,2025/26,187,58621,Kyle Walker,Kyle Walker,2
69,9d100761-36fa-4c80-91ee-fa247d9a415b,2025/26,198,180804,Axel Tuanzebe,Axel Tuanzebe,2
70,134b692c-b3a5-477d-ae7b-610a63bac91c,2025/26,199,208912,Joe Worrall,Joe Worrall,2
71,a8573c60-489b-47da-b482-21fcbb55d536,2025/26,200,444180,Jaidon Anthony,Jaidon Anthony,3
72,c2376744-d688-4b78-8331-b916fe78d2d4,2025/26,207,465527,Hannibal Mejbri,Hannibal Mejbri,3
73,c291d224-8f96-4a24-b524-cd665cdab83a,2025/26,470,67089,Martin Dúbravka,Martin Dubravka,1
74,0a8ab14f-a374-4492-9acc-0a1cf2fbb119,2025/26,614,101178,James Ward-Prowse,James Ward-Prowse,3
75,ad03317e-4fb2-4aba-b887-32348bcfcb2f,2025/26,676,503714,Lesley Ugochukwu,Chimuanya Ugochukwu,3
76,cbf71d01-10fb-4ac6-9c80-58557bb4347e,2025/26,680,440323,Armando Broja,Armando Broja,4
77,241bad0e-8d84-406c-88c3-040c8b9a8de7,2025/26,66,69752,Norberto Murara Neto,Neto,1
78,908014a9-09ff-487d-947e-94b822111b08,2025/26,67,457569,Đorđe Petrović,Djordje Petrovic,1
79,0aa06c2f-e3d9-4068-9137-b1c6aedaf268,2025/26,68,444172,Will Dennis,,1
80,63c6ba11-a89d-43b5-aeea-b5cf6d9275f6,2025/26,69,568791,Callan McKenna,,1
81,cd001a15-198a-444e-83bc-06bced7ba49e,2025/26,70,495145,Alex Paulsen,,1
82,19446b56-6f52-401f-8bdc-6e5cd56bd471,2025/26,71,477580,Illia Zabarnyi,Illia Zabarnyi,2
83,f98faf93-e1aa-4c24-b12c-1140704e92eb,2025/26,72,221466,Marcos Senesi Barón,Marcos Senesi,2
84,8c59aeca-3be0-48e3-87f3-abc04294867e,2025/26,73,54469,Adam Smith,Adam Smith,2
85,6633980b-dbfe-40f9-93c6-6f1d87eb16b8,2025/26,75,541462,Matai Akinmboni,,2
86,da7e8c4f-45b6-4982-a72a-27c5837d3b5d,2025/26,77,463981,James Hill,James Hill,2
87,fa82c104-4bb4-44ea-99ba-197e7b9b54e2,2025/26,78,436893,Julián Araujo Zúñiga,Julián Araujo,2
88,6fde9f20-8252-414f-a30d-8fc120612036,2025/26,79,223911,Chris Mepham,Chris Mepham,2
89,9a2e293d-d951-470a-9828-b0958d351f6a,2025/26,80,575901,Julio Soler Barreto,Julio Soler,2
90,35fc7a46-7e2f-453b-8b2e-b7f3e35f6949,2025/26,81,222683,Justin Kluivert,Justin Kluivert,3
91,0b0f5b5e-be7b-478d-aa23-5f619d16e5cb,2025/26,84,201658,Marcus Tavernier,Marcus Tavernier,3
92,d773f228-5102-4554-a7e4-aadc6a213084,2025/26,85,200785,Tyler Adams,Tyler Adams,3
93,cb658622-94a6-4c72-8fc3-ee760080b729,2025/26,86,111317,David Brooks,David Brooks,3
94,a8dc9e82-f136-46ca-add6-dd8d3f7181e1,2025/26,87,158499,Ryan Christie,Ryan Christie,3
95,6ccd22a5-35fa-45f0-8bb0-1fe3f642daf9,2025/26,88,155408,Lewis Cook,Lewis Cook,3
96,32a1a749-cbe9-42ad-9092-e85ebfa2d361,2025/26,89,168991,Philip Billing,Philip Billing,3
97,fa7f3fbe-f1a1-4944-a63f-c28478e8c6e7,2025/26,90,503139,Alex Scott,Alex Scott,3
98,ae95b84b-d709-4d69-8fce-3ad10be29f4e,2025/26,91,224995,Luis Sinisterra Lucumí,Luis Sinisterra,3
99,d6c64626-bc1c-4652-b242-1ae90f58bc0a,2025/26,92,441240,Romain Faivre,,3
100,7ef17fb1-41aa-4135-840c-78dab8eb0374,2025/26,93,424044,Hamed Traorè,Hamed Junior Traore,3
101,4847b21e-dbd9-4565-90d5-ae0c6f3b0e88,2025/26,94,550596,Dominic Sadi,,3
102,a93384c0-7470-4437-9549-7000c61f9b36,2025/26,95,530121,Zain Silcott-Duberry,Zain Silcott-Duberry,3
103,bd24fd1b-4cc3-4e5b-94df-1325598ea4eb,2025/26,96,606775,Ben Winterburn,Ben Winterburn,3
104,e7d3fa84-b7d0-432f-a17b-62dcd50dac2f,2025/26,97,444102,Francisco Evanilson de Lima Barbosa,Evanilson,4
105,8bf82ce7-d406-4c79-8560-1832322ecfec,2025/26,98,168636,Enes Ünal,Enes Ünal,4
106,770bee50-6c71-497a-a0f4-ccfa519c3ab2,2025/26,99,590760,Daniel Adu-Adjei,,4
107,5c12b7ca-9d61-46d9-93a7-0aa3abd6eea2,2025/26,391,496208,Ben Gannon-Doak,Ben Doak,3
108,6ac8f5b9-859e-4414-8eb7-ed93d2c022d2,2025/26,687,606774,Remy Rees-Dottin,Remy Rees-Dottin,3
109,ff210445-02b1-4677-9041-2f4d71ca9d5b,2025/26,782,40383,Fraser Forster,Fraser Forster,1
110,733bd107-f236-4471-9655-f01379c1bcc5,2025/26,27,200641,Reiss Nelson,Reiss Nelson,3
111,87c3b645-1b39-4ff6-8e5c-ee06dd89f269,2025/26,83,533463,Dango Ouattara,Dango Ouattara,3
112,f82e53d7-605b-4a3d-8ce6-b28823b60aa1,2025/26,101,200720,Caoimhín Kelleher,Caoimhin Kelleher,1
113,fae871db-f1d1-46cb-9a37-a68b23418fa7,2025/26,104,535017,Julian Eyestone,,1
114,f2114ba7-f7b6-4935-8cce-503ef22d76a7,2025/26,105,507433,Hákon Rafn Valdimarsson,Hákon Valdimarsson,1
115,125ec0fc-cbeb-467a-8e71-8f0ada688670,2025/26,106,432830,Nathan Collins,Nathan Collins,2
116,9aec606f-bff2-484a-9d8f-7f4c0fe7dfaa,2025/26,107,249231,Keane Lewis-Potter,Keane Lewis-Potter,2
117,b390871c-5ff9-47b4-9fbc-8069f15ccc95,2025/26,108,191866,Kristoffer Ajer,Kristoffer Ajer,2
118,46b035ea-3bfc-4c19-8e64-071f99e5ea70,2025/26,109,194010,Rico Henry,Rico Henry,2
119,9604dbe5-ce94-417d-b75f-8c05bc946008,2025/26,110,607464,Michael Kayode,Michael Kayode,2
120,44241170-8423-49f8-85bb-deb69ddfa48f,2025/26,111,231065,Ethan Pinnock,Ethan Pinnock,2
121,dac09667-7631-4ead-95e7-53d1a814d4f1,2025/26,112,226956,Mads Roerslev Rasmussen,Mads Roerslev,2
122,c6e7ac73-23b7-4259-8695-c7198c3c43cc,2025/26,113,444765,Sepp van den Berg,Sepp van den Berg,2
123,0e3096fb-1a1e-4f9d-bc05-66005ec9d22b,2025/26,114,622536,Benjamin Arthur,,2
124,7ba0ee40-1601-49e4-8f1b-b9ae33eb4456,2025/26,116,472713,Aaron Hickey,Aaron Hickey,2
125,f614f8c3-7444-4fea-b27a-84434634c3c8,2025/26,117,570241,Kim Ji-soo,Kim Ji-Soo,2
126,253cb250-29d3-4112-a2f7-3877d5e01783,2025/26,118,499717,Jayden Meghoma,Jayden Meghoma,2
127,8b635a0b-1d12-4fa1-ac09-216f20e4947c,2025/26,120,513418,Kevin Schade,Kevin Schade,3
128,112a0eb3-0a5b-496b-b396-801917ec861a,2025/26,121,440089,Mikkel Damsgaard,Mikkel Damsgaard,3
129,159a70a6-77c4-49e0-974f-019d3e6ab615,2025/26,123,244858,Fábio Freitas Gouveia Carvalho,Fabio Carvalho,3
130,8d8b3693-4c1c-41ff-a2ca-5adf8ab86188,2025/26,125,204580,Vitaly Janelt,Vitaly Janelt,3
131,0a08f076-b5ad-40a4-ac56-0dd943858329,2025/26,126,207283,Mathias Jensen,Mathias Jensen,3
132,59be428e-1815-4299-87d2-45631e20edfd,2025/26,127,626464,Gustavo Nunes Fernandes Gomes,Gustavo Nunes,3
133,7045407f-356d-48d2-8736-5b310f8e703d,2025/26,128,428580,Frank Onyeka,Frank Onyeka,3
134,a7c6ea10-4548-4496-be01-8385d6b36d66,2025/26,129,508395,Yehor Yarmoliuk,Yehor Yarmolyuk,3
135,12d85374-64db-40ed-b677-c23eae6ec21c,2025/26,131,628204,Yunus Emre Konak,Yunus Konak,3
136,2b165e18-79e4-486a-8b52-f84663014f56,2025/26,132,220695,Paris Maghoma,Paris Maghoma,3
137,ab9f50aa-1162-48f7-9b5f-0a4c171aa52b,2025/26,133,450539,Myles Peart-Harris,Myles Peart-Harris,3
138,9506b6f4-6706-4010-abbd-cda04f86a649,2025/26,134,591357,Ryan Trevitt,Ryan Trevitt,3
139,849e9e22-c994-4e94-b9d8-18e9ac8d9fe6,2025/26,136,502500,Igor Thiago Nascimento Rodrigues,Thiago,4
140,c97405ef-b463-4908-bb8b-f2186b90ba21,2025/26,137,533710,Iwan Morgan,,4
141,a7f69c5f-2404-4f5c-af99-f4ab747da321,2025/26,748,183656,Josh Dasilva,Josh Dasilva,3
142,b7d5d127-bdfb-497e-9767-9dee5b80a9eb,2025/26,138,49262,Jason Steele,Jason Steele,1
143,ca2fad3c-7b24-4564-b856-18eaa1454bb8,2025/26,139,489639,Bart Verbruggen,Bart Verbruggen,1
144,619f6e84-31c3-4f9c-a03b-42ad670feee1,2025/26,141,472739,Carl Rushworth,,1
145,bba082dc-e723-455d-ac6d-0d5b4006d6a5,2025/26,146,83299,Lewis Dunk,Lewis Dunk,2
146,b017da9f-56f3-43d0-81ba-ba7a3806e0b6,2025/26,147,204214,Pervis Estupiñán Tenorio,Estupiñán,2
147,5595fcf5-6ff7-43b4-808d-b35fd4ef7ffd,2025/26,148,231416,Ferdi Kadıoğlu,Ferdi Kadioglu,2
148,6464d7dc-b00f-4f30-95ef-28e68277b29a,2025/26,149,223434,Igor Julio dos Santos de Paulo,Igor Julio,2
149,d3ee6450-9e56-4af5-8fd2-7f580e9d4d43,2025/26,150,232792,Tariq Lamptey,Tariq Lamptey,2
150,954cea21-640d-4ae9-80ba-685f406277dc,2025/26,151,469142,Jan Paul van Hecke,Jan Paul van Hecke,2
151,d38b9de7-2bbe-426b-95e8-712c23991199,2025/26,152,111478,Joël Veltman,Joël Veltman,2
152,8d8a8e65-90ee-4e5e-9e67-279929f6005d,2025/26,153,110735,Adam Webster,Adam Webster,2
153,bc02f96a-825e-4289-a282-913dfd9ec102,2025/26,154,439135,Eiran Cashin,Eiran Cashin,2
154,7849794b-38c4-4a91-a8ac-2e75a038bbc4,2025/26,155,589100,Jacob Slater,,2
155,978b7e27-fc49-4e82-b51b-26bc9a204756,2025/26,157,451340,Mitoma Kaoru,Kaoru Mitoma,3
156,9f3cd734-cb60-4861-bcef-5f31aa336b54,2025/26,158,463067,Georginio Rutter,Georginio Rutter,3
157,caaa5e05-744a-4b07-84ec-85c9f12315a7,2025/26,159,109345,Solly March,Solly March,3
158,e7d847a5-66c9-4796-bcb7-b4211b33bb04,2025/26,160,592031,Yankuba Minteh,Yankuba Minteh,3
159,dbbbab45-12ce-4799-94fb-9049cf691b9a,2025/26,161,474120,Julio Enciso Espínola,Julio Enciso,3
160,b22ccb52-c93b-4386-b625-108d1b8c31ef,2025/26,162,513433,Brajan Gruda,Brajan Gruda,3
161,205e17ad-76e5-4a8a-ba2d-17e068f39ce2,2025/26,163,532529,Jack Hinshelwood,Jack Hinshelwood,3
162,b9c2bdf4-908a-4a05-bae4-865a4626ce38,2025/26,164,219249,Matt O'Riley,Matt O'Riley,3
163,39b7e45e-ca67-43b4-bdae-fa110e16bc1a,2025/26,166,509416,Yasin Ayari,Yasin Ayari,3
164,ec207835-87ee-4056-8795-9b04f054dd05,2025/26,167,535301,Carlos Baleba,Carlos Baleba,3
165,e8498d0b-a80e-4f2c-a7d5-4744ba79699e,2025/26,169,514254,Diego Gómez Amarilla,Diego Gómez,3
166,77cea9fb-b868-43b2-9beb-87e8d91dd610,2025/26,170,15157,James Milner,James Milner,3
167,8318a5ef-20aa-4111-a203-80bf0226adf0,2025/26,171,441192,Jeremy Sarmiento Morante,Jeremy Sarmiento,3
168,0e7b8ecc-a699-45cb-8993-d5e32832794b,2025/26,173,467779,Mats Wieffer,Mats Wieffer,3
169,0ef396fa-0d67-4b34-aab7-dad74779bd84,2025/26,175,567121,Joe Knight,Joe Knight,3
170,250007a4-f432-4598-98bf-4d72fe2bbbaa,2025/26,176,550141,Adrian Mazilu,,3
171,b2542e3f-f727-4be7-b102-499d813f28f3,2025/26,177,513834,Andrew Moran,,3
172,2de4111b-3169-48a3-8e41-c9fc7e174dae,2025/26,178,50175,Danny Welbeck,Danny Welbeck,4
173,e45a67bc-f818-44b2-86f1-2b2c16924a11,2025/26,179,487117,Evan Ferguson,Evan Ferguson,4
174,b118bf52-b844-489f-9dbd-9062311f444a,2025/26,783,60307,Pascal Groß,Pascal Groß,3
175,58ecb62d-6842-4969-9c96-1eb5f5a3844e,2025/26,220,215059,Robert Lynch Sánchez,Robert Sánchez,1
176,b4a212e5-2269-4519-9737-c540dad37345,2025/26,221,508479,Filip Jörgensen,Filip Jorgensen,1
177,634e753c-4227-4caf-b615-3f2d349785f9,2025/26,224,179268,Marc Cucurella Saseta,Marc Cucurella,2
178,8f24ce04-4a4b-4faa-a0c3-0ecb9e6a6d2c,2025/26,225,225796,Reece James,Reece James,2
179,3ce8a9da-92b0-4f78-aab5-c56fd203b57c,2025/26,226,180736,Trevoh Chalobah,Trevoh Chalobah,2
180,5352a53c-371e-42ed-a345-bdcc7230af37,2025/26,227,460028,Levi Samuels Colwill,Levi Colwill,2
181,959df0a3-8c35-4bae-bb1b-679a38d24321,2025/26,228,482609,Malo Gusto,Malo Gusto,2
182,77f852ed-4969-4632-b499-6cfe91ddbe30,2025/26,229,242880,Benoît Badiashile Mukinayi,Benoit Badiashile Mukinayi,2
183,602a32fc-f64c-41ec-93c9-32fc9192864c,2025/26,230,444463,Wesley Fofana,Wesley Fofana,2
184,106be257-c769-429d-8343-e6a75dd3b6dd,2025/26,232,109646,Tosin Adarabioyo,Tosin Adarabioyo,2
185,76b77469-699e-4ad8-a35a-05ac25881187,2025/26,233,577016,Josh Acheampong,Josh Acheampong,2
186,d3c92dd6-bb68-43a1-99a8-aef14c6d9325,2025/26,234,622758,Aarón Anselmino,,2
187,ac9f956e-8a1e-44c5-bada-92041eda09ef,2025/26,235,244851,Cole Palmer,Cole Palmer,3
188,97bf024e-98d7-4f14-9b3f-7f83a23c1d26,2025/26,236,247632,Pedro Lomba Neto,Pedro Neto,3
189,5ab3f06e-434d-4640-952d-0e7e998d761d,2025/26,237,448047,Enzo Fernández,Enzo Fernández,3
190,5105b215-ce6e-4494-93d2-f5aab4a3315a,2025/26,240,213198,Christopher Nkunku,Christopher Nkunku,3
191,cc48ff04-fda2-4ab5-b65d-7a7fe526fb2f,2025/26,241,486672,Moisés Caicedo Corozo,Moisés Caicedo,3
192,0f4c04eb-d670-413f-aa27-6ebea80648cb,2025/26,244,514356,Roméo Lavia,Romeo Lavia,3
193,f0a83477-9a84-415d-a7f0-c16f464ca033,2025/26,245,465920,Mykhailo Mudryk,Mykhailo Mudryk,3
194,5c06b0a2-21e8-4135-9ddb-12dc4df2555e,2025/26,246,532605,Andrey Nascimento dos Santos,Andrey Santos,3
195,78b25f86-58fe-4875-b7a0-38e71d54ad53,2025/26,249,475168,João Pedro Junqueira de Jesus,João Pedro,4
196,67217edb-a846-4ac9-878e-2ddcc1dadfcf,2025/26,250,463034,Liam Delap,Liam Delap,4
197,9845f271-6a65-4739-b337-4358823c2b28,2025/26,251,517052,Nicolas Jackson,Nicolas Jackson,4
198,c7245ea9-802c-4854-a436-6d2f2e2ddf06,2025/26,252,499309,Marc Guiu Paz,Marc Guiu,4
199,c7a4d6d5-531f-45e5-902b-a002babbdb49,2025/26,453,493105,Alejandro Garnacho Ferreyra,Alejandro Garnacho,3
200,1593b0e8-5e6e-4ee0-97dc-c59996945458,2025/26,840,567119,Shumaira Mheuka,Shumaira Mheuka,4
201,35abb6ba-fa65-4591-b6f1-295bd4189044,2025/26,253,172649,Dean Henderson,Dean Henderson,1
202,a1b20c33-8ecf-4938-9172-30cedbb9dc97,2025/26,255,169593,Remi Matthews,,1
203,4a161504-a54e-4f71-980c-76258773e5ea,2025/26,256,247348,Daniel Muñoz Mejía,Daniel Muñoz,2
204,564732c7-d213-4b90-bae4-c6bdfdc241e3,2025/26,257,437499,Maxence Lacroix,Maxence Lacroix,2
205,efcb34ce-b8ec-4f6e-8f4d-3f43931a54f6,2025/26,258,244723,Tyrick Mitchell,Tyrick Mitchell,2
206,00304b5c-9f80-4755-9db6-70fcfb471122,2025/26,261,427623,Chris Richards,Chris Richards,2
207,054bd8af-0a5f-4812-8702-434f43a0fc84,2025/26,262,515621,Chadi Riad Dnanou,Chadi Riad,2
208,45f8df16-463f-4069-948a-36689e9398fe,2025/26,263,57328,Nathaniel Clyne,Nathaniel Clyne,2
209,54bb43bc-e7aa-4943-9132-0c76a4090099,2025/26,264,156074,Rob Holding,,2
210,3df9155a-859c-4558-b3e8-ce776b533e4b,2025/26,265,590012,Caleb Kporha,Caleb Kporha,2
211,2d7896e5-bdbb-4eed-90a1-e8f82a308761,2025/26,267,232185,Ismaïla Sarr,Ismaila Sarr,3
212,e8a9a06b-9a2b-4bed-bbd1-d6dabfe8384a,2025/26,268,438464,Cheick Doucouré,Cheick Oumar Doucoure,3
213,e5f59f5d-d05a-4bdd-8f1d-3c47725c5b81,2025/26,269,606921,Romain Esse,Romain Esse,3
214,f5064d39-0ef6-4eea-8795-9bfa7bcda88d,2025/26,270,108413,Will Hughes,Will Hughes,3
215,a57c573b-9e52-4560-8f92-cfbd45ad8f34,2025/26,271,209400,Daichi Kamada,Daichi Kamada,3
216,e3a78660-310f-4ed3-b4b7-77beca004592,2025/26,272,152551,Jefferson Lerma Solís,Jefferson Lerma,3
217,9fc89667-620c-4a07-a188-debfe5bea8dc,2025/26,273,496221,Adam Wharton,Adam Wharton,3
218,e52e1494-f956-4419-921b-f4e9d9125549,2025/26,274,579075,Asher Agbinone,Asher Agbinone,3
219,3acb44ae-5b2f-45c5-9869-84d7afbc168f,2025/26,275,466117,Naouirou Ahamada,Naouirou Ahamada,3
220,4b659083-76f4-4acf-94f2-c067fbae05f5,2025/26,276,489706,Justin Devenny,Justin Devenny,3
221,c9df79cf-d31f-41be-8415-dcba7c67b297,2025/26,277,450535,Malcolm Ebiowei,,3
222,0be15e13-8da5-483c-a42e-ff087947359d,2025/26,278,450542,Jesurun Rak-Sakyi,Jesurun Rak-Sakyi,3
223,ad4e763c-77a9-498e-bfdf-c206f8108f4c,2025/26,279,536694,Matheus França de Oliveira,Matheus França,3
224,82672137-05d4-4564-82a0-ccd9a3ed62b1,2025/26,280,531989,David Ozoh,,3
225,b2f42ff2-77b6-4839-85b2-b21d29529489,2025/26,281,530318,Kaden Rodney,Kaden Rodney,3
226,51b47c65-f386-4921-97d4-2832ef428a0b,2025/26,282,574398,Franco Umeh-Chibueze,,3
227,fbeda0b1-fba6-4982-bc64-fcb647bdb4aa,2025/26,283,231747,Jean-Philippe Mateta,Jean-Philippe Mateta,4
228,316ae259-265d-480f-93fa-4ce0f626e8b7,2025/26,284,205533,Eddie Nketiah,Eddie Nketiah,4
229,ae553ab7-226a-49c0-827b-6652d5d1c7a0,2025/26,285,199670,Odsonne Édouard,Odsonne Edouard,4
230,f34c6bed-d548-4ed4-8e01-407f36f5ca33,2025/26,286,576980,Zach Marsh,,4
231,dd426201-6b0d-4e17-a9fa-639eeb2ac418,2025/26,580,242898,Brennan Johnson,Brennan Johnson,3
232,0d8faf78-acfd-472f-8579-f67546f00094,2025/26,654,247412,Jørgen Strand Larsen,Jørgen Strand Larsen,4
233,852b8e99-5abc-4f45-834c-4b82cd761841,2025/26,242,215413,Kiernan Dewsbury-Hall,Kiernan Dewsbury-Hall,3
234,280eaf50-a1c8-436d-bda2-2eebff373391,2025/26,243,550615,Tyrique George,Tyrique George,3
235,e14a60b0-c5c3-482d-9b61-01d92aeaaef5,2025/26,287,111234,Jordan Pickford,Jordan Pickford,1
236,0f18b700-59c1-408d-bebb-69524169d4a4,2025/26,288,229600,Mark Travers,Mark Travers,1
237,b2956a8b-fe92-47c6-b79b-de88325f518c,2025/26,290,480455,Jarrad Branthwaite,Jarrad Branthwaite,2
238,26eaee45-f326-409e-8d39-72d972f14e96,2025/26,291,17761,James Tarkowski,James Tarkowski,2
239,a253d98f-9eca-43f1-9015-5c8511d97c51,2025/26,292,224967,Vitalii Mykolenko,Vitalii Mykolenko,2
240,dd9fd6a5-55ae-4be3-9d09-f763b9cd3d0f,2025/26,293,512462,Jake O'Brien,Jake O'Brien,2
241,bb4f6fba-13e4-4517-94d5-33224b40e9a1,2025/26,294,59949,Séamus Coleman,Seamus Coleman,2
242,2d73beaa-be2a-484c-9dff-1bf7927941e2,2025/26,295,106611,Michael Keane,Michael Keane,2
243,bdbdae70-b65b-42ef-8c71-652c3870558c,2025/26,296,243571,Nathan Patterson,Nathan Patterson,2
244,066fa6ef-4170-4327-b572-3c2ff226bc15,2025/26,297,496178,Roman Dixon,Roman Dixon,2
245,fafb8cd0-eb45-4d2f-ab0e-3bafb0e4ec74,2025/26,299,440993,Iliman Ndiaye,Iliman Ndiaye,3
246,f7aa5c64-8487-4dfa-ab29-01c4d8c10eb6,2025/26,300,433154,Dwight McNeil,Dwight McNeil,3
247,2658a869-5abe-4742-8aee-9b077e84eb37,2025/26,301,502697,Carlos Alcaraz Durán,Carlos Alcaraz,3
248,508e8ec8-ad8a-4db6-a32a-a6e1e5e02541,2025/26,302,80801,Idrissa Gana Gueye,Idrissa Gueye,3
249,1c660429-4643-421e-a350-ab36f78cb9a1,2025/26,303,232928,James Garner,James Garner,3
250,dd8d4123-995c-434f-8617-1ca644f6f2d8,2025/26,304,490094,Tim Iroegbunam,Tim Iroegbunam,3
251,8e34adec-0f08-47ed-8f15-75fa2e47019a,2025/26,305,609873,Harrison Armstrong,Harrison Armstrong,3
252,296d29ab-2b45-43d9-b404-bc523810cef2,2025/26,306,547801,Callum Bates,,3
253,2b89fbfc-2cd4-463a-b820-5ce296c75695,2025/26,307,504296,Coby Ebere,,3
254,9e503294-677d-4eb6-afa0-2e7ac9ca5e05,2025/26,308,496279,Isaac Heath,,3
255,93439586-35e5-42ba-87fc-18707d455db5,2025/26,309,491557,Jenson Metcalfe,,3
256,173cfe8b-f489-4922-8264-22e87c1dfc62,2025/26,311,486385,Norberto Bercique Gomes Betuncal,Beto,4
257,e428431a-3fde-4578-a858-ebdd30f20d5b,2025/26,312,491012,Youssef Ramalho Chermiti,Youssef Chermiti,4
258,6f855388-9213-4e1b-b7b6-87b8bf1f7444,2025/26,313,536241,Martin Sherif,,4
259,3c643231-db3b-46f4-80f0-a33979f63288,2025/26,419,114283,Jack Grealish,Jack Grealish,3
260,f330910f-a62e-4853-bc6f-65d94f877321,2025/26,630,138001,Tom King,Tom King,1
261,6abf2e43-7532-495b-9baa-6d4563ec960a,2025/26,707,496661,Tyler Dibling,Tyler Dibling,3
262,74afb9cb-18dd-4e48-aaa1-2267e42b6bf7,2025/26,314,80201,Bernd Leno,Bernd Leno,1
263,65ea922b-e24a-4073-a83f-989d52da023d,2025/26,315,428971,Steven Benda,,1
264,6d5abde7-1f76-477a-acc0-ca49a9fd4ab3,2025/26,316,169528,Antonee Robinson,Antonee Robinson,2
265,02539faa-015d-44f3-9210-cfd5e296a32d,2025/26,317,174874,Joachim Andersen,Joachim Andersen,2
266,8e1ff5ee-c560-481e-9d65-b7c5dfce6918,2025/26,318,232892,Calvin Bassey,Calvin Bassey,2
267,38eac867-ae09-4f4e-9791-9ad2c4572d42,2025/26,319,166477,Timothy Castagne,Timothy Castagne,2
268,a5e18fe7-45fc-4d0a-a4f8-ae032850f68a,2025/26,320,219924,Issa Diop,Issa Diop,2
269,6fd4776f-ee54-4d51-b129-46efc5960c5d,2025/26,321,246301,Jorge Cuenca Barreno,Jorge Cuenca,2
270,4eee3faa-33dc-49a8-9bd3-8a2463d975e0,2025/26,322,167074,Kenny Tete,Kenny Tete,2
271,30b4cf70-9f70-4dd2-9b7c-bd17b8d6f129,2025/26,323,591385,Samuel Amissah,,2
272,b90def95-9562-42fd-b58c-8fac67adb479,2025/26,324,153133,Alex Iwobi,Alex Iwobi,3
273,b0076fa1-2d94-4513-82f0-93616a4e0e84,2025/26,325,209289,Emile Smith Rowe,Emile Smith-Rowe,3
274,c0b876d5-f9e9-4ea8-af27-9cb7687b1f92,2025/26,327,156689,Andreas Hoelgebaum Pereira,Andreas Pereira,3
275,baf2ed33-845d-4a56-9fca-fe13e7b45853,2025/26,328,184349,Ryan Sessegnon,Ryan Sessegnon,3
276,a9b733b1-f28a-4ee6-9925-aacc58107500,2025/26,329,153682,Harry Wilson,Harry Wilson,3
277,d55f4f7d-068b-4c69-9cf2-de621d1d85ea,2025/26,330,207189,Sander Berge,Sander Berge,3
278,e1a5293d-11cb-4154-a20c-75d19e4a3ffb,2025/26,331,76357,Tom Cairney,Tom Cairney,3
279,a9551960-d7f9-4af5-848c-cb5e73d73e6b,2025/26,332,212314,Saša Lukić,Sasa Lukic,3
280,670f1eda-f0ed-4dad-bfdd-1e19d22820c1,2025/26,333,573062,Martial Godo,Martial Godo,3
281,fc704d7e-8009-40bc-abf4-077d5caf1a2a,2025/26,334,515024,Luke Harris,,3
282,b0c2ffa6-b285-425b-8eb2-c9f652427eb3,2025/26,335,577725,Josh King,Joshua King,3
283,0479f281-b698-4aba-ac40-86fedaa3eddf,2025/26,336,153366,Harrison Reed,Harrison Reed,3
284,0c132447-b77a-4ef3-8b76-773466c30a9f,2025/26,337,102057,Raúl Jiménez Rodríguez,Raúl Jiménez,4
285,b7c44e29-4ef6-47a2-954c-0b60eeb245dd,2025/26,338,244042,Rodrigo Muniz Carvalho,Rodrigo Muniz,4
286,17e6932b-81bc-4766-bc4e-d808b06dd4c0,2025/26,424,477555,Oscar Bobb,Oscar Bobb,3
287,90e55f29-eaf3-45ba-b6d3-9f50aa3d550f,2025/26,168,536916,Facundo Buonanotte,Facundo Buonanotte,3
288,b15d2b09-385b-46e8-80b3-c9705da992b9,2025/26,352,221399,Jack Harrison,Jack Harrison,3
289,709d3031-90a5-4a10-ace0-73b80225cb0f,2025/26,493,180135,Sean Longstaff,Sean Longstaff,3
290,049a7ce0-2122-4c95-b21b-097e3d229319,2025/26,691,177815,Dominic Calvert-Lewin,Dominic Calvert-Lewin,4
291,49acc28c-0579-4ecf-bb09-7844ec2862b6,2025/26,706,220627,James Justin,James Justin,2
292,0770e266-9633-4bd7-9e25-b218ce04a2f4,2025/26,366,116535,Alisson Becker,Alisson,1
293,da1637e8-b587-4c57-97e9-29a83d53e283,2025/26,371,544877,Milos Kerkez,Milos Kerkez,2
294,ef0771b9-26c5-4915-8dea-392a26f45cbe,2025/26,372,122798,Andrew Robertson,Andrew Robertson,2
295,8a0b53aa-a122-4ea8-8a32-fb80f11f2cdc,2025/26,373,97032,Virgil van Dijk,Virgil van Dijk,2
296,8a942902-7e65-496f-97ab-36b2020d968f,2025/26,374,204716,Ibrahima Konaté,Ibrahima Konaté,2
297,a38c8aff-9fa1-4fba-9126-f5d18b077163,2025/26,375,492777,Conor Bradley,Conor Bradley,2
298,493f278e-a61c-4a7b-bfbc-b7ae9d3926fb,2025/26,376,171287,Joe Gomez,Joseph Gomez,2
299,7cdd3161-7671-44b1-ba34-2c6aab483072,2025/26,377,214285,Konstantinos Tsimikas,Konstantinos Tsimikas,2
300,231b8d11-0bb6-4103-9619-3733aba936cb,2025/26,378,611926,Amara Nallo,,2
301,5d65e834-c62a-40ff-b188-49c37deb087f,2025/26,379,219937,Rhys Williams,,2
302,ba35841c-cdd5-4031-b2ad-00f11cc639c9,2025/26,381,118748,Mohamed Salah,Mohamed Salah,3
303,d2f7294c-7df5-479c-9c9b-f550be9dda26,2025/26,383,244731,Luis Díaz Marulanda,Luis Díaz,3
304,5b4d8bb7-50e8-4325-9fdb-667bc1bc5677,2025/26,384,243298,Cody Gakpo,Cody Gakpo,3
305,43d10f61-0a63-49f2-9406-cc65de429029,2025/26,385,223541,Federico Chiesa,Federico Chiesa,3
306,396e1c5f-a102-4af3-a5b7-2d8ca2b3ef6f,2025/26,386,243016,Alexis Mac Allister,Alexis Mac Allister,3
307,ab460977-65fb-434c-8333-a420e23169cc,2025/26,387,424876,Dominik Szoboszlai,Dominik Szoboszlai,3
308,46b262ba-a864-4a5c-983b-8287c9e1b2c6,2025/26,388,206915,Curtis Jones,Curtis Jones,3
309,df3a988b-b09d-4529-a70a-6bff596cff56,2025/26,390,441266,Ryan Gravenberch,Ryan Gravenberch,3
310,eed618bc-4fff-431a-8342-6e56d6875fda,2025/26,392,158983,Endo Wataru,Wataru Endo,3
311,93efe74e-3c76-403d-8c67-ed7381cbe208,2025/26,393,535928,Stefan Bajčetić Maquieira,,3
312,39590410-de16-4719-b2db-e4bd707cfaa1,2025/26,394,491501,James McConnell,,3
313,c4815505-10e4-4202-9b11-259a19ba8117,2025/26,395,440148,Tyler Morton,,3
314,291cf79e-8289-4aea-b433-663239f6c492,2025/26,396,591386,Trey Nyoni,Treymaurice Nyoni,3
315,9ddeea34-afa6-43b2-9718-40ac87c1da54,2025/26,397,447203,Darwin Núñez Ribeiro,Darwin Núñez,4
316,22e7a380-ba57-4e49-a5fe-81f87c540017,2025/26,398,500058,Jayden Danns,Jayden Danns,4
317,83bf64c5-d053-4c9b-88a8-2fe044533999,2025/26,499,219168,Alexander Isak,Alexander Isak,4
318,d02b81d6-108e-4cfd-b34b-80f3ae2382ca,2025/26,82,437730,Antoine Semenyo,Antoine Semenyo,3
319,4dc79854-22a7-4d9a-b7e6-6b6024465d87,2025/26,260,209036,Marc Guéhi,Marc Guehi,2
320,cde448c3-c413-4852-ae1a-1a4fbac7e91a,2025/26,399,121160,Ederson Santana de Moraes,Ederson,1
321,b45dc1be-2cff-43c5-9659-ce1274c92394,2025/26,401,122074,Marcus Bettinelli,,1
322,cbeb32ec-d8f8-466d-8977-017ce20d9908,2025/26,402,448514,Rayan Aït-Nouri,Rayan Ait Nouri,2
323,7ceade22-f5db-4b3e-ae20-120cd46c67cf,2025/26,403,477424,Joško Gvardiol,Josko Gvardiol,2
324,d86e3efa-0331-4d5e-94c6-ec063d3fa29e,2025/26,404,211975,Manuel Akanji,Manuel Akanji,2
325,3b730726-1e3e-4d2a-9bc3-61177fb5d031,2025/26,405,126184,Nathan Aké,Nathan Aké,2
326,08cbab83-8554-41d0-bd69-4cd420eb698c,2025/26,406,578153,Abdukodir Khusanov,Abduqodir Khusanov,2
327,ff3ae152-e9fa-4768-a059-853e3e482bc3,2025/26,407,465351,Matheus Nunes,Matheus Nunes,2
328,2fc945e5-d19c-4530-a647-863b0ea4396d,2025/26,408,171314,Rúben dos Santos Gato Alves Dias,Rúben Dias,2
329,0847dcd8-082d-4991-8913-1e3bc242dcc3,2025/26,409,97299,John Stones,John Stones,2
330,b771e153-5d75-49ce-8fbd-e6e1cbda6bd2,2025/26,410,477064,Rico Lewis,Rico Lewis,2
331,65af5c82-2bf4-4b3c-b0f7-49d30a717146,2025/26,411,472769,Nico O'Reilly,Nico O'Reilly,2
332,bdec436e-5a79-4ed5-9db6-0f5c66eae832,2025/26,412,616222,Vitor de Oliveira Nunes dos Reis,Vitor Reis,2
333,a21fec65-1718-44e4-a9e7-8b4ba2c6abdb,2025/26,413,438234,Omar Marmoush,Omar Marmoush,3
334,7299a365-c7d3-4fae-983c-d6b980719a1d,2025/26,414,209244,Phil Foden,Phil Foden,3
335,23ceeab7-83a7-41b5-895a-8a8ba6669fe0,2025/26,415,510281,Sávio Moreira de Oliveira,Sávio,3
336,3f381c8a-eeae-4940-9b06-ea05f752e310,2025/26,515,222531,Morgan Gibbs-White,Morgan Gibbs-White,3
337,152452e6-1e36-4c7b-b9aa-15d38bd2fcbb,2025/26,416,165809,Bernardo Mota Veiga de Carvalho e Silva,Bernardo Silva,3
338,5556734b-d1e3-4f5e-94c7-813cd4bcdd56,2025/26,418,248875,Jérémy Doku,Jéremy Doku,3
339,c283ee88-d305-40e4-8002-0308c558c5ae,2025/26,420,59859,İlkay Gündoğan,Ilkay Gündogan,3
340,272bfaa8-fc18-42f2-8300-f77ca505a345,2025/26,421,220566,Rodrigo 'Rodri' Hernandez Cascante,Rodri,3
341,18518340-c700-4515-a0b4-90b371a9686e,2025/26,422,91651,Mateo Kovačić,Mateo Kovacic,3
342,6491134c-17b9-44b3-a599-bd21c9c5651f,2025/26,423,465694,Nico González Iglesias,Nico González,3
343,761dd69f-17b5-4966-96a2-76277e08c754,2025/26,425,575204,Claudio Echeverri,Claudio Echeverri,3
344,0f24ddb4-65f2-4527-908d-a89f91277b34,2025/26,429,155405,Kalvin Phillips,Kalvin Phillips,3
345,6d3fb615-c3e0-4895-b384-57dcb3dc557e,2025/26,430,223094,Erling Haaland,Erling Haaland,4
346,9bcc4be0-a5b6-401f-9fa3-49f78f0f7594,2025/26,794,494307,Max Alleyne,Max Alleyne,2
347,8b74ab57-db22-45f4-80ce-8e5d59b3ce3b,2025/26,119,446008,Bryan Mbeumo,Bryan Mbeumo,3
348,5df08c11-5708-49a1-b677-3a4f70a17f17,2025/26,431,451302,Altay Bayındır,Altay Bayindir,1
349,8e605721-6cde-4dac-8b83-eff0db4372f1,2025/26,432,202641,André Onana,André Onana,1
350,e61cb6e8-8eed-43ee-b067-95a55cb4736d,2025/26,433,588555,Elyh Harrison,,1
351,83ca5847-cede-4643-8401-ec260ed79816,2025/26,434,21205,Tom Heaton,,1
352,c7faa94f-b501-4af9-9045-7f3efb97be86,2025/26,436,209365,Matthijs de Ligt,Matthijs de Ligt,2
353,33567cf6-0cb2-4e77-96d5-18102807b133,2025/26,437,221820,Lisandro Martínez,Lisandro Martínez,2
354,f67b8250-dee9-4e16-9acc-b8eb04a75bd6,2025/26,438,230001,Noussair Mazraoui,Noussair Mazraoui,2
355,bf428111-cd34-4d6e-afd6-31e7a312dc1d,2025/26,440,216051,Diogo Dalot Teixeira,Diogo Dalot,2
356,1eee5051-f16f-4a8e-af4e-028517faa001,2025/26,441,596777,Patrick Dorgu,Patrick Dorgu,2
357,499022db-4b66-47a6-9be9-f8ba92e29786,2025/26,442,95658,Harry Maguire,Harry Maguire,2
358,794ce9ff-d47d-43c0-b13c-1e48807bc608,2025/26,443,106760,Luke Shaw,Luke Shaw,2
359,2c569b38-1dd7-472f-80b7-6ec3828f627e,2025/26,444,550864,Leny Yoro,Leny Yoro,2
360,db5c0678-2734-4ed9-81cb-218e7a0a089b,2025/26,445,577974,Harry Amass,Harry Amass,2
361,e45d7534-4746-4bad-a959-a6cbf37edec1,2025/26,446,547676,Tyler Fredricson,Tyler Fredricson,2
362,80c83afd-6865-416d-b5f4-593ad9ed1f47,2025/26,447,606745,Ayden Heaven,Ayden Heaven,2
363,469511da-b743-4641-8d98-42dc51b5e329,2025/26,448,222690,Tyrell Malacia,Tyrell Malacia,2
364,d61ea56d-0474-4524-a061-9869f4ccbb19,2025/26,449,141746,Bruno Borges Fernandes,Bruno Fernandes,3
365,26ad018f-7c27-46e2-af1c-493276052c85,2025/26,450,430871,Matheus Santos Carneiro da Cunha,Matheus Cunha,3
366,8a5a085d-5110-4f8e-87d3-1fdb384d8533,2025/26,451,176297,Marcus Rashford,Marcus Rashford,3
367,2f0ea22d-f760-4599-a623-60f4e3be22f1,2025/26,452,493250,Amad Diallo,Amad Diallo Traore,3
368,be00977b-d686-4932-8288-db6993f55a4b,2025/26,454,467169,Antony dos Santos,Antony,3
369,dfc945e1-aaca-4013-b2b3-96e85b299423,2025/26,455,184341,Mason Mount,Mason Mount,3
370,8212e83e-299a-4fe2-b598-7e466a9e0621,2025/26,457,61256,Carlos Henrique Casimiro,Casemiro,3
371,1c5ff361-4a45-48ba-b2e2-55c967518fac,2025/26,458,516895,Kobbie Mainoo,Kobbie Mainoo,3
372,2e5dfd6f-2c8a-4242-bd88-71b571e78ec9,2025/26,459,232112,Manuel Ugarte Ribeiro,Manuel Ugarte,3
373,c981a842-25d4-406d-adec-d423a19effe3,2025/26,460,490881,Toby Collyer,Toby Collyer,3
374,167d8179-f5d1-401e-b5c3-0db84283bb81,2025/26,461,556639,Jayce Fitzgerald,,3
375,73c21faa-876a-417f-bfbd-b5433eae68c3,2025/26,462,547037,Jack Fletcher,Jack Fletcher,3
376,781087f1-32b6-4c7e-ae69-ee5ef75ad7d2,2025/26,463,618873,Sékou Koné,,3
377,48da60a2-014b-491f-99ee-034d2e11bf48,2025/26,464,559684,Jack Moorhouse,,3
378,36b875ed-889a-4d7f-a5e7-f57bb5b23e4e,2025/26,465,497894,Rasmus Højlund,Rasmus Højlund,4
379,ea2a7a09-c8ae-430a-bf6f-dd514154e543,2025/26,466,458249,Joshua Zirkzee,Joshua Zirkzee,4
380,394f611e-73b5-4779-8110-c73e3593c90f,2025/26,467,596047,Chido Obi,Chido Obi-Martin,4
381,ad3900af-fef7-4545-99c0-dc7158e97e3a,2025/26,468,575034,Ethan Wheatley,,4
382,e73c83e7-3640-43d0-8c0f-f267926827fc,2025/26,788,576637,Godwill Kukonki,,2
383,f551e1b9-1b4f-4ee0-ab12-5b3d29f7f00e,2025/26,52,232653,Jacob Ramsey,Jacob Ramsey,3
384,b917d372-2d17-444e-8384-8d2a9e5f8453,2025/26,135,216646,Yoane Wissa,Yoane Wissa,4
385,57d51316-9d56-4d98-9df7-f5fc936704bb,2025/26,469,98747,Nick Pope,Nick Pope,1
386,b6732bbc-09ba-4c3e-a535-861fd96488bc,2025/26,472,111452,Odysseas Vlachodimos,,1
387,97f710e3-4d5b-475f-b4fb-dedf2866e61d,2025/26,473,487838,Lewis Hall,Lewis Hall,2
388,a813d09b-3694-4714-b863-bb5997ef8f43,2025/26,474,119471,Fabian Schär,Fabian Schär,2
389,71e04b79-f1a7-4123-8130-bae9732ba772,2025/26,475,220237,Sven Botman,Sven Botman,2
390,64c1604f-20e8-4f70-aca6-234467915cdb,2025/26,476,78916,Dan Burn,Dan Burn,2
391,3a3343ac-df8a-4423-9c8f-614fa31f7612,2025/26,477,441191,Tino Livramento,Valentino Livramento,2
392,320fe051-d0b5-4c7d-984b-d719a2196470,2025/26,478,77794,Kieran Trippier,Kieran Trippier,2
393,7f160bcd-c48f-454e-bd10-5d13e7b7a608,2025/26,479,111773,Emil Krafth,Emil Krafth,2
394,ef27dda9-b74d-4e05-a474-3ce88f01963e,2025/26,480,101148,Jamaal Lascelles,Jamaal Lascelles,2
395,98a9027f-96af-4214-9516-b319364983a7,2025/26,481,545477,Alex Murphy,Alex Murphy,2
396,a54bf982-f33c-43d5-af92-0c93ea1f7d9b,2025/26,483,578512,Miodrag Pivaš,,2
397,c932dd05-c46b-4c8e-bffd-ebc3be8f8402,2025/26,484,169359,Matt Targett,Matt Targett,2
398,86e096b9-965f-4b13-bc0b-7dc91707f0d4,2025/26,485,232826,Anthony Gordon,Anthony Gordon,3
399,bc7b3008-ecdf-482b-a820-20ef64676b4e,2025/26,486,449434,Anthony Elanga,Anthony Elanga,3
400,7d0ce2be-20f7-4099-add3-2623af5b22d6,2025/26,487,201666,Harvey Barnes,Harvey Barnes,3
401,701caef7-4a05-4908-8c32-05de68526194,2025/26,488,208706,Bruno Guimarães Rodriguez Moura,Bruno Guimarães,3
402,bec3286a-79d9-4125-ae8e-4c789e476cd5,2025/26,489,114243,Jacob Murphy,Jacob Murphy,3
403,423e1b12-0219-4921-9347-0631bb645a1c,2025/26,490,180974,Joelinton Cássio Apolinário de Lira,Joelinton,3
404,6530cfe0-7569-4842-bbcf-bb9dfee916c9,2025/26,491,432422,Sandro Tonali,Sandro Tonali,3
405,3858ec1b-1c61-4728-bcf3-15d955a16881,2025/26,494,200089,Joe Willock,Joe Willock,3
406,bec0f8f2-2df7-40e7-87e2-c25495599010,2025/26,495,153127,Isaac Hayden,,3
407,fede430f-ca86-4467-ae60-c0f052711f2c,2025/26,496,564510,Garang Kuol,,3
408,fd38c29c-1522-4d3d-a93e-66cb66d14a11,2025/26,497,547719,Lewis Miley,Lewis Miley,3
409,caea5c3e-561c-4856-b0bd-d1f3a2de121e,2025/26,498,461484,Joe White,,3
410,d7c96669-436e-4944-b54d-59695cfd26c6,2025/26,500,538207,William Osula,William Osula,4
411,e4e24720-d2ab-4a3b-a489-6cd5d1114cfd,2025/26,674,225321,Aaron Ramsdale,Aaron Ramsdale,1
412,826f2eb6-c024-428d-8947-35add533b2c5,2025/26,753,19236,John Ruddy,,1
413,bb980a5b-6f4c-4bb4-8f85-9c682f3370c6,2025/26,12,206325,Oleksandr Zinchenko,Oleksandr Zinchenko,2
414,451e115e-1a94-4c54-9b7d-63f25fa9e973,2025/26,400,88248,Stefan Ortega Moreno,Stefan Ortega Moreno,1
415,47e50346-47f4-4225-b164-b93dba66e562,2025/26,426,432714,James McAtee,James McAtee,3
416,8c847126-728a-47e6-8521-13af156a6181,2025/26,502,85633,Matz Sels,Matz Sels,1
417,4ed2bd00-dba2-458c-a4d3-1ffd9fbd8736,2025/26,503,475123,Carlos Miguel dos Santos Pereira,,1
418,af5e5726-fb1e-4fdb-8879-a28afd3dde17,2025/26,504,224068,Matt Turner,Matt Turner,1
419,881f4ab3-adab-4461-9561-4a736a1d3e31,2025/26,505,227444,Nikola Milenković,Nikola Milenkovic,2
420,d0f8670d-03c3-4760-8678-d391c9455f38,2025/26,506,575476,Murillo Costa dos Santos,Murillo,2
421,bfd0282a-2b61-49c9-98e7-a2f22f330e82,2025/26,507,159506,Ola Aina,Ola Aina,2
422,2456c5b8-e6c9-4ea3-9269-41f7c6216476,2025/26,508,215136,Neco Williams,Neco Williams,2
423,23018d09-1c46-4936-9727-40496371c8b8,2025/26,511,485047,Felipe Rodrigues da Silva,Morato,2
424,d6be337c-9102-4aba-acf1-a150cba17751,2025/26,512,204822,Omar Richards,,2
425,aecff7a0-6062-45b5-86d7-0c3961793ed6,2025/26,513,549067,Zach Abbott,Zach Abbott,2
426,114c54aa-c2b2-4adf-b9e3-052f9113dfdf,2025/26,514,90585,Willy Boly,Willy Boly,2
427,6bd06b24-334f-4fdb-9746-1d98ccfcfe3f,2025/26,516,209046,Callum Hudson-Odoi,Callum Hudson-Odoi,3
428,b340a5b0-42ae-4f2a-8096-1b227edae50a,2025/26,517,215379,Elliot Anderson,Elliot Anderson,3
429,1eb4ac7e-6158-4851-b363-d4ff6070ce72,2025/26,518,510500,João Pedro Ferreira da Silva,Jota Silva,3
430,023da49d-2e7d-4907-9df5-f04db9b0fd41,2025/26,519,250199,Nicolás Domínguez,Nicolás Domínguez,3
431,7e50df7b-2666-48ac-85ad-2ed37e8b6dcb,2025/26,520,243345,Lewis O'Brien,,3
432,614dca87-6771-4409-b1d4-230660704518,2025/26,521,210462,Ibrahim Sangaré,Ibrahim Sangare,3
433,8a50219f-55c4-404b-bc89-9754e0eb85de,2025/26,522,204968,Ryan Yates,Ryan Yates,3
434,c48c5c98-df72-4edd-acd0-85450e59269a,2025/26,523,569014,Eric da Silva Moreira,Eric da Silva Moreira,3
435,a3839c5a-f87e-48df-9a8d-dc0bc957b87b,2025/26,525,60689,Chris Wood,Chris Wood,4
436,67150f6f-4550-46e1-ab06-5be560ba9de2,2025/26,527,210156,Taiwo Awoniyi,Taiwo Awoniyi,4
437,2e9ab3a1-b490-479c-ba94-45eeb1b7bca8,2025/26,693,503301,Omari Hutchinson,Omari Hutchinson,3
438,1612fa1c-cb9b-4980-837e-d768f86b0886,2025/26,543,535818,Simon Adingra,Simon Adingra,3
439,2e9610c8-836f-402c-804e-0720c93a9009,2025/26,565,184254,Guglielmo Vicario,Guglielmo Vicario,1
440,bc66bf7d-e1f5-48c5-b89d-ff0dbd008bd8,2025/26,566,214572,Brandon Austin,Brandon Austin,1
441,159841f0-d0bc-4c77-89c1-ff5886c01ec1,2025/26,567,485055,Antonín Kinský,Antonín Kinsky,1
442,681c11ac-7e56-493e-9ca1-72f90b878d01,2025/26,568,441164,Pedro Porro Sauceda,Pedro Porro,2
443,359d703f-5c63-4bfe-8ccc-57d4ede0b37c,2025/26,569,221632,Cristian Romero,Cristian Romero,2
444,0b8ecd30-19a8-4509-9f8d-09deaf8ac2ee,2025/26,570,135720,Kevin Danso,Kevin Danso,2
445,517c88fc-d2e4-48f9-a244-13a2f0813e40,2025/26,571,115556,Ben Davies,Ben Davies,2
446,c8c438ab-f065-4b03-9765-3002b42f3a58,2025/26,572,493125,Radu Drăgușin,Radu Dragusin,2
447,c49b3106-4c26-46c9-bbb8-4e132b81910a,2025/26,573,232859,Djed Spence,Djed Spence,2
448,b4d3e76d-0620-4853-b965-d10f7cac139e,2025/26,574,487053,Destiny Udogie,Iyenoma Destiny Udogie,2
449,86a8b7af-747c-4791-8f50-dc0403622b73,2025/26,575,491279,Micky van de Ven,Micky van de Ven,2
450,357b7d84-e65a-4563-88ab-112294f2872e,2025/26,576,548308,Ashley Phillips,,2
451,5167d7b8-c362-4ebd-8d34-fc379f6ecaa3,2025/26,579,85971,Son Heung-min,Son Heung-Min,3
452,d1f5f863-043f-4759-adbe-9489d6df04e1,2025/26,581,172780,James Maddison,James Maddison,3
453,3155f865-690c-4281-b00c-fce26e784489,2025/26,582,460842,Mohammed Kudus,Mohammed Kudus,3
454,7c870cd7-9d1e-4b81-bd53-117b5ce27c54,2025/26,583,445044,Dejan Kulusevski,Dejan Kulusevski,3
455,c35eea94-ca8c-4a5c-abb5-39a702041a48,2025/26,584,511499,Mathys Tel,Mathys Tel,3
456,4dba7c71-3721-48b7-8d06-f7a97d1e654c,2025/26,585,202993,Rodrigo Bentancur,Rodrigo Bentancur,3
457,e642deb6-f398-4f23-8f6b-4517569c6521,2025/26,586,570526,Lucas Bergvall,Lucas Bergvall,3
458,58fbf6e5-9ce2-410c-a1f9-e0d2f4607ad0,2025/26,587,227127,Yves Bissouma,Yves Bissouma,3
459,3f7d0d15-bae9-4443-b8fd-602d0b46e83b,2025/26,588,550839,Wilson Odobert,Wilson Odobert,3
460,5aaeed89-dd50-43b0-8bd5-0b00ffae7428,2025/26,589,235674,Manor Solomon,Manor Solomon,3
461,78cef93a-5d90-47df-ae43-9951588f6c59,2025/26,590,436234,Bryan Gil Salvatierra,,3
462,4c7e5c2a-dc4d-4126-a8d6-7cc8830fff8a,2025/26,591,547701,Archie Gray,Archie Gray,3
463,5eee3996-1d93-4d7b-9e06-d7dcb289c696,2025/26,592,499721,Mikey Moore,Mikey Moore,3
464,5627a160-9c95-443d-92f6-42bd33cb437c,2025/26,593,482442,Pape Matar Sarr,Pape Sarr,3
465,19503768-2c69-4c5d-b12f-316a33e22977,2025/26,594,623095,Yang Min-hyeok,,3
466,fe994675-7f34-4277-b6f3-6e738a132d08,2025/26,595,499726,Callum Olusesi,Callum Olusesi,3
467,25e1b024-b4c4-4732-9894-b39b4415754e,2025/26,596,154566,Dominic Solanke-Mitchell,Dominic Solanke,4
468,babad0a4-ef7c-4e3c-804d-048bdc6c91d4,2025/26,597,212319,Richarlison de Andrade,Richarlison,4
469,84e499c3-6bed-49fa-8949-8b304244139f,2025/26,598,552427,Will Lankshear,Will Lankshear,4
470,6eb78588-fb64-4370-9014-57f422cbdcd4,2025/26,599,490145,Dane Scarlett,Dane Scarlett,4
471,4740a0a4-ae26-4421-9b41-4652ab59e9dd,2025/26,790,611917,Lucá Williams-Barnett,,3
472,84fa1217-2dbe-4acc-a446-1f78327fe989,2025/26,796,232787,Conor Gallagher,Conor Gallagher,3
473,755babc2-28eb-47e7-bda6-3c28588e49bf,2025/26,326,159533,Adama Traoré Diarra,Adama Traoré,3
474,2b71ec62-c2bf-4ac3-99ab-166c358d7904,2025/26,600,84182,Alphonse Areola,Alphonse Areola,1
475,53f6428c-e03e-4b83-9596-03cfaf24f761,2025/26,601,82143,Wes Foderingham,Wes Foderingham,1
476,89bd4d8a-948b-40e5-8958-5c47b1c373ec,2025/26,604,109533,Emerson Palmieri dos Santos,Emerson,2
477,dd74e658-57fa-4e99-ac94-889f064764fa,2025/26,605,214048,Maximilian Kilman,Max Kilman,2
478,eb6fd9d0-63c5-4080-a5ab-0e9751ec993d,2025/26,606,233963,Konstantinos Mavropanos,Konstantinos Mavropanos,2
479,9ddf23ec-f1ed-43e6-bd0b-c40e8f383ac3,2025/26,607,210494,Nayef Aguerd,Naif Aguerd,2
480,a9fbdbd6-784f-4f5f-95a1-f43823a8fbd2,2025/26,608,536109,Ollie Scarles,Oliver Scarles,2
481,9b78a208-c2e8-4f6d-908c-f001fec8c607,2025/26,609,462116,Jean-Clair Todibo,Jean-Clair Todibo,2
482,96e5f281-158d-4a4d-8dee-93ed027fa325,2025/26,610,214590,Aaron Wan-Bissaka,Aaron Wan-Bissaka,2
483,5d6d7fa0-1871-40aa-95df-b817b19c645a,2025/26,611,518438,Kaelan Casey,Kaelan Casey,2
484,112a1260-0cb2-4248-b27b-68e25d2c087a,2025/26,612,224024,Lucas Tolentino Coelho de Lima,Lucas Paquetá,3
485,3706fb38-9c0f-4fa6-a4d3-69171dad0499,2025/26,613,215439,Tomáš Souček,Tomas Soucek,3
486,da40d2fc-9fb1-4653-874a-386c8feae25e,2025/26,615,450070,Crysencio Summerville,Crysencio Summerville,3
487,6532b4fe-afc3-4fea-a648-f7a83cb442db,2025/26,616,213999,Edson Álvarez Velázquez,Edson Álvarez,3
488,15a27285-1e19-4e00-970d-f2ca8c65d987,2025/26,617,149519,Maxwel Cornet,Maxwel Cornet,3
489,d11092d2-02a1-483d-8581-ce070c6c41d9,2025/26,618,197024,Guido Rodríguez,Guido Rodríguez,3
490,34fd9fbe-964e-4832-8c52-b64dac780c07,2025/26,619,577114,Luis Guilherme Lira dos Santos,Luis Guilherme,3
491,528f0d18-f132-45d6-a245-4dc41004aa90,2025/26,620,490885,George Earthy,George Earthy,3
492,56a218b5-0326-4ae2-b2f9-c21ae2995077,2025/26,621,229384,Andy Irving,Andy Irving,3
493,2dddc136-dd1e-4405-9609-c0692c8a7479,2025/26,622,518442,Lewis Orford,Lewis Orford,3
494,e82f741c-7aaf-4807-bbfc-ce5f4a0d98b9,2025/26,624,178186,Jarrod Bowen,Jarrod Bowen,4
495,9dc9d7d5-adb7-4d08-afb8-4b30b62c446d,2025/26,625,91889,Niclas Füllkrug,Niclas Füllkrug,4
496,2b064b3d-3801-4f5d-b158-269afc136611,2025/26,659,158534,Kyle Walker-Peters,Kyle Walker-Peters,2
497,1f21671d-d143-49c8-938f-b90e1b57a10e,2025/26,671,75115,Callum Wilson,Callum Wilson,4
498,c3d3ae83-1510-42da-9233-2f411397d2cf,2025/26,679,467189,Mads Hermansen,Mads Hermansen,1
499,47914f38-fdf2-4070-a8e0-34617f66da30,2025/26,708,551226,Mateus Gonçalo Espanha Fernandes,Mateus Fernandes,3
500,3359e9ae-5151-45b4-8e0c-77a2b0623e8d,2025/26,738,37096,Lukasz Fabianski,Lukasz Fabianski,1
501,c5cf643d-e278-468a-8b57-8144d875ff4e,2025/26,747,602903,Ezra Mayers,Ezra Mayers,2
502,a106c077-5b59-42d2-97d3-d938b4530fd4,2025/26,815,220362,Axel Disasi,Axel Disasi,2
503,1a66fd6a-6710-4f29-a6c5-89c04a1049b0,2025/26,627,101982,Sam Johnstone,Sam Johnstone,1
504,afbf49b6-75a5-4592-ab2c-d08295a2a391,2025/26,628,149065,José Malheiro de Sá,José Sá,1
505,31d931b3-f4b5-4f98-92ad-9c612108061d,2025/26,629,79602,Daniel Bentley,Daniel Bentley,1
506,2c539cb7-0919-4d3d-9446-d2d5d7f33f9c,2025/26,631,516939,Emmanuel Agbadou,Emmanuel Agbadou,2
507,b066e645-c6a2-464e-b911-c0d83cb622ac,2025/26,632,87835,Matt Doherty,Matt Doherty,2
508,f80b11d9-0005-4eed-a49f-0b013931db8b,2025/26,633,490721,Hugo Bueno López,Hugo Bueno,2
509,b1c6dee8-393c-44d5-aab5-3369c66cf4a6,2025/26,634,501837,Yerson Mosquera Valdelamar,Yerson Mosquera,2
510,00feecc2-b82f-4759-a986-d8c283132ebb,2025/26,635,483081,Rodrigo Martins Gomes,Rodrigo Gomes,2
511,7c1cd5dc-9bd6-4518-b5a5-b90251db72a2,2025/26,636,231480,Santiago Ignacio Bueno,Santiago Bueno,2
512,9949992d-a0a0-4d9e-81d6-83b903efc08c,2025/26,637,510362,Toti Gomes,Toti,2
513,28f0d67c-3eee-4d55-b744-c63484af671b,2025/26,638,441271,Ki-Jana Hoever,Ki-Jana Hoever,2
514,2cb1c2d6-7875-4bca-aaf3-f9a0db2e5f2d,2025/26,639,560248,Bastien Meupiyou Menadjou,,2
515,4acb2de8-282d-41a8-9184-ef6a36d9c1ff,2025/26,640,641221,Pedro Cardoso de Lima,Pedro Lima,2
516,e1d9a973-35a1-4fba-9980-59ebf61233f0,2025/26,641,517179,Alfie Pond,Alfie Pond,2
517,4ebbd927-7869-42c7-a226-2ad79d9f6b61,2025/26,642,184754,Hwang Hee-chan,Hee-Chan Hwang,3
518,16247559-28c9-47cb-849e-b0c75c2240b7,2025/26,643,509291,André Trindade da Costa Neto,André,3
519,f18cd524-27df-453e-a1ff-a354597fc676,2025/26,644,231057,Jean-Ricner Bellegarde,Jean-Ricner Bellegarde,3
520,85560e36-f11f-4635-b01b-aa5dbbf39dfe,2025/26,646,448089,João Victor Gomes da Silva,João Gomes,3
521,cfa0cd66-03e4-4dac-b6ab-aaf0a86fddf8,2025/26,647,181284,Gonçalo Manuel Ganchinho Guedes,Gonçalo Guedes,3
522,4a01ead9-a90f-4239-81ba-dfabf4f0011a,2025/26,648,433312,Marshall Munetsi,Marshall Munetsi,3
523,82d86330-77c1-4de3-b44c-b66f83e9287c,2025/26,649,476502,Boubacar Traoré,Boubacar Traore,3
524,ae32d960-6ef2-49be-9ddb-fb32ac08929d,2025/26,650,497606,Tawanda Chirewa,Tawanda Chirewa,3
525,df260d38-74bc-4db1-b6a1-981114d38c59,2025/26,651,596054,Tom Edozie,Tom Edozie,3
526,c210e153-763f-4bc6-96a7-063bc363159a,2025/26,652,593001,Enso González Medina,,3
527,9dd5d807-1dfd-466a-8479-8ed7e06b22fb,2025/26,653,240299,Joe Hodge,,3
528,2367f968-80af-48da-99cc-896d8e179fc2,2025/26,655,449988,Fábio Soares Silva,Fabio Silva,4
529,520b1085-6580-44d1-b65c-7132e209cb65,2025/26,656,429414,Saša Kalajdžić,Sasa Kalajdzic,4
530,9d887de9-69c3-4611-b5a7-3906aa107b80,2025/26,657,589507,Leon Chiwome,,4
531,2198aa01-1c6c-4ef2-a972-673503c094f7,2025/26,658,531363,Nathan Fraser,,4
532,b335ffd3-622f-49c4-a3a3-c24d28da56a4,2025/26,749,647671,Mateus Mané,Mateus Mané,4
533,4fc6dec6-7b50-4852-a52b-5ba4c7db9034,2025/26,817,155511,Adam Armstrong,Adam Armstrong,4
534,45c954c5-7a8e-4420-b0d7-2cd2367743a7,2025/26,13,563324,Brayden Clarke,,2
535,778353c6-4ddf-40e8-a474-96ac57b79dae,2025/26,26,481655,Martín Zubimendi Ibáñez,Martín Zubimendi,3
536,c9a47ffc-3016-4301-ad03-e3bcfe5043f4,2025/26,29,437742,Albert Sambi Lokonga,,3
537,5dfc3e0c-26d2-47c0-b444-42500f664a8c,2025/26,662,500040,Cristhian Mosquera,Cristhian Mosquera,2
538,2c0b785d-9175-415e-b7ee-cb10961a60a6,2025/26,666,224117,Viktor Gyökeres,Viktor Gyokeres,4
539,8454fd25-b5e1-43c0-868e-638cea3bbabb,2025/26,700,616077,Max Dowman,Max Dowman,3
540,a6b5ae28-d53d-4502-afe9-44c0c9db37f4,2025/26,711,646243,Andre Harriman-Annous,,3
541,2b9337d7-0164-4b9e-969e-db2f0905a2cc,2025/26,725,448104,Piero Hincapié,Piero Hincapié,2
542,be053f5a-34d8-4bc3-a672-da0c1dd36231,2025/26,759,616065,Marli Salmon,,2
543,7e66bd94-3d78-463b-b062-cb3bf2da1cce,2025/26,33,72147,Marco Bizot,Marco Bizot,1
544,c9f8e9f1-a6b9-43d2-b510-4795ddd9351a,2025/26,46,587178,Yasin Özcan,,2
545,24757ac2-400b-4dcd-974d-225337584faf,2025/26,65,576756,Zépiqueno Redmond,,4
546,4c5f3a6c-b926-4546-b5a0-5f5d33fc2c89,2025/26,688,481283,James Wright,,1
547,e44fd2fe-5943-44e1-9ff5-4edce556a2aa,2025/26,699,230046,Douglas Luiz Soares de Paulo,Douglas Luiz,3
548,a4550d4e-f6f6-4bc2-ba98-59bb9d17b54b,2025/26,701,569577,Triston Rowe,,2
549,fcb8fa2a-d72a-4a6e-93dc-15b1a2df698a,2025/26,702,645618,Bradley Burrowes,Bradley Burrowes,3
550,68f12412-b39c-4bd7-be8d-d2406c2b312e,2025/26,703,564505,Sam Proctor,,1
551,55276dfb-832f-427c-a193-450715bf5569,2025/26,710,534836,Travis Patterson,,2
552,c2cc4a44-59c2-4e9b-b724-7c670e762a77,2025/26,754,577285,George Hemmings,George Hemmings,3
553,a90aba94-1559-4cba-b7a7-c9924d81565f,2025/26,757,516875,Ronnie Hollingshead,,1
554,326ad64b-61aa-45cb-aeec-6b418032b7b0,2025/26,768,664015,Leon Routh,,2
555,6ac72509-7e34-45fd-b9f8-26900e8adf0e,2025/26,781,618027,TJ Carroll,,2
556,1e921cf9-1036-46eb-998c-afb94a60d6a6,2025/26,792,653481,Alysson Edward Franco da Rocha dos Santos,Alysson Edward,3
557,3be1b83a-42f2-4ae8-a257-d8157749b5c9,2025/26,808,173879,Tammy Abraham,Tammy Abraham,4
558,c63e6e33-3aa3-4d23-b62b-052db893898c,2025/26,183,518030,Max Weiß,,1
559,2468d2cb-1943-47c2-8ce2-d5a32bc6b63d,2025/26,184,489571,Etienne Green,,1
560,327507d4-d84c-49a9-aaa0-50c547faaf64,2025/26,185,51943,Václav Hladký,,1
561,67813629-ed25-456c-b9b0-7e930f1bdc21,2025/26,186,192290,Connor Roberts,,2
562,0490c4f8-083a-4462-b202-ab60e507362d,2025/26,188,247245,Hannes Delcroix,,2
563,5bc96f0a-9920-48bb-af9e-27451b4bc2b8,2025/26,189,461567,Owen Dodgson,,2
564,8812c842-5bef-4cd1-af43-5f3723c33c62,2025/26,190,478969,Hjalmar Ekdal,Hjalmar Ekdal,2
565,4aa1d8ba-6831-42d3-a286-3938c0f8ca9f,2025/26,191,477717,Maxime Estève,Maxime Estève,2
566,9951d846-9147-4ca0-b269-27c4137a500e,2025/26,192,494960,Quilindschy Hartman,Quilindschy Hartman,2
567,7cb6336a-336a-45cd-8c7c-36e4e503dca9,2025/26,193,461188,Bashir Humphreys,Bashir Humphreys,2
568,e68404d7-2152-4d57-9be8-b6ce18ba7418,2025/26,194,241231,Jordan Beyer,,2
569,124db537-8df8-4353-952d-25094393b631,2025/26,195,549329,Lucas Pires Silva,Lucas Pires,2
570,b71a5acf-9c2f-48aa-8d97-648cf8f07551,2025/26,196,450072,Shurandy Sambo,,2
571,5b77be6e-0bb3-457f-bad5-4403f47235b1,2025/26,197,519895,Oliver Sonne,Oliver Sonne,2
572,d41a0b68-0df4-4a96-84c8-8c0ad3bc6423,2025/26,201,183751,Manuel Benson Hedilazio,,3
573,515a377e-fa30-4dfa-9826-e2ce13cfa78c,2025/26,202,179458,Jacob Bruun Larsen,Jacob Bruun Larsen,3
574,ac4b4494-847c-4a93-8e3b-f01261646dfc,2025/26,203,578614,Enock Agyei,,3
575,28f0f650-0881-473a-992f-f226fe6347b5,2025/26,204,250735,Darko Churlinov,,3
576,f6b276eb-040b-462e-829b-e92375cf6019,2025/26,205,172567,Josh Cullen,Josh Cullen,3
577,b2d79a38-4117-4421-ab94-826f5898e52c,2025/26,206,174592,Marcus Edwards,Marcus Edwards,3
578,b78bc2a1-f104-4691-9ce2-2776c93df7c4,2025/26,208,487702,Luca Koleosho,,3
579,b494f3b5-3cfe-4a72-b033-70c177835129,2025/26,209,167887,Josh Laurent,Josh Laurent,3
580,d2854813-72ea-4db2-b5a4-1f58d42d0e15,2025/26,210,469272,Loum Tchaouna,Loum Tchaouna,3
581,f6bc79c3-d0c9-41f1-8bb6-88d20ce94792,2025/26,211,447715,Aaron Ramsey,,3
582,4e27e291-cc12-4140-b48d-73671c8b25c8,2025/26,212,576323,Oluwaseun Adewumi,,3
583,ceabde74-5487-468d-b432-f8940c5af8e4,2025/26,213,551206,Jaydon Banel,Jaydon Banel,3
584,43e9e607-27a0-46a3-8d71-2ced0f01a9fa,2025/26,214,437748,Mike Trésor Ndayishimiye,Mike Trésor,3
585,556508c1-c458-487f-859f-5ecb7a845062,2025/26,215,431639,Zian Flemming,Zian Flemming,4
586,f3c4d980-7893-46c2-b459-47f43451dad7,2025/26,216,492831,Zeki Amdouni,,4
587,7d544fd0-af52-4656-ace1-4b683c3a2ff4,2025/26,217,435973,Lyle Foster,Lyle Foster,4
588,842b8fac-de5b-4fec-af54-364f3d7cd0f7,2025/26,218,44699,Ashley Barnes,Ashley Barnes,4
589,0951e249-0fa6-4e11-9e2d-d1d2156f8c7f,2025/26,219,220598,Michael Obafemi,,4
590,daccf845-69c5-45a4-ac54-e344ba2e8ece,2025/26,722,216055,Florentino Ibrain Morris Luís,Florentino Luís,3
591,63a1e33c-d7ef-4511-8798-9e574cfd7ccf,2025/26,776,647960,Oliver Pimlott,,3
592,eb440bb2-7556-470e-9dbe-618751a5494a,2025/26,784,704232,George Brierley,,3
593,c77da048-8150-4fbf-8384-899e1a9df8b4,2025/26,820,644593,Kian McMahon-Brown,,3
594,751e7d9e-fd20-4d31-9e3c-5f8102f2d7c9,2025/26,74,494521,Adrien Truffert,Adrien Truffert,2
595,56d2f6c5-0d4d-4a66-ae82-533f51b35299,2025/26,76,518906,Owen Bevan,,2
596,c7528804-9623-4bdb-ad85-0f62c8d857c4,2025/26,100,560262,Junior Kroupi,Eli Junior Kroupi,4
597,96208a93-4ee8-40f6-a03c-a2f5d26c2388,2025/26,685,242882,Bafodé Diakité,Bafode Diakite,2
598,45af936c-cd99-491c-b5c6-905c20a14ba7,2025/26,697,489888,Amine Adli,Amine Adli,3
599,8a23bf48-4959-4df0-a5f8-f77f853305b0,2025/26,713,551483,Álex Jiménez Sánchez,Alejandro Jiménez,2
600,c6e10f61-8f06-4028-8d03-fe524e615dee,2025/26,721,620487,Veljko Milosavljevic,Veljko Milosavljevic,2
601,522190bc-90c2-410d-85fd-e3e77951843c,2025/26,756,678552,Malcom DaCosta,,3
602,b5913531-8486-40c3-bfea-b0243a1ff115,2025/26,799,658013,Charlie Stevens,,3
603,487f0e75-49d1-4ab9-afe1-0bd8ecd1a25d,2025/26,801,614574,Alex Tóth,Alex Tóth,3
604,de6141f8-37cb-4837-84d5-12f916f5e8dd,2025/26,806,436416,Christos Mandas,,1
605,0fcb35d0-9ca4-4e84-ae2e-8fb6afb802ef,2025/26,807,499604,Rayan Vitor Simplício Rocha,Rayan,3
606,21f95d65-4e8e-4bca-9cf9-b538ac33b2bd,2025/26,102,235448,Ellery Balcombe,,1
607,73b82181-685e-4e83-aec5-17d2036a8ebc,2025/26,103,503300,Matthew Cox,,1
608,06a7455e-20c3-4c63-8b9f-ba883dd303a2,2025/26,115,612534,Benjamin Fredrick,,2
609,fe1675f8-b283-4a0b-b6ae-ac6b2d6c5eca,2025/26,122,543295,Antoni Milambo,Antoni Milambo,3
610,ce96ad9b-997d-46d3-a93d-4cb784f16ad1,2025/26,124,56979,Jordan Henderson,Jordan Henderson,3
611,0b7d0441-160a-4c1b-84bb-e6cea29184b5,2025/26,130,606689,Romelle Donovan,Romelle Donovan,3
612,d41f09ef-6f87-4cc1-9f1a-ee796af3d065,2025/26,797,593174,Kaye Furo,,4
613,844e8fb4-8934-482c-b81a-1971b2bbd95c,2025/26,810,559610,Luka Bentt,,3
614,743e28fa-6d1f-44e8-a594-c903f011ae8f,2025/26,819,494556,Ollie Shield,,2
615,7dae3789-efe3-4b18-8337-da34318d94f5,2025/26,823,649240,Joshua Stephenson,,2
616,8b62be21-84f4-402b-82dc-dc61764f013e,2025/26,824,587433,Conor McManus,,2
617,652842ef-86ad-4d96-acb9-ad34f7f6af7a,2025/26,826,547671,Riley Owen,,3
618,5daf2c6c-97ba-41a1-96ae-09570f44f903,2025/26,140,209288,Tom McGill,,1
619,bfc67171-cbc5-49fb-81b9-ee7120af739d,2025/26,142,240514,Kjell Scherpen,,1
620,25e894d5-5fe6-4e70-9231-eb41f5fd051f,2025/26,143,204120,Olivier Boscagli,Olivier Boscagli,2
621,013d5efd-ec7a-483b-be9f-0a514707655a,2025/26,144,550090,Diego Coppola,Diego Coppola,2
622,75dcd00b-3ea1-42da-bb8a-25dbb04a0866,2025/26,145,465730,Maxim De Cuyper,Maxim De Cuyper,2
623,2dd3ddd4-7a02-47b2-a523-352b8f31f216,2025/26,156,547720,Charlie Tasker,,2
624,db100fc4-014e-4885-821d-e58e75ba7b2a,2025/26,165,516211,Abdallah Sima,,3
625,c6677205-fea4-4d34-a658-598ec89e3c2f,2025/26,172,549074,Tom Watson,Tom Watson,3
626,9858f4ff-8524-4a7a-a918-b885dbbe672e,2025/26,174,611695,Malick Yalcouyé,,3
627,d8b398a5-c466-4f3e-82c1-3b674cffb7c8,2025/26,180,608181,Stefanos Tzimas,Stefanos Tzimas,4
628,78b49aa9-73ed-4667-89db-8fd7b6a24104,2025/26,181,647850,Charalampos Kostoulas,Charalampos Kostoulas,4
629,13be3147-4bef-4613-8472-82b94f305fcd,2025/26,744,556637,Nehemiah Oriola,Nehemiah Oriola,3
630,c395b9a2-45d9-49af-b107-70fdf588034d,2025/26,761,604988,Freddie Simmonds,,2
631,3a760bdc-2151-45df-b3e4-518c0d97e81d,2025/26,795,597320,Harry Howell,Harry Howell,3
632,df2e5ec0-960b-42e4-b9c4-2d0593b49273,2025/26,222,549939,Mike Penders,,1
633,9c195ceb-7acc-4b9d-a707-cd4ac3340f07,2025/26,223,471798,Gabriel Słonina,,1
634,e51d19df-18b0-4a28-8c3b-ea5d199f2252,2025/26,231,574458,Mamadou Sarr,Mamadou Sarr,2
635,faf51dbf-9abf-4c45-8be3-01866db48561,2025/26,238,624773,Estêvão Almeida de Oliveira Gonçalves,Estêvão,3
636,07b70ca9-5991-4de8-91e1-48a13b9a2533,2025/26,239,463936,Jamie Bynoe-Gittens,Jamie Bynoe-Gittens,3
637,703cf6e8-6b6f-43e6-bb9e-10415ec3bc79,2025/26,247,491007,Dário Luís Essugo,Dário Essugo,3
638,b71957d8-d91d-462e-bbe3-a2404e270c3b,2025/26,248,611134,Kendry Páez Andrade,,3
639,aae806e0-9c1d-434e-a9db-1e5f5787b3f0,2025/26,672,551210,Jorrel Hato,Jorrel Hato,2
640,4521be15-24bd-4fbd-9440-5b6416d61b11,2025/26,743,611912,Landon Emenalo,,3
641,3bd16c1f-a031-44b4-a50c-b6ba1805f7ed,2025/26,789,518335,Max Merrick,,1
642,8cadc27c-78e8-42f7-998c-adecb9719d31,2025/26,803,499857,Teddy Sharman-Lowe,,1
643,2cc3182b-648a-462b-ae1c-b6e3029764fc,2025/26,829,619734,Jesse Derry,,3
644,29da4cc1-15b0-4153-b967-eca492bc9160,2025/26,833,671606,Mathis Eboué,,3
645,68142031-e47a-4b3f-aa62-8fc82cfabcb7,2025/26,834,616286,Ryan Kavuma-McQueen,,3
646,110b5e40-012d-40a1-a4f6-7a8dd3577e32,2025/26,254,121709,Walter Benítez,Walter Benítez,1
647,9d4c256f-4e58-48e8-85b9-3220349b124f,2025/26,259,218364,Borna Sosa,Borna Sosa,2
648,844f4bef-b076-4494-a416-6620adc76b35,2025/26,677,485337,Evann Guessand,Evann Guessand,3
649,563ea4ef-6a1c-4f5c-83cf-f5df6b946cc0,2025/26,690,590014,Rio Cardines,,3
650,d60ca0b4-6c07-4e7e-9dd6-1a8f5bb807cc,2025/26,712,488024,Yéremy Pino Santos,Yeremi Pino,3
651,e8542eaf-c756-4ee5-9398-365773676f59,2025/26,723,651426,Jaydee Canvot,Jaydee Canvot,2
652,0da7cad4-0eda-42bd-8235-fddd42a644ef,2025/26,732,660392,Christantus Uche,Christantus Uche,4
653,4696ed36-622a-46dd-ae4a-f44988d9f0ab,2025/26,762,672492,Joél Drakes-Thomas,Joél Drakes-Thomas,3
654,467d16d7-91c1-4e76-87ed-08fff566b19f,2025/26,773,643426,Dean Benamar,,2
655,6774c343-7a31-4046-9f75-d8368d985e16,2025/26,780,631106,Ben Casey,,4
656,4872d622-de0b-477e-82ce-ab2619781460,2025/26,793,591384,George King,,2
657,960e06c6-602d-4b33-b050-428df9c4fd05,2025/26,798,502988,Danny Imray,,2
658,950142b2-44d2-4f2b-a3fc-36ee6934d69f,2025/26,289,447325,Harry Tyrer,,1
659,81fc2872-eb98-4f18-afed-6013f0bc66a1,2025/26,298,474907,Reece Welch,,2
660,49b2de31-efe5-4781-8658-8ef59262a45d,2025/26,310,586309,Thierno Barry,Thierno Barry,4
661,a1d3fbc5-6afa-4331-a53c-01fd44bddd7c,2025/26,667,499300,Adam Aznou,,2
662,61fd040a-2a9b-4046-bf92-682d3b5ee405,2025/26,704,461446,Tyler Onyango,,3
663,fd6b0bfa-e94a-4356-8849-6e503548ef11,2025/26,705,491745,Elijah Campbell,,2
664,74591a67-54a5-4eaa-bec2-37a0b6ba973e,2025/26,728,513466,Merlin Röhl,Merlin Röhl,3
665,a60aea8e-bf25-4dd9-8d15-eef355251f1e,2025/26,779,629068,Braiden Graham,,4
666,299dfcf6-8fe4-418c-8c6f-3903d20c4779,2025/26,664,86873,Benjamin Lecomte,,1
667,01b1421f-9874-4630-a023-e175c6c710d1,2025/26,727,218328,Samuel Chukwueze,Samuel Chukwueze,3
668,2c5e3c83-a97a-486a-8107-dcfb3f27e0a5,2025/26,731,560552,Kevin Santos Lopes de Macedo,Kevin,3
669,44ba52ac-2afe-4eb4-83b0-492817ba10b1,2025/26,737,631786,Jonah Kusi-Asare,Jonah Kusi-Asare,4
670,0410c4b4-c5ae-4964-9c28-23c0514a101b,2025/26,770,619536,Seth Ridgeon,,3
671,7d302ab3-7eb6-479f-91dc-0cbe50fe9418,2025/26,786,505079,Alfie McNally,,1
672,f6bc9a94-bd54-4442-a82b-ff3618209116,2025/26,339,437495,Illan Meslier,,1
673,f811b131-bd7c-4398-b921-a5a5799561a2,2025/26,340,97846,Alex Cairns,,1
674,bfa7b9dc-bd5a-4874-8671-c0ed83dfeb0c,2025/26,341,59735,Karl Darlow,Karl Darlow,1
675,a2802682-bc33-4a6b-b2c1-724a93d6830e,2025/26,342,226182,Jayden Bogle,Jayden Bogle,2
676,2dd169d2-509a-4993-ba91-6349e20df845,2025/26,343,222694,Pascal Struijk,Pascal Struijk,2
677,a4512a38-c9e8-4276-8cae-77d2afe58aa6,2025/26,344,434752,Jaka Bijol,Jaka Bijol,2
678,0be24c77-a34a-4723-a43a-b959d525f313,2025/26,345,437738,Sebastiaan Bornauw,Sebastiaan Bornauw,2
679,2730357e-9a2a-4b63-ae77-345a50627fca,2025/26,346,113564,Sam Byram,Sam Byram,2
680,08cab054-adb9-4f26-9e36-9f18897f3b16,2025/26,347,243526,Gabriel Gudmundsson,Gabriel Gudmundsson,2
681,2145cb57-1e29-45d2-bcce-4cd84f6243b5,2025/26,348,214225,Joe Rodon,Joe Rodon,2
682,66763589-c3aa-486e-a6a4-ff7de250212e,2025/26,349,492368,Isaac Schmidt,,2
683,469b1e86-8e93-4bb9-8bd0-fd9ddcb1075f,2025/26,350,427637,Brenden Aaronson,Brenden Aaronson,3
684,61ca5bdd-7e14-447c-8e47-54b3349e7b09,2025/26,351,492859,Wilfried Gnonto,Wilfried Gnonto,3
685,8d8f7c6c-be45-45ff-8d3b-b9ae64e07b9e,2025/26,353,200617,Daniel James,Daniel James,3
686,7b5cc5b5-7aae-4a8d-9ed1-e567f802cc6a,2025/26,354,199598,Ethan Ampadu,Ethan Ampadu,3
687,d038aa1f-d61b-4957-ae14-813f44862f63,2025/26,355,248937,Sam Greenwood,,3
688,f61fc53a-22f9-4be7-9679-f9db4c5516d2,2025/26,356,486520,Ilia Gruev,Ilia Gruev,3
689,a78de008-6ea6-4db6-88fc-94b74016f042,2025/26,357,433952,Largie Ramazani,,3
690,f5980244-5e18-4a4d-99d0-95cf10b83b4d,2025/26,358,248056,Tanaka Ao,Ao Tanaka,3
691,20b2400f-41ec-4778-8975-36a3caa497ba,2025/26,359,536119,Charlie Crew,,3
692,534c4433-20e0-4a65-a210-f561bb424741,2025/26,360,462635,Joe Gelhardt,,3
693,4c156eaf-44c1-468d-9757-35331d66ebe7,2025/26,361,470294,Darko Gyabi,,3
694,44fe132a-5fa0-4510-9433-1457a994a5a8,2025/26,362,235826,Joël Piroe,Joël Piroe,4
695,3c3d363f-5a99-4862-818f-330ad7a70482,2025/26,363,106617,Patrick Bamford,,4
696,3f7d4955-3c72-41cb-a9d5-b304175a295f,2025/26,364,565297,Mateo Joseph Fernández-Regatillo,,4
697,f1b76ad1-eb2c-4609-8e11-c4c75a9c0b5d,2025/26,365,174594,Lukas Nmecha,Lukas Nmecha,4
698,af06eb0f-d679-4b50-b0e1-14cab602991d,2025/26,660,466525,Anton Stach,Anton Stach,3
699,342c7c81-08f2-4ead-a6e9-eeb112ad9d48,2025/26,665,201595,Lucas Estella Perri,Lucas Perri,1
700,388f57c9-3041-47f7-8b9a-e517164d0b7b,2025/26,698,435997,Noah Okafor,Noah Okafor,3
701,9fa07b42-5eab-47dd-adea-14e198ee9c94,2025/26,741,600882,Harry Gray,,4
702,db1fc670-1800-46cf-9e4b-52a48c7cd414,2025/26,787,565863,Sam Chambers,,3
703,339b006a-a61c-499f-844e-2c386bcb912e,2025/26,837,643970,Jayden Lienou,,2
704,5cc0d215-d5d4-45b3-af5b-bd01530e0311,2025/26,838,577978,Rhys Chadwick,,3
705,8c7bf2ec-b723-4cee-b203-717a8f6af630,2025/26,839,592740,Alfie Cresswell,,3
706,64b1a57c-753c-4b0e-9c5f-86bbaaa374a4,2025/26,367,449027,Giorgi Mamardashvili,Giorgi Mamardashvili,1
707,c50eefc4-0ce3-4575-83aa-7f746377fb98,2025/26,368,586268,Ármin Pécsi,,1
708,84d38cc9-bc39-4672-8b53-faf8a5100a96,2025/26,369,155503,Freddie Woodman,Freddie Woodman,1
709,85aac69a-bc63-40d0-8755-354a03fd69aa,2025/26,370,216094,Jeremie Frimpong,Jeremie Frimpong,2
710,4c6a6f18-c1ea-455d-954f-c922e26a2530,2025/26,380,489580,Calvin Ramsay,,2
711,327e3d79-232d-4484-b1f1-43aaa0942e81,2025/26,382,494595,Florian Wirtz,Florian Wirtz,3
712,84b69e98-390d-476c-9d22-4fff6ced5ad0,2025/26,661,510663,Hugo Ekitiké,Hugo Ekitike,4
713,26e44f55-b45e-40e6-9e19-ae50bd7ef048,2025/26,686,611922,Rio Ngumoha,Rio Ngumoha,3
714,391904fa-ad1d-4b28-9d9a-6dd11809b9e5,2025/26,692,647681,Giovanni Leoni,,2
715,b60acbd9-f275-486a-adcb-1605a7034843,2025/26,746,596042,Kieran Morrison,,3
716,4ec14890-71ba-4e28-af6c-00ce47c8410a,2025/26,760,519440,Wellity Lucky,,2
717,ab475111-a65b-495f-891c-d90a71aa0489,2025/26,830,677945,Will Wright,,4
718,abb828d9-75cb-46c0-a5cd-3d4917f6da5e,2025/26,832,718875,Talla Ndiaye,,2
719,72c2916b-461c-41b9-aad4-0cfbd4866cc5,2025/26,182,432720,James Trafford,James Trafford,1
720,a9964c35-21a3-4eff-a609-0b960532b723,2025/26,417,466052,Rayan Cherki,Mathis Cherki,3
721,48976bbe-e0a6-4695-b993-e2231c2bddfe,2025/26,427,433036,Tijjani Reijnders,Tijjani Reijnders,3
722,008f6059-3542-4558-8535-60c083e77012,2025/26,428,566164,Sverre Nypan,,3
723,da4d28b6-6b8e-41c9-b410-11fd8543dfb8,2025/26,736,204936,Gianluigi Donnarumma,Gianluigi Donnarumma,1
724,2acd128c-7464-4303-aba2-44a9f4c8cd47,2025/26,739,590039,Divine Mukasa,Divine Mukasa,3
725,948b65ef-e9d3-403a-87af-0473b44c428d,2025/26,740,566213,Stephen Mfuni,,2
726,b695d829-61fd-4513-8199-4ab553767fb5,2025/26,742,616288,Ryan McAidoo,,3
727,71e87d67-e5e2-42ae-bc39-bf79a1f6fb34,2025/26,763,516234,Charlie Gray,,3
728,54468bd1-fd06-4348-9c84-3166c4cf40a8,2025/26,764,580921,Reigan Heskey,,3
729,2d43fc58-918d-4162-ab81-ca56878f2e46,2025/26,435,461537,Dermot Mee,,1
730,3b9090fd-c44a-4113-b1be-4e97fb690015,2025/26,439,661712,Diego León Blanco,,2
731,85119164-5ae7-4f6f-80b1-092a42162193,2025/26,681,485711,Benjamin Sesko,Benjamin Sesko,4
732,bb7748e2-2ef7-4421-8859-c247f34a47c3,2025/26,733,465247,Senne Lammens,Senne Lammens,1
733,a455a99c-7d01-45c4-a87b-9a60e64d8d46,2025/26,755,576628,Shea Lacey,Shea Lacey,3
734,ff5ce571-a1e3-41d5-b275-b30305063708,2025/26,769,576620,Bendito Mantato,Bendito Mantato,3
735,bd8e0743-5b08-4f54-8d1e-c20451e3ded3,2025/26,771,519913,Tyler Fletcher,Tyler Fletcher,3
736,1fc7bcd4-95a7-4375-8fc6-717d8724ae57,2025/26,827,576634,Jim Thwaites,,3
737,ebb5d965-7b31-4fcd-b112-cec4474abe3e,2025/26,471,81441,Mark Gillespie,,1
738,1e94f3f7-b3a9-4a9b-908e-efdca4903a94,2025/26,482,441024,Harrison Ashby,,2
739,e48f8c8d-4ddd-47fe-8ded-e1c27e46b2c4,2025/26,492,640108,Antoñito Cordero Campillo,,3
740,c8edcf75-9425-4ebc-90b1-3bf2f679e115,2025/26,501,599303,Sean Neave,,4
741,ef6b540e-642d-4b54-95d8-a1c563ddd79e,2025/26,684,465642,Malick Thiaw,Malick Thiaw,2
742,dd466680-ba84-408d-89b0-c7e483d597b3,2025/26,689,623110,Seung-Soo Park,,3
743,c04f867b-36d2-434d-a473-384c086a4651,2025/26,714,470313,Nick Woltemade,Nick Woltemade,4
744,bdbd5de0-b151-4a6f-9e5e-a46bc128c8f0,2025/26,765,553746,Leo Shahar,,2
745,0724a32b-dee2-4dc8-aeef-99df3f5c293f,2025/26,772,666607,Sam Alabi,,3
746,c62d4152-8c36-4bc7-87f3-320f6f7092bf,2025/26,509,451432,David Mota Veiga Teixeira do Carmo,,2
747,7cbdcb07-d703-40df-98b5-5e101234a66e,2025/26,510,575458,Jair Paula da Cunha Filho,Jair,2
748,e8567870-86fe-4347-8ba0-117b5faaab95,2025/26,524,495161,Marko Stamenić,,3
749,f54fb77a-5b11-4bc9-826b-aaa232a30ff1,2025/26,526,482973,Igor Jesus Maciel da Cruz,Igor Jesus,4
750,45f173af-3825-4fe8-a590-5d88bd90b2c4,2025/26,669,456512,Dan Ndoye,Dan Ndoye,3
751,7aec56ec-d366-4387-8805-091972b29540,2025/26,675,107265,Angus Gunn,Angus Gunn,1
752,62bd7bd2-92b2-48fb-8a6a-117defecfe5e,2025/26,696,465680,Arnaud Kalimuendo,Arnaud Kalimuendo Muinga,4
753,4147179e-ef8a-4411-90ae-c1e6f013aab9,2025/26,715,221389,John Victor Maciel Furtado,John Victor,1
754,492147bd-d7b8-464e-9e3b-af7bb5a4a224,2025/26,716,500151,Nicolò Savona,Nicolò Savona,2
755,e2bc2802-2f16-4e94-8238-7d3f8ac255c0,2025/26,729,560441,Luis Eduardo Soares da Silva,,2
756,440cb15b-01cb-471a-a5d8-92ce0759188d,2025/26,734,476887,Dilane Bakwa,Dilane Bakwa,3
757,5475cca1-baf6-4309-a30c-584b716f39d2,2025/26,805,469130,Lorenzo Lucca,Lorenzo Lucca,4
758,99f870a9-636c-448f-b815-32781c98a884,2025/26,814,470315,Luca Netz,Luca Netz,2
759,128d3053-fc28-44af-b0d8-2a235f95a35e,2025/26,835,568159,Archie Whitehall,,3
760,1a6336d2-5c95-42e9-aef2-3500c474ac39,2025/26,836,590040,Jimmy Sinclair,,3
761,a4685873-562e-4e63-8bd6-d964a8342518,2025/26,841,687076,Lamin Sillah,,4
762,6c23d615-5f8e-4b9e-9c94-ce4a37ac31be,2025/26,528,232571,Anthony Patterson,,1
763,75420585-e994-4f50-ac88-3a0a6cd67521,2025/26,529,74854,Simon Moore,,1
764,2912cab1-b49c-427d-a2f3-46c96d4ca77e,2025/26,530,490000,Blondy Nna Noukeu,,1
765,4a0710a2-b07d-4519-9416-714f8642b646,2025/26,531,223827,Daniel Ballard,Dan Ballard,2
766,5d9ac816-8619-4d2f-b167-9f64ea8e0180,2025/26,532,487676,Trai Hume,Trai Hume,2
767,11c5fb5d-554f-46d4-a3f0-43103e82d6b4,2025/26,533,220684,Aji Alese,,2
768,2441d011-1e93-4a32-b7d0-1418f1a9594d,2025/26,534,232820,Joe Anderson,,2
769,4711c6c7-796d-4590-8718-5c0c137bf953,2025/26,535,461195,Dennis Cirkin,Dennis Cirkin,2
770,e3f07bf9-da8a-47b0-b7ea-10e99cb1c7ed,2025/26,536,477547,Leo Fuhr Hjelde,,2
771,f0ffe8c3-0d4c-4896-a6bf-6698f03b7745,2025/26,537,492066,Niall Huggins,,2
772,ba823f3c-13c6-4954-bf15-7d17a0c1dd9f,2025/26,538,514613,Zak Johnson,,2
773,bc328d2f-bd7c-4e75-9a00-4cc0beb398fe,2025/26,539,167512,Luke O'Nien,Luke O'Nien,2
774,2e17063c-4c61-48a4-9071-8656d80b8d86,2025/26,540,465702,Timothée Pembélé,,2
775,a5326f15-e26f-435d-8afa-4162227a9125,2025/26,541,434399,Reinildo Mandava,Reinildo,2
776,de2f7a1e-0cd0-4e31-a0ac-339781606f30,2025/26,542,519634,Jenson Seelt,Jenson Seelt,2
777,bbbc56f9-32e4-49c6-9feb-a3468e1c684f,2025/26,544,547027,Habib Diarra,Habib Diarra,3
778,ba096756-1a44-4b69-b556-cc908f90bc45,2025/26,545,124165,Patrick Roberts,Patrick Roberts,3
779,240bccd6-3440-49d9-b4b6-42c0155ae6f5,2025/26,546,626844,Milan Aleksić,,3
780,d4219aa9-a443-42da-a605-2fdf63d60e9d,2025/26,547,484420,Enzo Le Fée,Enzo Le Fée,3
781,b8cc856e-9652-4708-8371-9de05b04f0ee,2025/26,548,461199,Romaine Mundle,Romaine Mundle,3
782,068b1f72-1d9f-4053-8da4-1f5f9db3d9ca,2025/26,549,223336,Dan Neil,Dan Neil,3
783,a228ca2d-32c8-45e6-8063-6e6b888eb965,2025/26,550,215460,Ian Poveda-Ocampo,,3
784,664c3d00-a241-494d-9293-817fabf72bd2,2025/26,551,554197,Chris Rigg,Chris Rigg,3
785,e102e6cf-97e9-42b1-854a-56adc897ff0f,2025/26,552,577669,Noah Sadiki,Noah Sadiki,3
786,6200c731-d783-4738-821f-bf7faead0e61,2025/26,553,549912,Chemsdine Talbi,Chemsdine Talbi,3
787,eb844860-49db-4984-a05d-0b0e30d7371f,2025/26,554,477851,Abdoullah Ba,,3
788,e03467ef-1c66-4910-a2b5-4cfe0992c55e,2025/26,555,171422,Alan Browne,,3
789,553cf544-4aaa-445d-9c2d-5a34bbc631e9,2025/26,556,458297,Pierre Ekwah Elimby,,3
790,354368e9-44f7-498c-aa89-35d943e3709b,2025/26,557,547410,Harrison Jones,,3
791,0012a9df-b0af-4082-90a5-869320cc273a,2025/26,558,493837,Jay Matete,,3
792,0772d2e7-67aa-4543-8045-03d7408dd2ea,2025/26,559,500696,Nectarios Triantis,,3
793,e6c49be6-27e1-42ce-bc31-fdf83587c25c,2025/26,560,437505,Wilson Isidor,Wilson Isidor,4
794,05d1cd37-3413-413e-a5fd-39e6399b4b6d,2025/26,561,564406,Eliezer Mayenda Dossou,Eliezer Mayenda,4
795,5ba36b87-0826-4e5e-a854-754167085581,2025/26,562,611975,Ahmed Abdullahi,,4
796,c9182152-dade-4124-a3b4-35ca86288c6c,2025/26,563,551153,Luís Hemir Silva Semedo,,4
797,3705b102-1562-4193-bcc4-8311d85fae1a,2025/26,564,440955,Nazarii Rusyn,,4
798,b37ab2f2-36b1-4b02-bfe1-5cf9b94756b1,2025/26,668,84450,Granit Xhaka,Granit Xhaka,3
799,53719956-8c27-4a5d-8dc9-c13ba9c77e3a,2025/26,670,498016,Robin Roefs,Robin Roefs,1
800,e560e6c4-b226-4e09-9305-e0f0f89ec7c8,2025/26,678,105717,Arthur Masuaku,Arthur Masuaku,2
801,640f552c-5304-4212-a861-92b6428b71ad,2025/26,683,201895,Omar Alderete,Omar Alderete,2
802,32c9ecd1-ba4e-448e-91d8-2e503e65b2e8,2025/26,694,200834,Nordi Mukiele,Nordi Mukiele,2
803,320c3b76-7ee1-42cc-a9c7-a54804af8ddd,2025/26,724,247955,Lutsharel Geertruida,Lutsharel Geertruida,2
804,d2aa0676-ff0a-49eb-92f9-d4bae6c7c62e,2025/26,730,441264,Brian Brobbey,Brian Brobbey,4
805,a49eec77-b57e-4882-a728-48590b2139d2,2025/26,735,110504,Bertrand Traoré,Bertrand Traoré,3
806,33bbd9f6-6965-4b86-b586-b594340bd213,2025/26,774,232356,Jenson Jones,,2
807,9352800b-9bac-479e-833e-9356775ab624,2025/26,775,604211,Tymur Tutierov,,3
808,7c358e50-fa29-4835-ac10-5d6ee8468bc0,2025/26,800,699989,Djiamgone Jocelin Ta Bi,Djiamgone Jocelin Ta Bi,3
809,2203a9c7-e0af-4fae-9246-040b64f08202,2025/26,812,515046,Melker Ellborg,Melker Ellborg,1
810,f40d8384-4acc-4821-bd89-10a1474e0227,2025/26,813,536661,Nilson Angulo,Nilson Angulo,3
811,33d26514-c254-46a5-a204-3edc654ad7a1,2025/26,821,570929,Jack Whittaker,,3
812,2b1150fd-f2a5-480f-90d2-7de6a0ed51d2,2025/26,822,571087,Jaydon Jones,,3
813,895f52bd-21ff-4984-b8ff-1da590f0f6d6,2025/26,577,553299,Takai Kōta,,2
814,918248bd-6402-486f-a13a-0f4250427ee7,2025/26,578,610799,Luka Vušković,,2
815,5f86cb6b-ae70-4315-8d4b-ba0bf1882b9f,2025/26,673,154296,João Maria Lobo Alves Palhares Costa Palhinha Gonçalves,João Palhinha,3
816,608f0e7e-848a-4d91-a61f-c97d4916834c,2025/26,717,493362,Xavi Simons,Xavi Simons,3
817,077808be-c653-4c78-ae95-999d586127c5,2025/26,726,247693,Randal Kolo Muani,Randal Kolo Muani,4
818,34bb5bca-8ae3-4ddb-8361-41da8c3dc2c3,2025/26,745,640419,Jun'ai Byfield,Jun'ai Byfield,2
819,b5a7034d-e9e5-4cd8-839a-22efab30c311,2025/26,750,499716,James Rowswell,James Rowswell,2
820,27ef929f-dc05-43ae-b7a3-b1e79f21b545,2025/26,751,590035,Yusuf Akhamrich,,3
821,538499c9-8845-4af1-9ba4-20c8f37dff9a,2025/26,804,616221,João Victor de Souza Menezes,Souza,2
822,7327cc8d-a821-456b-946c-dd5374f643eb,2025/26,811,536134,Rio Kyerematen,,3
823,d1f67d0d-11a3-4d82-a60b-90f0479f0e50,2025/26,818,613232,James Wilson,,4
824,b5cd5a56-41f7-4134-853f-62dff3140ddd,2025/26,602,483364,Krisztián Hegyi,,1
825,47d990fb-4762-441d-9981-5afd8ed15938,2025/26,603,613804,El Hadji Malick Diouf,El Hadji Malick Diouf,2
826,97976de7-0e71-4bfd-a2d9-87c80343f187,2025/26,623,490142,Freddie Potts,Freddie Potts,3
827,1474abcc-b607-4ad4-a5ac-61315e2e36d6,2025/26,626,565431,Callum Marshall,Callum Marshall,4
828,8daad36b-7102-4288-85f6-67531e40d176,2025/26,718,564940,Soungoutou Magassa,Soungoutou Magassa,3
829,76655ede-839c-47b5-a12a-de89ce660f33,2025/26,752,643473,Airidas Golambeckis,,2
830,9c938ca6-ca55-4cd8-a941-e48dfd05cc84,2025/26,758,630699,Mohamadou Kanté,Mohamadou Kanté,3
831,f6b5bcd7-a984-492a-a100-a71b5fbc1622,2025/26,785,530335,Pablo Felipe Pereira de Jesus,Pablo,4
832,88fc83b5-bf09-4936-8834-f9d9d476350d,2025/26,791,247670,Valentín Castellanos,Valentín Castellanos,4
833,6847702c-365b-4701-b202-70d7b140e906,2025/26,802,572702,Keiber Lamadrid,,3
834,e656fc13-f025-4478-9384-9b26fcf40b8c,2025/26,825,553742,Finlay Herrick,,1
835,38938b13-e94e-4d1b-9a66-57cc4a59849f,2025/26,645,643135,Fer López González,Fernando López,3
836,a5410f19-37f7-4f7c-8fea-3801901f8d58,2025/26,663,230376,Jhon Arias,Jhon Arias,3
837,93faf8ab-dc87-4b45-9d60-dd1aa1dc1a6a,2025/26,682,497949,David Møller Wolfe,David Møller Wolfe,2
838,640ab1dd-d21b-4a35-94ff-a15d8778a6df,2025/26,695,523705,Jackson Tchatchoua,Jackson Tchatchoua,2
839,d938f509-22b2-42c4-8a7b-38c0a2557740,2025/26,709,431248,Ladislav Krejcí,Ladislav Krejcí,2
840,3cefae93-5bb1-490c-b1a5-8033f33fb092,2025/26,720,488213,Tolu Arokodare,Tolu Arokodare,4
841,d84b9e5b-c325-4493-a7f0-508cdb7eff97,2025/26,766,601956,Saheed Olagunju,,2
842,c8f02a4a-57c7-40dc-bcfc-211079c6a04c,2025/26,767,605319,Luke Rawlings,,3
843,af80dc86-4ab4-4d2d-942c-fad5285fc083,2025/26,777,514362,Temple Ojinnaka,,3
844,fc0a2c59-4da8-4694-b676-b23c1709857e,2025/26,778,589121,Ethan Sutherland,,3
845,05aaece7-7936-476f-b24f-d773e9f536c7,2025/26,809,685628,Jerome Abbey,,3
846,c62e7cd9-965a-4a3a-9647-229ae006068b,2025/26,816,209041,Angel Gomes,Angel Gomes,3
847,a73e128b-3fe2-4723-8273-3871b0f388af,2025/26,828,491460,Alfie Brooks,,1
848,24830da7-016e-4f23-a67d-75d1737e8938,2025/26,831,627888,Josh Gracey,,1
849,0c265a4a-81e6-46d2-b15f-1160dc3515ea,2025/26,39,578545,Kosta Nedeljkovic,Kosta Nedeljkovic,2
850,4e9c70cd-90c8-4a6b-b724-f5ea42ed012d,2025/26,177,465390,Kaine Kesler-Hayden,,2
851,7183ccec-0ea9-4ec1-bc31-32c5a55bd384,2025/26,180,220583,Luke Woolfenden,Luke Woolfenden,2
852,aada56f0-7a6a-4c3f-8297-9c6560186191,2025/26,300,108813,Christian Walton,Christian Walton,1
853,605c313b-b25e-41b9-8578-b9e11a545472,2025/26,301,112520,Alex Palmer,Alex Palmer,1
854,1ea6d7fc-080b-4ca4-af8d-d56469226c16,2025/26,304,216616,Dara O'Shea,Dara O'Shea,2
855,88563d26-fdb6-4255-8558-cd35401b1e47,2025/26,305,455084,Leif Davis,Leif Davis,2
856,43614d52-643f-4896-bb81-935141b2adf1,2025/26,306,449429,Jacob Greaves,Jacob Greaves,2
857,c5cedf3c-3401-4c4a-b95a-74dcf8a51156,2025/26,307,222018,Ben Johnson,Ben Johnson,2
858,958160b8-1c1b-42f6-9926-09bd848b0439,2025/26,311,149929,Wes Burns,Wes Burns,3
859,d92e7a7e-c294-4520-91d5-da6f8f36fd0a,2025/26,312,231899,Jack Taylor,Jack Taylor,3
860,d6bb65df-f588-4aea-97a2-bcd2c3df9fed,2025/26,313,443261,Jack Clarke,Jack Clarke,3
861,7eb721cb-3e6b-4f7a-8619-396390087e74,2025/26,314,229164,Chiedozie Ogbene,Chiedozie Ogbene,3
862,79a8c4cb-57b4-4560-87e0-fb36aa54d359,2025/26,315,531442,Abdul Fatawu,Abdul Fatawu,3
863,fa56513c-1a2f-44df-9b8a-f3d0d91190db,2025/26,317,222625,George Hirst,George Hirst,4
864,4817d2cb-729d-4ed5-80b3-8ba056309bf8,2025/26,318,481624,Jaden Philogene,Jaden Philogene-Bidace,3
865,bfa1586d-9b41-4dc1-adf4-2435f827fd65,2025/26,319,172453,Sam Szmodics,Sammie Szmodics,3
866,9e499139-1482-4023-9786-1a39a293dddb,2025/26,322,462387,Ali Al-Hamadi,Ali Al-Hamadi,4
867,e9cd5ef7-9417-43f8-885e-7fbb625e5f1a,2025/26,323,461587,Kasey McAteer,Kasey McAteer,3
868,2113ea99-01a3-4d0f-ab90-8cf8d7a22b52,2025/26,354,432987,Vitezslav Jaros,Vítezslav Jaros,1
869,c3489e6f-c72b-463e-9e6b-19e3668f8c70,2025/26,355,464353,Harvey Davies,,1
870,c647944c-f0e3-49ce-82ed-353de29fbf59,2025/26,410,649208,Jeremy Monga,Jeremy Monga,3
871,a9b733b1-f28a-4ee6-9925-aacc58107500,2022/23,,,Harry Wilson,Harry Wilson,3
872,cc48ff04-fda2-4ab5-b65d-7a7fe526fb2f,2022/23,,,Moisés Caicedo,Moisés Caicedo,3
873,ae038a6e-37a4-4610-ba9e-4cb35f66b3bd,2019/20,,,Ben Mee,Ben Mee,2
874,f0a83477-9a84-415d-a7f0-c16f464ca033,2022/23,,,Mykhailo Mudryk,Mykhailo Mudryk,3
875,dc327a0e-c462-4b63-bdb0-a7def1b09ab3,2019/20,,,Craig Dawson,Craig Dawson,2
876,f6da99d0-3d76-44e8-9a59-110a23a11dce,2023/24,,,Jhon Durán,Jhon Durán,4
877,efcb34ce-b8ec-4f6e-8f4d-3f43931a54f6,2019/20,,,Tyrick Mitchell,Tyrick Mitchell,2
878,e14a60b0-c5c3-482d-9b61-01d92aeaaef5,2016/17,,,Jordan Pickford,Jordan Pickford,1
879,d1f5f863-043f-4759-adbe-9489d6df04e1,2022/23,,,James Maddison,James Maddison,3
880,830feb86-402a-4daf-affa-3f675202527d,2022/23,,,Jadon Sancho,Jadon Sancho,3
881,7f160bcd-c48f-454e-bd10-5d13e7b7a608,2020/21,,,Emil Krafth,Emil Krafth,2
882,bba082dc-e723-455d-ac6d-0d5b4006d6a5,2020/21,,,Lewis Dunk,Lewis Dunk,2
883,319633eb-126e-4558-bcbe-3f81634f4b5f,2023/24,,,Max Aarons,Max Aarons,2
884,0770e266-9633-4bd7-9e25-b218ce04a2f4,2021/22,,,Alisson,Alisson,1
885,733bd107-f236-4471-9655-f01379c1bcc5,2019/20,,,Reiss Nelson,Reiss Nelson,3
886,1a05965f-6a72-43c3-8a21-5d90201b464d,2019/20,,,Jordan Ayew,Jordan Ayew,3
887,f51c9384-294d-43c3-9361-38f350856675,2022/23,,,Abdoulaye Doucouré,Abdoulaye Doucouré,3
888,499022db-4b66-47a6-9be9-f8ba92e29786,2018/19,,,Harry Maguire,Harry Maguire,2
889,681c11ac-7e56-493e-9ca1-72f90b878d01,2023/24,,,Pedro Porro,Pedro Porro,2
890,2314bccb-dc23-4fe5-815c-e30d5e6f69cf,2022/23,,,Jannik Vestergaard,Jannik Vestergaard,2
891,fe136669-0afc-44f9-9800-1193f7670ceb,2020/21,,,Raheem Sterling,Raheem Sterling,3
892,285a763c-d124-443b-acd8-10f0b8778b8f,2016/17,,,Mason Holgate,Mason Holgate,2
893,fa56513c-1a2f-44df-9b8a-f3d0d91190db,2019/20,,,George Hirst,George Hirst,4
894,060747da-f457-488e-b411-04b14d664ddb,2020/21,,,Gabriel Martinelli,Gabriel Martinelli,3
895,f82e53d7-605b-4a3d-8ce6-b28823b60aa1,2023/24,,,Caoimhin Kelleher,Caoimhin Kelleher,1
896,1887fa3c-0dc5-448b-9cf6-a4cac5f6ae96,2016/17,,,Jonny Evans,Jonny Evans,2
897,66e81d3a-1171-4863-85cf-631953b28472,2021/22,,,Carney Chukwuemeka,Carney Chukwuemeka,3
898,83bf64c5-d053-4c9b-88a8-2fe044533999,2022/23,,,Alexander Isak,Alexander Isak,4
899,bf750c15-c9ca-42de-92cd-60fd2e5f995f,2023/24,,,Pablo Sarabia,Pablo Sarabia,3
900,3c391ec3-cacd-400c-9e80-0d013716e132,2017/18,,,Alex McCarthy,Alex McCarthy,1
901,8318a5ef-20aa-4111-a203-80bf0226adf0,2021/22,,,Jeremy Sarmiento,Jeremy Sarmiento,3
902,fa7f3fbe-f1a1-4944-a63f-c28478e8c6e7,2023/24,,,Alex Scott,Alex Scott,3
903,2456c5b8-e6c9-4ea3-9269-41f7c6216476,2023/24,,,Neco Williams,Neco Williams,2
904,e1303f74-c48f-4c2c-a6f4-d83d0b329911,2018/19,,,Ashley Young,Ashley Young,2
905,049a7ce0-2122-4c95-b21b-097e3d229319,2023/24,,,Dominic Calvert-Lewin,Dominic Calvert-Lewin,4
906,0a8ab14f-a374-4492-9acc-0a1cf2fbb119,2016/17,,,James Ward-Prowse,James Ward-Prowse,3
907,285a763c-d124-443b-acd8-10f0b8778b8f,2017/18,,,Mason Holgate,Mason Holgate,2
908,125ec0fc-cbeb-467a-8e71-8f0ada688670,2021/22,,,Nathan Collins,Nathan Collins,2
909,0f24ddb4-65f2-4527-908d-a89f91277b34,2021/22,,,Kalvin Phillips,Kalvin Phillips,3
910,f98faf93-e1aa-4c24-b12c-1140704e92eb,2023/24,,,Marcos Senesi,Marcos Senesi,2
911,3b1771d3-ae4a-4c50-8b34-023a6d337064,2021/22,,,Daniel Podence,Daniel Podence,3
912,d2f7294c-7df5-479c-9c9b-f550be9dda26,2022/23,,,Luis Díaz,Luis Díaz,3
913,bf428111-cd34-4d6e-afd6-31e7a312dc1d,2021/22,,,Diogo Dalot,Diogo Dalot,2
914,b3f99367-3da0-4c23-b896-5bb59bae87a6,2020/21,,,Jan Bednarek,Jan Bednarek,2
915,dc4e0b8b-414e-4811-ae72-8efdf9531f4d,2023/24,,,Facundo Pellistri,Facundo Pellistri,3
916,a253d98f-9eca-43f1-9015-5c8511d97c51,2021/22,,,Vitalii Mykolenko,Vitalii Mykolenko,2
917,fb90f28e-7da5-4951-9e8a-b8a35718154c,2022/23,,,Lamare Bogarde,Lamare Bogarde,2
918,7299a365-c7d3-4fae-983c-d6b980719a1d,2023/24,,,Phil Foden,Phil Foden,3
919,733bd107-f236-4471-9655-f01379c1bcc5,2020/21,,,Reiss Nelson,Reiss Nelson,3
920,423e1b12-0219-4921-9347-0631bb645a1c,2019/20,,,Joelinton,Joelinton,3
921,06c9080d-7207-41f4-a067-fa9ec2164b86,2021/22,,,Michail Antonio,Michail Antonio,4
922,95d950e0-c5f8-4046-8a5e-ec4f084f4a8c,2022/23,,,Flynn Downes,Flynn Downes,3
923,4991dc0c-e021-4050-a305-fda2b44a000e,2023/24,,,Timo Werner,Timo Werner,4
924,57d51316-9d56-4d98-9df7-f5fc936704bb,2017/18,,,Nick Pope,Nick Pope,1
925,b3f99367-3da0-4c23-b896-5bb59bae87a6,2022/23,,,Jan Bednarek,Jan Bednarek,2
926,b90def95-9562-42fd-b58c-8fac67adb479,2022/23,,,Alex Iwobi,Alex Iwobi,3
927,dc327a0e-c462-4b63-bdb0-a7def1b09ab3,2023/24,,,Craig Dawson,Craig Dawson,2
928,3858ec1b-1c61-4728-bcf3-15d955a16881,2018/19,,,Joe Willock,Joe Willock,3
929,35abb6ba-fa65-4591-b6f1-295bd4189044,2023/24,,,Dean Henderson,Dean Henderson,1
930,ae038a6e-37a4-4610-ba9e-4cb35f66b3bd,2020/21,,,Ben Mee,Ben Mee,2
931,9264f988-edf6-4115-80fe-5ab6cd0a9b04,2016/17,,,Wilfred Ndidi,Wilfred Ndidi,3
932,da40d2fc-9fb1-4653-874a-386c8feae25e,2020/21,,,Crysencio Summerville,Crysencio Summerville,3
933,d38b9de7-2bbe-426b-95e8-712c23991199,2023/24,,,Joël Veltman,Joël Veltman,2
934,f551e1b9-1b4f-4ee0-ab12-5b3d29f7f00e,2022/23,,,Jacob Ramsey,Jacob Ramsey,3
935,3f7d0d15-bae9-4443-b8fd-602d0b46e83b,2023/24,,,Wilson Odobert,Wilson Odobert,3
936,5105b215-ce6e-4494-93d2-f5aab4a3315a,2023/24,,,Christopher Nkunku,Christopher Nkunku,4
937,4a161504-a54e-4f71-980c-76258773e5ea,2023/24,,,Daniel Muñoz,Daniel Muñoz,2
938,9d100761-36fa-4c80-91ee-fa247d9a415b,2016/17,,,Axel Tuanzebe,Axel Tuanzebe,2
939,b066e645-c6a2-464e-b911-c0d83cb622ac,2023/24,,,Matt Doherty,Matt Doherty,2
940,26ad018f-7c27-46e2-af1c-493276052c85,2023/24,,,Matheus Cunha,Matheus Cunha,4
941,26eaee45-f326-409e-8d39-72d972f14e96,2020/21,,,James Tarkowski,James Tarkowski,2
942,2de4111b-3169-48a3-8e41-c9fc7e174dae,2016/17,,,Danny Welbeck,Danny Welbeck,4
943,6ccd22a5-35fa-45f0-8bb0-1fe3f642daf9,2016/17,,,Lewis Cook,Lewis Cook,3
944,6bd06b24-334f-4fdb-9746-1d98ccfcfe3f,2019/20,,,Callum Hudson-Odoi,Callum Hudson-Odoi,3
945,c932dd05-c46b-4c8e-bffd-ebc3be8f8402,2021/22,,,Matt Targett,Matt Targett,2
946,2b064b3d-3801-4f5d-b158-269afc136611,2019/20,,,Kyle Walker-Peters,Kyle Walker-Peters,2
947,003c34bb-f0e8-4fef-9e37-a09243dfdd5e,2018/19,,,Hamza Choudhury,Hamza Choudhury,3
948,bec3286a-79d9-4125-ae8e-4c789e476cd5,2020/21,,,Jacob Murphy,Jacob Murphy,3
949,64c1604f-20e8-4f70-aca6-234467915cdb,2020/21,,,Dan Burn,Dan Burn,2
950,44241170-8423-49f8-85bb-deb69ddfa48f,2021/22,,,Ethan Pinnock,Ethan Pinnock,2
951,dd74e658-57fa-4e99-ac94-889f064764fa,2023/24,,,Max Kilman,Max Kilman,2
952,ae95b84b-d709-4d69-8fce-3ad10be29f4e,2022/23,,,Luis Sinisterra,Luis Sinisterra,3
953,ef0771b9-26c5-4915-8dea-392a26f45cbe,2017/18,,,Andrew Robertson,Andrew Robertson,2
954,114c54aa-c2b2-4adf-b9e3-052f9113dfdf,2020/21,,,Willy Boly,Willy Boly,2
955,3c391ec3-cacd-400c-9e80-0d013716e132,2019/20,,,Alex McCarthy,Alex McCarthy,1
956,9ddeea34-afa6-43b2-9718-40ac87c1da54,2023/24,,,Darwin Núñez,Darwin Núñez,4
957,86e096b9-965f-4b13-bc0b-7dc91707f0d4,2023/24,,,Anthony Gordon,Anthony Gordon,3
958,0f4c04eb-d670-413f-aa27-6ebea80648cb,2023/24,,,Romeo Lavia,Romeo Lavia,3
959,85560e36-f11f-4635-b01b-aa5dbbf39dfe,2023/24,,,João Gomes,João Gomes,3
960,023da49d-2e7d-4907-9df5-f04db9b0fd41,2023/24,,,Nicolás Domínguez,Nicolás Domínguez,3
961,3706fb38-9c0f-4fa6-a4d3-69171dad0499,2020/21,,,Tomas Soucek,Tomas Soucek,3
962,21eefcd3-6c20-4e20-aebf-36f50f38fdd1,2022/23,,,Kevin De Bruyne,Kevin De Bruyne,3
963,809750fd-2ea8-4b4a-bce5-2e692aa3c335,2021/22,,,Emiliano Buendía,Emiliano Buendía,3
964,d86e3efa-0331-4d5e-94c6-ec063d3fa29e,2022/23,,,Manuel Akanji,Manuel Akanji,2
965,2fc945e5-d19c-4530-a647-863b0ea4396d,2022/23,,,Rúben Dias,Rúben Dias,2
966,4991dc0c-e021-4050-a305-fda2b44a000e,2020/21,,,Timo Werner,Timo Werner,4
967,614dca87-6771-4409-b1d4-230660704518,2023/24,,,Ibrahim Sangare,Ibrahim Sangare,3
968,8b635a0b-1d12-4fa1-ac09-216f20e4947c,2022/23,,,Kevin Schade,Kevin Schade,3
969,4eee3faa-33dc-49a8-9bd3-8a2463d975e0,2020/21,,,Kenny Tete,Kenny Tete,2
970,b4d3e76d-0620-4853-b965-d10f7cac139e,2023/24,,,Iyenoma Destiny Udogie,Iyenoma Destiny Udogie,2
971,ae553ab7-226a-49c0-827b-6652d5d1c7a0,2023/24,,,Odsonne Edouard,Odsonne Edouard,4
972,6bd06b24-334f-4fdb-9746-1d98ccfcfe3f,2023/24,,,Callum Hudson-Odoi,Callum Hudson-Odoi,3
973,1ea6d7fc-080b-4ca4-af8d-d56469226c16,2020/21,,,Dara O'Shea,Dara O'Shea,2
974,cb658622-94a6-4c72-8fc3-ee760080b729,2018/19,,,David Brooks,David Brooks,3
975,0be15e13-8da5-483c-a42e-ff087947359d,2023/24,,,Jesurun Rak-Sakyi,Jesurun Rak-Sakyi,3
976,67150f6f-4550-46e1-ab06-5be560ba9de2,2022/23,,,Taiwo Awoniyi,Taiwo Awoniyi,4
977,b066e645-c6a2-464e-b911-c0d83cb622ac,2020/21,,,Matt Doherty,Matt Doherty,2
978,c2d6123b-73fb-4d00-8e17-10e665a4d3a3,2022/23,,,Fábio Vieira,Fábio Vieira,3
979,babad0a4-ef7c-4e3c-804d-048bdc6c91d4,2023/24,,,Richarlison,Richarlison,3
980,493f278e-a61c-4a7b-bfbc-b7ae9d3926fb,2022/23,,,Joseph Gomez,Joseph Gomez,2
981,aada56f0-7a6a-4c3f-8297-9c6560186191,2020/21,,,Christian Walton,Christian Walton,1
982,eaf2f6bc-da6a-44df-96c7-714275cd1719,2022/23,,,Bukayo Saka,Bukayo Saka,3
983,e1a5293d-11cb-4154-a20c-75d19e4a3ffb,2022/23,,,Tom Cairney,Tom Cairney,3
984,f5064d39-0ef6-4eea-8795-9bfa7bcda88d,2017/18,,,Will Hughes,Will Hughes,3
985,217fc6f8-7182-4de9-b44a-3c51d0147fb9,2021/22,,,Harry Winks,Harry Winks,3
986,520b1085-6580-44d1-b65c-7132e209cb65,2022/23,,,Sasa Kalajdzic,Sasa Kalajdzic,4
987,7ec8c0ea-b6ee-431a-a977-bbde342865b4,2022/23,,,Leon Bailey,Leon Bailey,3
988,1f21671d-d143-49c8-938f-b90e1b57a10e,2019/20,,,Callum Wilson,Callum Wilson,4
989,8fc63c4c-fe1d-4ba7-b070-dc23c576cc89,2022/23,,,Gabriel,Gabriel,2
990,709d3031-90a5-4a10-ace0-73b80225cb0f,2021/22,,,Sean Longstaff,Sean Longstaff,3
991,15e3327c-f62f-4c59-a1e2-01eeabc58e9b,2022/23,,,Takehiro Tomiyasu,Takehiro Tomiyasu,2
992,7299a365-c7d3-4fae-983c-d6b980719a1d,2017/18,,,Phil Foden,Phil Foden,3
993,fd6c27e7-f130-4343-aa06-b74e8ef628fd,2022/23,,,Lucas Digne,Lucas Digne,2
994,89bd4d8a-948b-40e5-8958-5c47b1c373ec,2017/18,,,Emerson,Emerson,2
995,78b25f86-58fe-4875-b7a0-38e71d54ad53,2021/22,,,João Pedro,João Pedro,4
996,1612fa1c-cb9b-4980-837e-d768f86b0886,2023/24,,,Simon Adingra,Simon Adingra,3
997,285a763c-d124-443b-acd8-10f0b8778b8f,2023/24,,,Mason Holgate,Mason Holgate,2
998,cbbe90dd-5cf3-4eca-a595-c3165a3e994e,2022/23,,,Diego Carlos,Diego Carlos,2
999,316ae259-265d-480f-93fa-4ce0f626e8b7,2022/23,,,Eddie Nketiah,Eddie Nketiah,4
1000,8b74ab57-db22-45f4-80ce-8e5d59b3ce3b,2022/23,,,Bryan Mbeumo,Bryan Mbeumo,4
1001,2e9610c8-836f-402c-804e-0720c93a9009,2023/24,,,Guglielmo Vicario,Guglielmo Vicario,1
1002,8b74ab57-db22-45f4-80ce-8e5d59b3ce3b,2023/24,,,Bryan Mbeumo,Bryan Mbeumo,3
1003,1887fa3c-0dc5-448b-9cf6-a4cac5f6ae96,2017/18,,,Jonny Evans,Jonny Evans,2
1004,87c3b645-1b39-4ff6-8e5c-ee06dd89f269,2023/24,,,Dango Ouattara,Dango Ouattara,3
1005,4b2db969-8d0c-4c21-a939-0063ae590662,2023/24,,,Ben Chilwell,Ben Chilwell,2
1006,35be4ca9-a98f-41cc-94e9-0c54c64ef3db,2017/18,,,Charlie Taylor,Charlie Taylor,2
1007,e3a78660-310f-4ed3-b4b7-77beca004592,2023/24,,,Jefferson Lerma,Jefferson Lerma,3
1008,0770e266-9633-4bd7-9e25-b218ce04a2f4,2018/19,,,Alisson,Alisson,1
1009,06c9080d-7207-41f4-a067-fa9ec2164b86,2016/17,,,Michail Antonio,Michail Antonio,4
1010,3c643231-db3b-46f4-80f0-a33979f63288,2023/24,,,Jack Grealish,Jack Grealish,3
1011,217fc6f8-7182-4de9-b44a-3c51d0147fb9,2016/17,,,Harry Winks,Harry Winks,3
1012,d7b7e799-d34b-45a5-9e63-719d4300cb4e,2021/22,,,Danny Ings,Danny Ings,4
1013,afbf49b6-75a5-4592-ab2c-d08295a2a391,2022/23,,,José Sá,José Sá,1
1014,df9d9003-755f-4e22-99b7-58ea6b16dc24,2020/21,,,Tommy Doyle,Tommy Doyle,3
1015,d1f5f863-043f-4759-adbe-9489d6df04e1,2021/22,,,James Maddison,James Maddison,3
1016,8a0b53aa-a122-4ea8-8a32-fb80f11f2cdc,2016/17,,,Virgil van Dijk,Virgil van Dijk,2
1017,45f8df16-463f-4069-948a-36689e9398fe,2021/22,,,Nathaniel Clyne,Nathaniel Clyne,2
1018,c932dd05-c46b-4c8e-bffd-ebc3be8f8402,2020/21,,,Matt Targett,Matt Targett,2
1019,681c11ac-7e56-493e-9ca1-72f90b878d01,2022/23,,,Pedro Porro,Pedro Porro,2
1020,3b1771d3-ae4a-4c50-8b34-023a6d337064,2020/21,,,Daniel Podence,Daniel Podence,3
1021,d0f8670d-03c3-4760-8678-d391c9455f38,2023/24,,,Murillo,Murillo,2
1022,06c9080d-7207-41f4-a067-fa9ec2164b86,2022/23,,,Michail Antonio,Michail Antonio,4
1023,a5e18fe7-45fc-4d0a-a4f8-ae032850f68a,2022/23,,,Issa Diop,Issa Diop,2
1024,46b035ea-3bfc-4c19-8e64-071f99e5ea70,2023/24,,,Rico Henry,Rico Henry,2
1025,bb4f6fba-13e4-4517-94d5-33224b40e9a1,2019/20,,,Seamus Coleman,Seamus Coleman,2
1026,cab4e50f-8585-44b5-b295-fad3bc50c15b,2020/21,,,Ezri Konsa Ngoyo,Ezri Konsa Ngoyo,2
1027,cde448c3-c413-4852-ae1a-1a4fbac7e91a,2017/18,,,Ederson,Ederson,1
1028,7ec8c0ea-b6ee-431a-a977-bbde342865b4,2021/22,,,Leon Bailey,Leon Bailey,3
1029,efcb34ce-b8ec-4f6e-8f4d-3f43931a54f6,2023/24,,,Tyrick Mitchell,Tyrick Mitchell,2
1030,d7143196-0a70-47fd-8ce7-f372f88a1381,2017/18,,,Adam Lallana,Adam Lallana,3
1031,319633eb-126e-4558-bcbe-3f81634f4b5f,2021/22,,,Max Aarons,Max Aarons,2
1032,57d51316-9d56-4d98-9df7-f5fc936704bb,2021/22,,,Nick Pope,Nick Pope,1
1033,423e1b12-0219-4921-9347-0631bb645a1c,2022/23,,,Joelinton,Joelinton,3
1034,7eb721cb-3e6b-4f7a-8619-396390087e74,2023/24,,,Chiedozie Ogbene,Chiedozie Ogbene,4
1035,b6a2b8f2-e4f0-45bd-b728-1f7e74cdaf74,2023/24,,,Pau Torres,Pau Torres,2
1036,657110e7-2562-4b51-83bf-69551e37f8c1,2023/24,,,Kyle Walker,Kyle Walker,2
1037,b90def95-9562-42fd-b58c-8fac67adb479,2021/22,,,Alex Iwobi,Alex Iwobi,3
1038,396e1c5f-a102-4af3-a5b7-2d8ca2b3ef6f,2022/23,,,Alexis Mac Allister,Alexis Mac Allister,3
1039,dc327a0e-c462-4b63-bdb0-a7def1b09ab3,2022/23,,,Craig Dawson,Craig Dawson,2
1040,ac9f956e-8a1e-44c5-bada-92041eda09ef,2021/22,,,Cole Palmer,Cole Palmer,3
1041,cde448c3-c413-4852-ae1a-1a4fbac7e91a,2023/24,,,Ederson,Ederson,1
1042,afbf49b6-75a5-4592-ab2c-d08295a2a391,2021/22,,,José Sá,José Sá,1
1043,709d3031-90a5-4a10-ace0-73b80225cb0f,2023/24,,,Sean Longstaff,Sean Longstaff,3
1044,217fc6f8-7182-4de9-b44a-3c51d0147fb9,2017/18,,,Harry Winks,Harry Winks,3
1045,8a0b53aa-a122-4ea8-8a32-fb80f11f2cdc,2020/21,,,Virgil van Dijk,Virgil van Dijk,2
1046,396e1c5f-a102-4af3-a5b7-2d8ca2b3ef6f,2021/22,,,Alexis Mac Allister,Alexis Mac Allister,3
1047,ae038a6e-37a4-4610-ba9e-4cb35f66b3bd,2022/23,,,Ben Mee,Ben Mee,2
1048,2b71ec62-c2bf-4ac3-99ab-166c358d7904,2023/24,,,Alphonse Areola,Alphonse Areola,1
1049,e4e24720-d2ab-4a3b-a489-6cd5d1114cfd,2017/18,,,Aaron Ramsdale,Aaron Ramsdale,1
1050,bb4f6fba-13e4-4517-94d5-33224b40e9a1,2017/18,,,Seamus Coleman,Seamus Coleman,2
1051,caaa5e05-744a-4b07-84ec-85c9f12315a7,2018/19,,,Solly March,Solly March,3
1052,2314bccb-dc23-4fe5-815c-e30d5e6f69cf,2021/22,,,Jannik Vestergaard,Jannik Vestergaard,2
1053,0c132447-b77a-4ef3-8b76-773466c30a9f,2021/22,,,Raúl Jiménez,Raúl Jiménez,4
1054,a8573c60-489b-47da-b482-21fcbb55d536,2023/24,,,Jaidon Anthony,Jaidon Anthony,3
1055,bba082dc-e723-455d-ac6d-0d5b4006d6a5,2017/18,,,Lewis Dunk,Lewis Dunk,2
1056,6bd06b24-334f-4fdb-9746-1d98ccfcfe3f,2021/22,,,Callum Hudson-Odoi,Callum Hudson-Odoi,3
1057,06c9080d-7207-41f4-a067-fa9ec2164b86,2019/20,,,Michail Antonio,Michail Antonio,4
1058,6ccd22a5-35fa-45f0-8bb0-1fe3f642daf9,2017/18,,,Lewis Cook,Lewis Cook,3
1059,be00977b-d686-4932-8288-db6993f55a4b,2023/24,,,Antony,Antony,3
1060,fbeda0b1-fba6-4982-bc64-fcb647bdb4aa,2022/23,,,Jean-Philippe Mateta,Jean-Philippe Mateta,4
1061,7fc92228-dc92-40c8-8907-f3400530fe23,2020/21,,,Vladimir Coufal,Vladimir Coufal,2
1062,0847dcd8-082d-4991-8913-1e3bc242dcc3,2018/19,,,John Stones,John Stones,2
1063,4df36947-8e5c-4cb4-8d24-e271e8313642,2022/23,,,Danilo,Danilo,3
1064,3c733308-8ffb-4ef6-b24b-81ae97163f7f,2021/22,,,Jack Stephens,Jack Stephens,2
1065,dc4a57f5-c41d-4b7c-9911-f8c0143162c6,2020/21,,,Kepa,Kepa,1
1066,cde448c3-c413-4852-ae1a-1a4fbac7e91a,2022/23,,,Ederson,Ederson,1
1067,bb980a5b-6f4c-4bb4-8f85-9c682f3370c6,2022/23,,,Oleksandr Zinchenko,Oleksandr Zinchenko,2
1068,46b262ba-a864-4a5c-983b-8287c9e1b2c6,2018/19,,,Curtis Jones,Curtis Jones,3
1069,272bfaa8-fc18-42f2-8300-f77ca505a345,2019/20,,,Rodri,Rodri,3
1070,6bd06b24-334f-4fdb-9746-1d98ccfcfe3f,2017/18,,,Callum Hudson-Odoi,Callum Hudson-Odoi,3
1071,e14a60b0-c5c3-482d-9b61-01d92aeaaef5,2017/18,,,Jordan Pickford,Jordan Pickford,1
1072,8d8b3693-4c1c-41ff-a2ca-5adf8ab86188,2022/23,,,Vitaly Janelt,Vitaly Janelt,3
1073,657110e7-2562-4b51-83bf-69551e37f8c1,2017/18,,,Kyle Walker,Kyle Walker,2
1074,86e096b9-965f-4b13-bc0b-7dc91707f0d4,2020/21,,,Anthony Gordon,Anthony Gordon,3
1075,8c59aeca-3be0-48e3-87f3-abc04294867e,2016/17,,,Adam Smith,Adam Smith,2
1076,959df0a3-8c35-4bae-bb1b-679a38d24321,2023/24,,,Malo Gusto,Malo Gusto,2
1077,8fc63c4c-fe1d-4ba7-b070-dc23c576cc89,2021/22,,,Gabriel,Gabriel,2
1078,2d73beaa-be2a-484c-9dff-1bf7927941e2,2016/17,,,Michael Keane,Michael Keane,2
1079,0d1a6874-c8a6-4c75-9e26-6cc146615f85,2023/24,,,Christian Nørgaard,Christian Nørgaard,3
1080,c0b876d5-f9e9-4ea8-af27-9cb7687b1f92,2019/20,,,Andreas Pereira,Andreas Pereira,3
1081,c283ee88-d305-40e4-8002-0308c558c5ae,2018/19,,,Ilkay Gündogan,Ilkay Gündogan,3
1082,0a8ab14f-a374-4492-9acc-0a1cf2fbb119,2019/20,,,James Ward-Prowse,James Ward-Prowse,3
1083,f6da99d0-3d76-44e8-9a59-110a23a11dce,2022/23,,,Jhon Durán,Jhon Durán,4
1084,8a5a085d-5110-4f8e-87d3-1fdb384d8533,2022/23,,,Marcus Rashford,Marcus Rashford,3
1085,b118bf52-b844-489f-9dbd-9062311f444a,2019/20,,,Pascal Groß,Pascal Groß,3
1086,2de4111b-3169-48a3-8e41-c9fc7e174dae,2018/19,,,Danny Welbeck,Danny Welbeck,4
1087,eb6fd9d0-63c5-4080-a5ab-0e9751ec993d,2018/19,,,Konstantinos Mavropanos,Konstantinos Mavropanos,2
1088,493f278e-a61c-4a7b-bfbc-b7ae9d3926fb,2020/21,,,Joseph Gomez,Joseph Gomez,2
1089,bf428111-cd34-4d6e-afd6-31e7a312dc1d,2019/20,,,Diogo Dalot,Diogo Dalot,2
1090,b36cebaf-b61e-47db-baba-dee6e39cfa5b,2020/21,,,John McGinn,John McGinn,3
1091,320fe051-d0b5-4c7d-984b-d719a2196470,2018/19,,,Kieran Trippier,Kieran Trippier,2
1092,dc327a0e-c462-4b63-bdb0-a7def1b09ab3,2017/18,,,Craig Dawson,Craig Dawson,2
1093,26eaee45-f326-409e-8d39-72d972f14e96,2022/23,,,James Tarkowski,James Tarkowski,2
1094,003c34bb-f0e8-4fef-9e37-a09243dfdd5e,2017/18,,,Hamza Choudhury,Hamza Choudhury,3
1095,f9bba49a-202f-4676-8403-89b69aba431e,2022/23,,,William Saliba,William Saliba,2
1096,863d933f-eb34-417e-9a08-e4007722bc29,2022/23,,,Neal Maupay,Neal Maupay,4
1097,4dc79854-22a7-4d9a-b7e6-6b6024465d87,2023/24,,,Marc Guehi,Marc Guehi,2
1098,709d3031-90a5-4a10-ace0-73b80225cb0f,2020/21,,,Sean Longstaff,Sean Longstaff,3
1099,16c6ef10-235f-47b8-91ac-7dae8c0292bc,2022/23,,,Victor Kristiansen,Victor Kristiansen,2
1100,c932dd05-c46b-4c8e-bffd-ebc3be8f8402,2022/23,,,Matt Targett,Matt Targett,2
1101,5167d7b8-c362-4ebd-8d34-fc379f6ecaa3,2017/18,,,Son Heung-Min,Son Heung-Min,3
1102,47e50346-47f4-4225-b164-b93dba66e562,2021/22,,,James McAtee,James McAtee,3
1103,794ce9ff-d47d-43c0-b13c-1e48807bc608,2022/23,,,Luke Shaw,Luke Shaw,2
1104,6e1f4c41-bcc9-4373-a593-e5f236ca9994,2023/24,,,Diogo Jota,Diogo Jota,3
1105,cd5c57a2-8d24-4b10-9104-d67f8b87f85a,2023/24,,,Lewis Dobbin,Lewis Dobbin,3
1106,8a5a085d-5110-4f8e-87d3-1fdb384d8533,2019/20,,,Marcus Rashford,Marcus Rashford,3
1107,fd6c27e7-f130-4343-aa06-b74e8ef628fd,2019/20,,,Lucas Digne,Lucas Digne,2
1108,ae038a6e-37a4-4610-ba9e-4cb35f66b3bd,2021/22,,,Ben Mee,Ben Mee,2
1109,8a5a085d-5110-4f8e-87d3-1fdb384d8533,2023/24,,,Marcus Rashford,Marcus Rashford,3
1110,b118bf52-b844-489f-9dbd-9062311f444a,2022/23,,,Pascal Groß,Pascal Groß,3
1111,2d3c3a1d-0246-49a8-b713-fb234c752389,2017/18,,,Declan Rice,Declan Rice,2
1112,84fa1217-2dbe-4acc-a446-1f78327fe989,2021/22,,,Conor Gallagher,Conor Gallagher,3
1113,b7d5d127-bdfb-497e-9767-9dee5b80a9eb,2020/21,,,Jason Steele,Jason Steele,1
1114,8a5a085d-5110-4f8e-87d3-1fdb384d8533,2016/17,,,Marcus Rashford,Marcus Rashford,3
1115,809750fd-2ea8-4b4a-bce5-2e692aa3c335,2023/24,,,Emiliano Buendía,Emiliano Buendía,3
1116,d0086f76-7a71-454e-9047-a5e6095d833c,2023/24,,,Harry Toffolo,Harry Toffolo,2
1117,84546ac0-47e1-4932-b173-8e0f393efc0d,2023/24,,,Emiliano Martinez,Emiliano Martinez,1
1118,86e096b9-965f-4b13-bc0b-7dc91707f0d4,2019/20,,,Anthony Gordon,Anthony Gordon,3
1119,b6a0306c-bb5a-42f2-a3d9-399c51caa345,2023/24,,,Daniel Jebbison,Daniel Jebbison,4
1120,35abb6ba-fa65-4591-b6f1-295bd4189044,2020/21,,,Dean Henderson,Dean Henderson,1
1121,a106c077-5b59-42d2-97d3-d938b4530fd4,2023/24,,,Axel Disasi,Axel Disasi,2
1122,64c1604f-20e8-4f70-aca6-234467915cdb,2021/22,,,Dan Burn,Dan Burn,2
1123,060747da-f457-488e-b411-04b14d664ddb,2019/20,,,Gabriel Martinelli,Gabriel Martinelli,3
1124,9949992d-a0a0-4d9e-81d6-83b903efc08c,2022/23,,,Toti,Toti,2
1125,0f0a965d-ee11-4b11-8539-80efbdc86031,2022/23,,,Jamie Vardy,Jamie Vardy,4
1126,89bd4d8a-948b-40e5-8958-5c47b1c373ec,2018/19,,,Emerson,Emerson,2
1127,0847dcd8-082d-4991-8913-1e3bc242dcc3,2017/18,,,John Stones,John Stones,2
1128,32a1a749-cbe9-42ad-9092-e85ebfa2d361,2018/19,,,Philip Billing,Philip Billing,3
1129,3c733308-8ffb-4ef6-b24b-81ae97163f7f,2022/23,,,Jack Stephens,Jack Stephens,2
1130,ba35841c-cdd5-4031-b2ad-00f11cc639c9,2023/24,,,Mohamed Salah,Mohamed Salah,3
1131,f51c9384-294d-43c3-9361-38f350856675,2016/17,,,Abdoulaye Doucouré,Abdoulaye Doucouré,3
1132,0d1a6874-c8a6-4c75-9e26-6cc146615f85,2022/23,,,Christian Nørgaard,Christian Nørgaard,3
1133,bec3286a-79d9-4125-ae8e-4c789e476cd5,2021/22,,,Jacob Murphy,Jacob Murphy,3
1134,f18cd524-27df-453e-a1ff-a354597fc676,2023/24,,,Jean-Ricner Bellegarde,Jean-Ricner Bellegarde,3
1135,f7aa5c64-8487-4dfa-ab29-01c4d8c10eb6,2020/21,,,Dwight McNeil,Dwight McNeil,3
1136,3f381c8a-eeae-4940-9b06-ea05f752e310,2020/21,,,Morgan Gibbs-White,Morgan Gibbs-White,3
1137,7045407f-356d-48d2-8736-5b310f8e703d,2023/24,,,Frank Onyeka,Frank Onyeka,3
1138,dc4a57f5-c41d-4b7c-9911-f8c0143162c6,2021/22,,,Kepa,Kepa,1
1139,96e5f281-158d-4a4d-8dee-93ed027fa325,2018/19,,,Aaron Wan-Bissaka,Aaron Wan-Bissaka,2
1140,c283ee88-d305-40e4-8002-0308c558c5ae,2019/20,,,Ilkay Gündogan,Ilkay Gündogan,3
1141,e1a5293d-11cb-4154-a20c-75d19e4a3ffb,2020/21,,,Tom Cairney,Tom Cairney,3
1142,9d100761-36fa-4c80-91ee-fa247d9a415b,2017/18,,,Axel Tuanzebe,Axel Tuanzebe,2
1143,dd74e658-57fa-4e99-ac94-889f064764fa,2019/20,,,Max Kilman,Max Kilman,2
1144,6fde9f20-8252-414f-a30d-8fc120612036,2018/19,,,Chris Mepham,Chris Mepham,2
1145,26ad018f-7c27-46e2-af1c-493276052c85,2022/23,,,Matheus Cunha,Matheus Cunha,4
1146,eb6fd9d0-63c5-4080-a5ab-0e9751ec993d,2017/18,,,Konstantinos Mavropanos,Konstantinos Mavropanos,2
1147,77cea9fb-b868-43b2-9beb-87e8d91dd610,2016/17,,,James Milner,James Milner,3
1148,517c88fc-d2e4-48f9-a244-13a2f0813e40,2018/19,,,Ben Davies,Ben Davies,2
1149,d7b7e799-d34b-45a5-9e63-719d4300cb4e,2018/19,,,Danny Ings,Danny Ings,4
1150,398e6afe-d051-47bb-936c-de955dad0612,2017/18,,,Ryan Fraser,Ryan Fraser,3
1151,7c870cd7-9d1e-4b81-bd53-117b5ce27c54,2021/22,,,Dejan Kulusevski,Dejan Kulusevski,3
1152,d7143196-0a70-47fd-8ce7-f372f88a1381,2023/24,,,Adam Lallana,Adam Lallana,3
1153,b340a5b0-42ae-4f2a-8096-1b227edae50a,2022/23,,,Elliot Anderson,Elliot Anderson,3
1154,06bb6c3b-9a4c-4452-b53a-aff70107d7af,2020/21,,,Billy Gilmour,Billy Gilmour,3
1155,449e9cef-9d16-4746-b7ed-c80f87304b3e,2021/22,,,Conor Coady,Conor Coady,2
1156,8212e83e-299a-4fe2-b598-7e466a9e0621,2023/24,,,Casemiro,Casemiro,3
1157,634e753c-4227-4caf-b615-3f2d349785f9,2022/23,,,Marc Cucurella,Marc Cucurella,2
1158,5b4d8bb7-50e8-4325-9fdb-667bc1bc5677,2022/23,,,Cody Gakpo,Cody Gakpo,3
1159,49acc28c-0579-4ecf-bb09-7844ec2862b6,2022/23,,,James Justin,James Justin,2
1160,cde448c3-c413-4852-ae1a-1a4fbac7e91a,2018/19,,,Ederson,Ederson,1
1161,4ebbd927-7869-42c7-a226-2ad79d9f6b61,2022/23,,,Hee-Chan Hwang,Hee-Chan Hwang,3
1162,2314bccb-dc23-4fe5-815c-e30d5e6f69cf,2018/19,,,Jannik Vestergaard,Jannik Vestergaard,2
1163,18518340-c700-4515-a0b4-90b371a9686e,2021/22,,,Mateo Kovacic,Mateo Kovacic,3
1164,54793335-03fc-44e7-8318-5da068f63263,2018/19,,,Joel Ward,Joel Ward,2
1165,15a27285-1e19-4e00-970d-f2ca8c65d987,2022/23,,,Maxwel Cornet,Maxwel Cornet,3
1166,f551e1b9-1b4f-4ee0-ab12-5b3d29f7f00e,2021/22,,,Jacob Ramsey,Jacob Ramsey,3
1167,3f381c8a-eeae-4940-9b06-ea05f752e310,2023/24,,,Morgan Gibbs-White,Morgan Gibbs-White,3
1168,ae95b84b-d709-4d69-8fce-3ad10be29f4e,2023/24,,,Luis Sinisterra,Luis Sinisterra,3
1169,049a7ce0-2122-4c95-b21b-097e3d229319,2016/17,,,Dominic Calvert-Lewin,Dominic Calvert-Lewin,4
1170,58fbf6e5-9ce2-410c-a1f9-e0d2f4607ad0,2018/19,,,Yves Bissouma,Yves Bissouma,3
1171,2d73beaa-be2a-484c-9dff-1bf7927941e2,2018/19,,,Michael Keane,Michael Keane,2
1172,3b1771d3-ae4a-4c50-8b34-023a6d337064,2019/20,,,Daniel Podence,Daniel Podence,3
1173,852b8e99-5abc-4f45-834c-4b82cd761841,2022/23,,,Kiernan Dewsbury-Hall,Kiernan Dewsbury-Hall,3
1174,46b262ba-a864-4a5c-983b-8287c9e1b2c6,2022/23,,,Curtis Jones,Curtis Jones,3
1175,64c1604f-20e8-4f70-aca6-234467915cdb,2019/20,,,Dan Burn,Dan Burn,2
1176,96e5f281-158d-4a4d-8dee-93ed027fa325,2017/18,,,Aaron Wan-Bissaka,Aaron Wan-Bissaka,3
1177,cab4e50f-8585-44b5-b295-fad3bc50c15b,2022/23,,,Ezri Konsa Ngoyo,Ezri Konsa Ngoyo,2
1178,57d51316-9d56-4d98-9df7-f5fc936704bb,2019/20,,,Nick Pope,Nick Pope,1
1179,3b730726-1e3e-4d2a-9bc3-61177fb5d031,2023/24,,,Nathan Aké,Nathan Aké,2
1180,f82e53d7-605b-4a3d-8ce6-b28823b60aa1,2020/21,,,Caoimhin Kelleher,Caoimhin Kelleher,1
1181,bba082dc-e723-455d-ac6d-0d5b4006d6a5,2018/19,,,Lewis Dunk,Lewis Dunk,2
1182,217fc6f8-7182-4de9-b44a-3c51d0147fb9,2019/20,,,Harry Winks,Harry Winks,3
1183,47e50346-47f4-4225-b164-b93dba66e562,2023/24,,,James McAtee,James McAtee,3
1184,e82f741c-7aaf-4807-bbfc-ce5f4a0d98b9,2023/24,,,Jarrod Bowen,Jarrod Bowen,3
1185,efcb34ce-b8ec-4f6e-8f4d-3f43931a54f6,2022/23,,,Tyrick Mitchell,Tyrick Mitchell,2
1186,18518340-c700-4515-a0b4-90b371a9686e,2018/19,,,Mateo Kovacic,Mateo Kovacic,3
1187,32a1a749-cbe9-42ad-9092-e85ebfa2d361,2017/18,,,Philip Billing,Philip Billing,3
1188,3359e9ae-5151-45b4-8e0c-77a2b0623e8d,2022/23,,,Lukasz Fabianski,Lukasz Fabianski,1
1189,5640420e-6a7a-4897-b6cf-1906ca0ce6a5,2020/21,,,Thomas Partey,Thomas Partey,3
1190,8c59aeca-3be0-48e3-87f3-abc04294867e,2019/20,,,Adam Smith,Adam Smith,2
1191,7ef17fb1-41aa-4135-840c-78dab8eb0374,2022/23,,,Hamed Junior Traore,Hamed Junior Traore,3
1192,dd74e658-57fa-4e99-ac94-889f064764fa,2018/19,,,Max Kilman,Max Kilman,2
1193,eaf2f6bc-da6a-44df-96c7-714275cd1719,2019/20,,,Bukayo Saka,Bukayo Saka,3
1194,755babc2-28eb-47e7-bda6-3c28588e49bf,2023/24,,,Adama Traoré,Adama Traoré,3
1195,8c59aeca-3be0-48e3-87f3-abc04294867e,2022/23,,,Adam Smith,Adam Smith,2
1196,d7143196-0a70-47fd-8ce7-f372f88a1381,2021/22,,,Adam Lallana,Adam Lallana,3
1197,3359e9ae-5151-45b4-8e0c-77a2b0623e8d,2018/19,,,Lukasz Fabianski,Lukasz Fabianski,1
1198,a8573c60-489b-47da-b482-21fcbb55d536,2022/23,,,Jaidon Anthony,Jaidon Anthony,3
1199,cb658622-94a6-4c72-8fc3-ee760080b729,2023/24,,,David Brooks,David Brooks,3
1200,44dc201e-dc85-4982-a627-e938ddc48bc0,2022/23,,,Victor Lindelöf,Victor Lindelöf,2
1201,8f5b6126-8cee-4eda-9580-a85fb023a7b4,2021/22,,,Eberechi Eze,Eberechi Eze,3
1202,2d73beaa-be2a-484c-9dff-1bf7927941e2,2020/21,,,Michael Keane,Michael Keane,2
1203,0a8ab14f-a374-4492-9acc-0a1cf2fbb119,2017/18,,,James Ward-Prowse,James Ward-Prowse,3
1204,2f0ea22d-f760-4599-a623-60f4e3be22f1,2020/21,,,Amad Diallo Traore,Amad Diallo Traore,3
1205,02d7c5e2-e436-461b-95e5-853765be5a86,2020/21,,,Kurt Zouma,Kurt Zouma,2
1206,2314bccb-dc23-4fe5-815c-e30d5e6f69cf,2019/20,,,Jannik Vestergaard,Jannik Vestergaard,2
1207,4ebbd927-7869-42c7-a226-2ad79d9f6b61,2023/24,,,Hee-Chan Hwang,Hee-Chan Hwang,3
1208,02539faa-015d-44f3-9210-cfd5e296a32d,2021/22,,,Joachim Andersen,Joachim Andersen,2
1209,7c870cd7-9d1e-4b81-bd53-117b5ce27c54,2022/23,,,Dejan Kulusevski,Dejan Kulusevski,3
1210,25e1b024-b4c4-4732-9894-b39b4415754e,2022/23,,,Dominic Solanke,Dominic Solanke,4
1211,604bd9bd-bb7e-429a-916b-a63b3f098292,2022/23,,,Robin Olsen,Robin Olsen,1
1212,0552be44-9d74-4958-b8ba-3b4d84ed57b9,2021/22,,,Ollie Watkins,Ollie Watkins,4
1213,9f3cd734-cb60-4861-bcef-5f31aa336b54,2022/23,,,Georginio Rutter,Georginio Rutter,4
1214,980c4351-c970-4fb0-afee-8820f742de9e,2017/18,,,Pierre-Emile Højbjerg,Pierre-Emile Højbjerg,3
1215,45f8df16-463f-4069-948a-36689e9398fe,2020/21,,,Nathaniel Clyne,Nathaniel Clyne,2
1216,c20d9923-e246-4057-a326-8691402cb3bd,2019/20,,,Leandro Trossard,Leandro Trossard,3
1217,6532b4fe-afc3-4fea-a648-f7a83cb442db,2023/24,,,Edson Álvarez,Edson Álvarez,3
1218,58ecb62d-6842-4969-9c96-1eb5f5a3844e,2023/24,,,Robert Sánchez,Robert Sánchez,1
1219,0847dcd8-082d-4991-8913-1e3bc242dcc3,2022/23,,,John Stones,John Stones,2
1220,7cdd3161-7671-44b1-ba34-2c6aab483072,2022/23,,,Konstantinos Tsimikas,Konstantinos Tsimikas,2
1221,8a5a085d-5110-4f8e-87d3-1fdb384d8533,2020/21,,,Marcus Rashford,Marcus Rashford,3
1222,0f18b700-59c1-408d-bebb-69524169d4a4,2022/23,,,Mark Travers,Mark Travers,1
1223,bb980a5b-6f4c-4bb4-8f85-9c682f3370c6,2023/24,,,Oleksandr Zinchenko,Oleksandr Zinchenko,2
1224,ac9f956e-8a1e-44c5-bada-92041eda09ef,2023/24,,,Cole Palmer,Cole Palmer,3
1225,77cea9fb-b868-43b2-9beb-87e8d91dd610,2022/23,,,James Milner,James Milner,3
1226,0be15e13-8da5-483c-a42e-ff087947359d,2022/23,,,Jesurun Rak-Sakyi,Jesurun Rak-Sakyi,3
1227,320fe051-d0b5-4c7d-984b-d719a2196470,2017/18,,,Kieran Trippier,Kieran Trippier,2
1228,499022db-4b66-47a6-9be9-f8ba92e29786,2017/18,,,Harry Maguire,Harry Maguire,2
1229,119bb379-3aef-4f9e-8978-3e27561773b8,2020/21,,,Trent Alexander-Arnold,Trent Alexander-Arnold,2
1230,8f5b6126-8cee-4eda-9580-a85fb023a7b4,2023/24,,,Eberechi Eze,Eberechi Eze,3
1231,285a763c-d124-443b-acd8-10f0b8778b8f,2019/20,,,Mason Holgate,Mason Holgate,2
1232,3114f8f0-79c0-4955-ae6a-3dc31bfd90e1,2023/24,,,Youri Tielemans,Youri Tielemans,3
1233,ae038a6e-37a4-4610-ba9e-4cb35f66b3bd,2023/24,,,Ben Mee,Ben Mee,2
1234,398e6afe-d051-47bb-936c-de955dad0612,2020/21,,,Ryan Fraser,Ryan Fraser,3
1235,7958aac6-8834-478e-8351-fcad78301d6d,2017/18,,,Scott McTominay,Scott McTominay,3
1236,a5e18fe7-45fc-4d0a-a4f8-ae032850f68a,2018/19,,,Issa Diop,Issa Diop,2
1237,3c391ec3-cacd-400c-9e80-0d013716e132,2016/17,,,Alex McCarthy,Alex McCarthy,1
1238,2a008f35-80d2-45a1-b2c1-2431dec0d8cc,2022/23,,,Noni Madueke,Noni Madueke,3
1239,bb980a5b-6f4c-4bb4-8f85-9c682f3370c6,2019/20,,,Oleksandr Zinchenko,Oleksandr Zinchenko,2
1240,980c4351-c970-4fb0-afee-8820f742de9e,2022/23,,,Pierre-Emile Højbjerg,Pierre-Emile Højbjerg,3
1241,980c4351-c970-4fb0-afee-8820f742de9e,2020/21,,,Pierre-Emile Højbjerg,Pierre-Emile Højbjerg,3
1242,bf750c15-c9ca-42de-92cd-60fd2e5f995f,2022/23,,,Pablo Sarabia,Pablo Sarabia,3
1243,227b061b-86ff-48a9-ac03-db0cfec93961,2021/22,,,Miguel Almirón,Miguel Almirón,3
1244,06bb6c3b-9a4c-4452-b53a-aff70107d7af,2023/24,,,Billy Gilmour,Billy Gilmour,3
1245,e8a9a06b-9a2b-4bed-bbd1-d6dabfe8384a,2022/23,,,Cheick Oumar Doucoure,Cheick Oumar Doucoure,3
1246,e14a60b0-c5c3-482d-9b61-01d92aeaaef5,2022/23,,,Jordan Pickford,Jordan Pickford,1
1247,6d5abde7-1f76-477a-acc0-ca49a9fd4ab3,2022/23,,,Antonee Robinson,Antonee Robinson,2
1248,602a32fc-f64c-41ec-93c9-32fc9192864c,2021/22,,,Wesley Fofana,Wesley Fofana,2
1249,cfa0cd66-03e4-4dac-b6ab-aaf0a86fddf8,2023/24,,,Gonçalo Guedes,Gonçalo Guedes,3
1250,3155f865-690c-4281-b00c-fce26e784489,2023/24,,,Mohammed Kudus,Mohammed Kudus,3
1251,285a763c-d124-443b-acd8-10f0b8778b8f,2021/22,,,Mason Holgate,Mason Holgate,2
1252,caaa5e05-744a-4b07-84ec-85c9f12315a7,2020/21,,,Solly March,Solly March,3
1253,58ecb62d-6842-4969-9c96-1eb5f5a3844e,2022/23,,,Robert Sánchez,Robert Sánchez,1
1254,b2956a8b-fe92-47c6-b79b-de88325f518c,2022/23,,,Jarrad Branthwaite,Jarrad Branthwaite,2
1255,3858ec1b-1c61-4728-bcf3-15d955a16881,2019/20,,,Joe Willock,Joe Willock,3
1256,634e753c-4227-4caf-b615-3f2d349785f9,2021/22,,,Marc Cucurella,Marc Cucurella,2
1257,babad0a4-ef7c-4e3c-804d-048bdc6c91d4,2022/23,,,Richarlison,Richarlison,4
1258,0479f281-b698-4aba-ac40-86fedaa3eddf,2022/23,,,Harrison Reed,Harrison Reed,3
1259,5eee3996-1d93-4d7b-9e06-d7dcb289c696,2023/24,,,Mikey Moore,Mikey Moore,3
1260,e1303f74-c48f-4c2c-a6f4-d83d0b329911,2017/18,,,Ashley Young,Ashley Young,3
1261,caaa5e05-744a-4b07-84ec-85c9f12315a7,2019/20,,,Solly March,Solly March,3
1262,bba082dc-e723-455d-ac6d-0d5b4006d6a5,2022/23,,,Lewis Dunk,Lewis Dunk,2
1263,cbbe90dd-5cf3-4eca-a595-c3165a3e994e,2023/24,,,Diego Carlos,Diego Carlos,2
1264,8a5a085d-5110-4f8e-87d3-1fdb384d8533,2018/19,,,Marcus Rashford,Marcus Rashford,3
1265,4c7e5c2a-dc4d-4126-a8d6-7cc8830fff8a,2022/23,,,Archie Gray,Archie Gray,3
1266,45f8df16-463f-4069-948a-36689e9398fe,2017/18,,,Nathaniel Clyne,Nathaniel Clyne,2
1267,e4e24720-d2ab-4a3b-a489-6cd5d1114cfd,2021/22,,,Aaron Ramsdale,Aaron Ramsdale,1
1268,5c12b7ca-9d61-46d9-93a7-0aa3abd6eea2,2022/23,,,Ben Doak,Ben Doak,3
1269,06c9080d-7207-41f4-a067-fa9ec2164b86,2017/18,,,Michail Antonio,Michail Antonio,4
1270,ff3ae152-e9fa-4768-a059-853e3e482bc3,2023/24,,,Matheus Nunes,Matheus Nunes,3
1271,babad0a4-ef7c-4e3c-804d-048bdc6c91d4,2017/18,,,Richarlison,Richarlison,4
1272,58fbf6e5-9ce2-410c-a1f9-e0d2f4607ad0,2019/20,,,Yves Bissouma,Yves Bissouma,3
1273,1887fa3c-0dc5-448b-9cf6-a4cac5f6ae96,2023/24,,,Jonny Evans,Jonny Evans,2
1274,809750fd-2ea8-4b4a-bce5-2e692aa3c335,2019/20,,,Emiliano Buendía,Emiliano Buendía,3
1275,2de4111b-3169-48a3-8e41-c9fc7e174dae,2021/22,,,Danny Welbeck,Danny Welbeck,4
1276,86a8b7af-747c-4791-8f50-dc0403622b73,2023/24,,,Micky van de Ven,Micky van de Ven,2
1277,f7aa5c64-8487-4dfa-ab29-01c4d8c10eb6,2023/24,,,Dwight McNeil,Dwight McNeil,3
1278,ab460977-65fb-434c-8333-a420e23169cc,2023/24,,,Dominik Szoboszlai,Dominik Szoboszlai,3
1279,cd5c57a2-8d24-4b10-9104-d67f8b87f85a,2021/22,,,Lewis Dobbin,Lewis Dobbin,4
1280,1f21671d-d143-49c8-938f-b90e1b57a10e,2016/17,,,Callum Wilson,Callum Wilson,4
1281,6d5abde7-1f76-477a-acc0-ca49a9fd4ab3,2023/24,,,Antonee Robinson,Antonee Robinson,2
1282,9264f988-edf6-4115-80fe-5ab6cd0a9b04,2018/19,,,Wilfred Ndidi,Wilfred Ndidi,3
1283,35be4ca9-a98f-41cc-94e9-0c54c64ef3db,2023/24,,,Charlie Taylor,Charlie Taylor,2
1284,3c643231-db3b-46f4-80f0-a33979f63288,2021/22,,,Jack Grealish,Jack Grealish,3
1285,cab4e50f-8585-44b5-b295-fad3bc50c15b,2019/20,,,Ezri Konsa Ngoyo,Ezri Konsa Ngoyo,2
1286,8c8cc68d-e4da-41c6-8716-a17bb3f8529e,2021/22,,,David Raya,David Raya,1
1287,46b262ba-a864-4a5c-983b-8287c9e1b2c6,2021/22,,,Curtis Jones,Curtis Jones,3
1288,fbeda0b1-fba6-4982-bc64-fcb647bdb4aa,2020/21,,,Jean-Philippe Mateta,Jean-Philippe Mateta,4
1289,1ae7f23c-458b-4bbf-8b00-9eb6a8d3a2b2,2019/20,,,Ross Barkley,Ross Barkley,3
1290,517c88fc-d2e4-48f9-a244-13a2f0813e40,2023/24,,,Ben Davies,Ben Davies,2
1291,9949992d-a0a0-4d9e-81d6-83b903efc08c,2023/24,,,Toti,Toti,2
1292,b15d2b09-385b-46e8-80b3-c9705da992b9,2020/21,,,Jack Harrison,Jack Harrison,3
1293,493f278e-a61c-4a7b-bfbc-b7ae9d3926fb,2017/18,,,Joseph Gomez,Joseph Gomez,2
1294,0f4c04eb-d670-413f-aa27-6ebea80648cb,2022/23,,,Romeo Lavia,Romeo Lavia,3
1295,119bb379-3aef-4f9e-8978-3e27561773b8,2017/18,,,Trent Alexander-Arnold,Trent Alexander-Arnold,2
1296,f51c9384-294d-43c3-9361-38f350856675,2021/22,,,Abdoulaye Doucouré,Abdoulaye Doucouré,3
1297,227b061b-86ff-48a9-ac03-db0cfec93961,2020/21,,,Miguel Almirón,Miguel Almirón,3
1298,3858ec1b-1c61-4728-bcf3-15d955a16881,2023/24,,,Joe Willock,Joe Willock,3
1299,398e6afe-d051-47bb-936c-de955dad0612,2018/19,,,Ryan Fraser,Ryan Fraser,3
1300,f9bba49a-202f-4676-8403-89b69aba431e,2021/22,,,William Saliba,William Saliba,2
1301,d7b7e799-d34b-45a5-9e63-719d4300cb4e,2019/20,,,Danny Ings,Danny Ings,4
1302,4fc6dec6-7b50-4852-a52b-5ba4c7db9034,2022/23,,,Adam Armstrong,Adam Armstrong,4
1303,733bd107-f236-4471-9655-f01379c1bcc5,2021/22,,,Reiss Nelson,Reiss Nelson,3
1304,54793335-03fc-44e7-8318-5da068f63263,2021/22,,,Joel Ward,Joel Ward,2
1305,02d7c5e2-e436-461b-95e5-853765be5a86,2022/23,,,Kurt Zouma,Kurt Zouma,2
1306,3b1771d3-ae4a-4c50-8b34-023a6d337064,2023/24,,,Daniel Podence,Daniel Podence,3
1307,5b4d8bb7-50e8-4325-9fdb-667bc1bc5677,2023/24,,,Cody Gakpo,Cody Gakpo,4
1308,7d0ce2be-20f7-4099-add3-2623af5b22d6,2023/24,,,Harvey Barnes,Harvey Barnes,3
1309,da1637e8-b587-4c57-97e9-29a83d53e283,2023/24,,,Milos Kerkez,Milos Kerkez,2
1310,02d7c5e2-e436-461b-95e5-853765be5a86,2018/19,,,Kurt Zouma,Kurt Zouma,2
1311,25e1b024-b4c4-4732-9894-b39b4415754e,2019/20,,,Dominic Solanke,Dominic Solanke,4
1312,c283ee88-d305-40e4-8002-0308c558c5ae,2021/22,,,Ilkay Gündogan,Ilkay Gündogan,3
1313,d1f5f863-043f-4759-adbe-9489d6df04e1,2019/20,,,James Maddison,James Maddison,3
1314,fef21c3b-20a9-4632-a6e3-8db0948f2205,2023/24,,,Harvey Elliott,Harvey Elliott,3
1315,dd74e658-57fa-4e99-ac94-889f064764fa,2020/21,,,Max Kilman,Max Kilman,2
1316,d38b9de7-2bbe-426b-95e8-712c23991199,2022/23,,,Joël Veltman,Joël Veltman,2
1317,7045407f-356d-48d2-8736-5b310f8e703d,2021/22,,,Frank Onyeka,Frank Onyeka,3
1318,1a05965f-6a72-43c3-8a21-5d90201b464d,2023/24,,,Jordan Ayew,Jordan Ayew,3
1319,8a50219f-55c4-404b-bc89-9754e0eb85de,2022/23,,,Ryan Yates,Ryan Yates,3
1320,3c643231-db3b-46f4-80f0-a33979f63288,2020/21,,,Jack Grealish,Jack Grealish,3
1321,8295176c-01fe-478e-a689-ff94aed0fbd1,2018/19,,,Arijanet Muric,Arijanet Muric,1
1322,119bb379-3aef-4f9e-8978-3e27561773b8,2021/22,,,Trent Alexander-Arnold,Trent Alexander-Arnold,2
1323,c7a4d6d5-531f-45e5-902b-a002babbdb49,2023/24,,,Alejandro Garnacho,Alejandro Garnacho,3
1324,8f24ce04-4a4b-4faa-a0c3-0ecb9e6a6d2c,2020/21,,,Reece James,Reece James,2
1325,4991dc0c-e021-4050-a305-fda2b44a000e,2021/22,,,Timo Werner,Timo Werner,4
1326,8a0b53aa-a122-4ea8-8a32-fb80f11f2cdc,2022/23,,,Virgil van Dijk,Virgil van Dijk,2
1327,bfd0282a-2b61-49c9-98e7-a2f22f330e82,2020/21,,,Ola Aina,Ola Aina,2
1328,863d933f-eb34-417e-9a08-e4007722bc29,2021/22,,,Neal Maupay,Neal Maupay,4
1329,a3839c5a-f87e-48df-9a8d-dc0bc957b87b,2022/23,,,Chris Wood,Chris Wood,4
1330,114c54aa-c2b2-4adf-b9e3-052f9113dfdf,2022/23,,,Willy Boly,Willy Boly,2
1331,e82f741c-7aaf-4807-bbfc-ce5f4a0d98b9,2022/23,,,Jarrod Bowen,Jarrod Bowen,3
1332,ac9f956e-8a1e-44c5-bada-92041eda09ef,2020/21,,,Cole Palmer,Cole Palmer,3
1333,a3839c5a-f87e-48df-9a8d-dc0bc957b87b,2018/19,,,Chris Wood,Chris Wood,4
1334,f80b11d9-0005-4eed-a49f-0b013931db8b,2023/24,,,Hugo Bueno,Hugo Bueno,2
1335,5167d7b8-c362-4ebd-8d34-fc379f6ecaa3,2016/17,,,Son Heung-Min,Son Heung-Min,3
1336,1f21671d-d143-49c8-938f-b90e1b57a10e,2017/18,,,Callum Wilson,Callum Wilson,4
1337,f5064d39-0ef6-4eea-8795-9bfa7bcda88d,2022/23,,,Will Hughes,Will Hughes,3
1338,74afb9cb-18dd-4e48-aaa1-2267e42b6bf7,2018/19,,,Bernd Leno,Bernd Leno,1
1339,060747da-f457-488e-b411-04b14d664ddb,2023/24,,,Gabriel Martinelli,Gabriel Martinelli,3
1340,54793335-03fc-44e7-8318-5da068f63263,2022/23,,,Joel Ward,Joel Ward,2
1341,6ccd22a5-35fa-45f0-8bb0-1fe3f642daf9,2023/24,,,Lewis Cook,Lewis Cook,3
1342,fef21c3b-20a9-4632-a6e3-8db0948f2205,2018/19,,,Harvey Elliott,Harvey Elliott,3
1343,9fc89667-620c-4a07-a188-debfe5bea8dc,2023/24,,,Adam Wharton,Adam Wharton,3
1344,1a05965f-6a72-43c3-8a21-5d90201b464d,2017/18,,,Jordan Ayew,Jordan Ayew,3
1345,b3f99367-3da0-4c23-b896-5bb59bae87a6,2017/18,,,Jan Bednarek,Jan Bednarek,2
1346,c5cedf3c-3401-4c4a-b95a-74dcf8a51156,2020/21,,,Ben Johnson,Ben Johnson,2
1347,21eefcd3-6c20-4e20-aebf-36f50f38fdd1,2019/20,,,Kevin De Bruyne,Kevin De Bruyne,3
1348,1887fa3c-0dc5-448b-9cf6-a4cac5f6ae96,2018/19,,,Jonny Evans,Jonny Evans,2
1349,9d100761-36fa-4c80-91ee-fa247d9a415b,2021/22,,,Axel Tuanzebe,Axel Tuanzebe,2
1350,2456c5b8-e6c9-4ea3-9269-41f7c6216476,2019/20,,,Neco Williams,Neco Williams,2
1351,423e1b12-0219-4921-9347-0631bb645a1c,2021/22,,,Joelinton,Joelinton,4
1352,227b061b-86ff-48a9-ac03-db0cfec93961,2019/20,,,Miguel Almirón,Miguel Almirón,3
1353,18518340-c700-4515-a0b4-90b371a9686e,2019/20,,,Mateo Kovacic,Mateo Kovacic,3
1354,3114f8f0-79c0-4955-ae6a-3dc31bfd90e1,2021/22,,,Youri Tielemans,Youri Tielemans,3
1355,d773f228-5102-4554-a7e4-aadc6a213084,2022/23,,,Tyler Adams,Tyler Adams,3
1356,54a322fe-500f-4fe6-8649-8c4ba756995e,2022/23,,,Cameron Archer,Cameron Archer,4
1357,9e78f47f-6da8-4013-b7a8-87b63b1e07b6,2020/21,,,Kai Havertz,Kai Havertz,3
1358,657110e7-2562-4b51-83bf-69551e37f8c1,2020/21,,,Kyle Walker,Kyle Walker,2
1359,f9bba49a-202f-4676-8403-89b69aba431e,2023/24,,,William Saliba,William Saliba,2
1360,15e3327c-f62f-4c59-a1e2-01eeabc58e9b,2021/22,,,Takehiro Tomiyasu,Takehiro Tomiyasu,2
1361,00490f26-6814-4df9-a1a8-8f3532e6a9e0,2019/20,,,Aaron Cresswell,Aaron Cresswell,2
1362,6fde9f20-8252-414f-a30d-8fc120612036,2023/24,,,Chris Mepham,Chris Mepham,2
1363,9d100761-36fa-4c80-91ee-fa247d9a415b,2020/21,,,Axel Tuanzebe,Axel Tuanzebe,2
1364,f5064d39-0ef6-4eea-8795-9bfa7bcda88d,2018/19,,,Will Hughes,Will Hughes,3
1365,46b035ea-3bfc-4c19-8e64-071f99e5ea70,2022/23,,,Rico Henry,Rico Henry,2
1366,ae038a6e-37a4-4610-ba9e-4cb35f66b3bd,2018/19,,,Ben Mee,Ben Mee,2
1367,00490f26-6814-4df9-a1a8-8f3532e6a9e0,2016/17,,,Aaron Cresswell,Aaron Cresswell,2
1368,fe136669-0afc-44f9-9800-1193f7670ceb,2019/20,,,Raheem Sterling,Raheem Sterling,3
1369,003c34bb-f0e8-4fef-9e37-a09243dfdd5e,2020/21,,,Hamza Choudhury,Hamza Choudhury,3
1370,9506b6f4-6706-4010-abbd-cda04f86a649,2022/23,,,Ryan Trevitt,Ryan Trevitt,3
1371,cab4e50f-8585-44b5-b295-fad3bc50c15b,2021/22,,,Ezri Konsa Ngoyo,Ezri Konsa Ngoyo,2
1372,e3a78660-310f-4ed3-b4b7-77beca004592,2018/19,,,Jefferson Lerma,Jefferson Lerma,3
1373,25e1b024-b4c4-4732-9894-b39b4415754e,2018/19,,,Dominic Solanke,Dominic Solanke,4
1374,a5e18fe7-45fc-4d0a-a4f8-ae032850f68a,2021/22,,,Issa Diop,Issa Diop,2
1375,2b064b3d-3801-4f5d-b158-269afc136611,2022/23,,,Kyle Walker-Peters,Kyle Walker-Peters,2
1376,b1c6dee8-393c-44d5-aab5-3369c66cf4a6,2023/24,,,Yerson Mosquera,Yerson Mosquera,2
1377,eaf2f6bc-da6a-44df-96c7-714275cd1719,2023/24,,,Bukayo Saka,Bukayo Saka,3
1378,b2956a8b-fe92-47c6-b79b-de88325f518c,2021/22,,,Jarrad Branthwaite,Jarrad Branthwaite,2
1379,d1f5f863-043f-4759-adbe-9489d6df04e1,2018/19,,,James Maddison,James Maddison,3
1380,96e5f281-158d-4a4d-8dee-93ed027fa325,2019/20,,,Aaron Wan-Bissaka,Aaron Wan-Bissaka,2
1381,673743f6-2b57-4f2d-b024-440a9e0f77ce,2019/20,,,Christian Eriksen,Christian Eriksen,3
1382,02d7c5e2-e436-461b-95e5-853765be5a86,2019/20,,,Kurt Zouma,Kurt Zouma,2
1383,499022db-4b66-47a6-9be9-f8ba92e29786,2022/23,,,Harry Maguire,Harry Maguire,2
1384,b917d372-2d17-444e-8384-8d2a9e5f8453,2021/22,,,Yoane Wissa,Yoane Wissa,3
1385,106be257-c769-429d-8343-e6a75dd3b6dd,2020/21,,,Tosin Adarabioyo,Tosin Adarabioyo,2
1386,9949992d-a0a0-4d9e-81d6-83b903efc08c,2021/22,,,Toti,Toti,2
1387,0f18b700-59c1-408d-bebb-69524169d4a4,2018/19,,,Mark Travers,Mark Travers,1
1388,ddbb6b67-0242-47e5-9af0-072b452429d2,2022/23,,,Amadou Onana,Amadou Onana,3
1389,3f65d074-7e83-47f7-9b5e-4c8a429e95ae,2023/24,,,Mahmoud Dahoud,Mahmoud Dahoud,3
1390,c20d9923-e246-4057-a326-8691402cb3bd,2022/23,,,Leandro Trossard,Leandro Trossard,3
1391,90385cd1-1b4d-4eb7-8f0e-4ec42ec27b40,2018/19,,,Gabriel Jesus,Gabriel Jesus,4
1392,980c4351-c970-4fb0-afee-8820f742de9e,2021/22,,,Pierre-Emile Højbjerg,Pierre-Emile Højbjerg,3
1393,fafb8cd0-eb45-4d2f-ab0e-3bafb0e4ec74,2023/24,,,Iliman Ndiaye,Iliman Ndiaye,4
1394,b2c4a6df-6c1d-49ff-b4e7-1c6c0212be83,2021/22,,,Matthew Cash,Matthew Cash,2
1395,8f5b6126-8cee-4eda-9580-a85fb023a7b4,2022/23,,,Eberechi Eze,Eberechi Eze,3
1396,0770e266-9633-4bd7-9e25-b218ce04a2f4,2019/20,,,Alisson,Alisson,1
1397,ad03317e-4fb2-4aba-b887-32348bcfcb2f,2023/24,,,Chimuanya Ugochukwu,Chimuanya Ugochukwu,3
1398,d38b9de7-2bbe-426b-95e8-712c23991199,2021/22,,,Joël Veltman,Joël Veltman,2
1399,1c660429-4643-421e-a350-ab36f78cb9a1,2022/23,,,James Garner,James Garner,3
1400,1ae7f23c-458b-4bbf-8b00-9eb6a8d3a2b2,2022/23,,,Ross Barkley,Ross Barkley,3
1401,21eefcd3-6c20-4e20-aebf-36f50f38fdd1,2020/21,,,Kevin De Bruyne,Kevin De Bruyne,3
1402,863d933f-eb34-417e-9a08-e4007722bc29,2020/21,,,Neal Maupay,Neal Maupay,4
1403,8d8a8e65-90ee-4e5e-9e67-279929f6005d,2022/23,,,Adam Webster,Adam Webster,2
1404,2d3c3a1d-0246-49a8-b713-fb234c752389,2019/20,,,Declan Rice,Declan Rice,3
1405,9d7e7d62-8e52-4b74-ba94-c1eb97aba0c6,2019/20,,,William Smallbone,William Smallbone,3
1406,1a05965f-6a72-43c3-8a21-5d90201b464d,2020/21,,,Jordan Ayew,Jordan Ayew,4
1407,78b25f86-58fe-4875-b7a0-38e71d54ad53,2023/24,,,João Pedro,João Pedro,4
1408,0b0f5b5e-be7b-478d-aa23-5f619d16e5cb,2023/24,,,Marcus Tavernier,Marcus Tavernier,3
1409,320fe051-d0b5-4c7d-984b-d719a2196470,2019/20,,,Kieran Trippier,Kieran Trippier,2
1410,02d7c5e2-e436-461b-95e5-853765be5a86,2023/24,,,Kurt Zouma,Kurt Zouma,2
1411,8f24ce04-4a4b-4faa-a0c3-0ecb9e6a6d2c,2023/24,,,Reece James,Reece James,2
1412,517c88fc-d2e4-48f9-a244-13a2f0813e40,2016/17,,,Ben Davies,Ben Davies,2
1413,ff3ae152-e9fa-4768-a059-853e3e482bc3,2022/23,,,Matheus Nunes,Matheus Nunes,3
1414,cab4e50f-8585-44b5-b295-fad3bc50c15b,2023/24,,,Ezri Konsa Ngoyo,Ezri Konsa Ngoyo,2
1415,3359e9ae-5151-45b4-8e0c-77a2b0623e8d,2016/17,,,Lukasz Fabianski,Lukasz Fabianski,1
1416,bb4f6fba-13e4-4517-94d5-33224b40e9a1,2016/17,,,Seamus Coleman,Seamus Coleman,2
1417,8a5a085d-5110-4f8e-87d3-1fdb384d8533,2017/18,,,Marcus Rashford,Marcus Rashford,3
1418,319633eb-126e-4558-bcbe-3f81634f4b5f,2019/20,,,Max Aarons,Max Aarons,2
1419,cbeb32ec-d8f8-466d-8977-017ce20d9908,2023/24,,,Rayan Ait Nouri,Rayan Ait Nouri,2
1420,b0076fa1-2d94-4513-82f0-93616a4e0e84,2020/21,,,Emile Smith-Rowe,Emile Smith-Rowe,3
1421,21eefcd3-6c20-4e20-aebf-36f50f38fdd1,2018/19,,,Kevin De Bruyne,Kevin De Bruyne,3
1422,b05706ef-9a2e-4a33-aad3-c149d2dffee1,2023/24,,,Julián Álvarez,Julián Álvarez,4
1423,449e9cef-9d16-4746-b7ed-c80f87304b3e,2022/23,,,Conor Coady,Conor Coady,2
1424,4c7e5c2a-dc4d-4126-a8d6-7cc8830fff8a,2021/22,,,Archie Gray,Archie Gray,3
1425,7958aac6-8834-478e-8351-fcad78301d6d,2020/21,,,Scott McTominay,Scott McTominay,3
1426,114c54aa-c2b2-4adf-b9e3-052f9113dfdf,2019/20,,,Willy Boly,Willy Boly,2
1427,26eaee45-f326-409e-8d39-72d972f14e96,2023/24,,,James Tarkowski,James Tarkowski,2
1428,0479f281-b698-4aba-ac40-86fedaa3eddf,2023/24,,,Harrison Reed,Harrison Reed,3
1429,39b7e45e-ca67-43b4-bdae-fa110e16bc1a,2023/24,,,Yasin Ayari,Yasin Ayari,3
1430,508e8ec8-ad8a-4db6-a32a-a6e1e5e02541,2016/17,,,Idrissa Gueye,Idrissa Gueye,3
1431,54793335-03fc-44e7-8318-5da068f63263,2017/18,,,Joel Ward,Joel Ward,2
1432,d61ea56d-0474-4524-a061-9869f4ccbb19,2021/22,,,Bruno Fernandes,Bruno Fernandes,3
1433,5640420e-6a7a-4897-b6cf-1906ca0ce6a5,2023/24,,,Thomas Partey,Thomas Partey,3
1434,0a8ab14f-a374-4492-9acc-0a1cf2fbb119,2018/19,,,James Ward-Prowse,James Ward-Prowse,3
1435,9264f988-edf6-4115-80fe-5ab6cd0a9b04,2020/21,,,Wilfred Ndidi,Wilfred Ndidi,3
1436,e7dee554-60cc-4615-8474-50c260ae95ef,2023/24,,,Nélson Semedo,Nélson Semedo,2
1437,cbeb32ec-d8f8-466d-8977-017ce20d9908,2022/23,,,Rayan Ait Nouri,Rayan Ait Nouri,2
1438,2b064b3d-3801-4f5d-b158-269afc136611,2018/19,,,Kyle Walker-Peters,Kyle Walker-Peters,2
1439,657110e7-2562-4b51-83bf-69551e37f8c1,2022/23,,,Kyle Walker,Kyle Walker,2
1440,272bfaa8-fc18-42f2-8300-f77ca505a345,2023/24,,,Rodri,Rodri,3
1441,125ec0fc-cbeb-467a-8e71-8f0ada688670,2022/23,,,Nathan Collins,Nathan Collins,2
1442,2b71ec62-c2bf-4ac3-99ab-166c358d7904,2021/22,,,Alphonse Areola,Alphonse Areola,1
1443,00304b5c-9f80-4755-9db6-70fcfb471122,2023/24,,,Chris Richards,Chris Richards,2
1444,6ccd22a5-35fa-45f0-8bb0-1fe3f642daf9,2022/23,,,Lewis Cook,Lewis Cook,3
1445,9d100761-36fa-4c80-91ee-fa247d9a415b,2019/20,,,Axel Tuanzebe,Axel Tuanzebe,2
1446,90e55f29-eaf3-45ba-b6d3-9f50aa3d550f,2022/23,,,Facundo Buonanotte,Facundo Buonanotte,3
1447,e9cd5ef7-9417-43f8-885e-7fbb625e5f1a,2021/22,,,Kasey McAteer,Kasey McAteer,3
1448,a9551960-d7f9-4af5-848c-cb5e73d73e6b,2023/24,,,Sasa Lukic,Sasa Lukic,3
1449,9845f271-6a65-4739-b337-4358823c2b28,2023/24,,,Nicolas Jackson,Nicolas Jackson,4
1450,0c132447-b77a-4ef3-8b76-773466c30a9f,2020/21,,,Raúl Jiménez,Raúl Jiménez,4
1451,b917d372-2d17-444e-8384-8d2a9e5f8453,2023/24,,,Yoane Wissa,Yoane Wissa,4
1452,5352a53c-371e-42ed-a345-bdcc7230af37,2023/24,,,Levi Colwill,Levi Colwill,2
1453,a260b16c-092a-4eaa-9f5d-4a8a425a65ff,2021/22,,,Giovani Lo Celso,Giovani Lo Celso,3
1454,604bd9bd-bb7e-429a-916b-a63b3f098292,2021/22,,,Robin Olsen,Robin Olsen,1
1455,4b2db969-8d0c-4c21-a939-0063ae590662,2018/19,,,Ben Chilwell,Ben Chilwell,2
1456,b340a5b0-42ae-4f2a-8096-1b227edae50a,2021/22,,,Elliot Anderson,Elliot Anderson,3
1457,67217edb-a846-4ac9-878e-2ddcc1dadfcf,2022/23,,,Liam Delap,Liam Delap,4
1458,398e6afe-d051-47bb-936c-de955dad0612,2022/23,,,Ryan Fraser,Ryan Fraser,3
1459,316ae259-265d-480f-93fa-4ce0f626e8b7,2017/18,,,Eddie Nketiah,Eddie Nketiah,4
1460,74afb9cb-18dd-4e48-aaa1-2267e42b6bf7,2023/24,,,Bernd Leno,Bernd Leno,1
1461,3c643231-db3b-46f4-80f0-a33979f63288,2022/23,,,Jack Grealish,Jack Grealish,3
1462,049a7ce0-2122-4c95-b21b-097e3d229319,2019/20,,,Dominic Calvert-Lewin,Dominic Calvert-Lewin,4
1463,06bb6c3b-9a4c-4452-b53a-aff70107d7af,2021/22,,,Billy Gilmour,Billy Gilmour,3
1464,71e04b79-f1a7-4123-8130-bae9732ba772,2023/24,,,Sven Botman,Sven Botman,2
1465,c5cedf3c-3401-4c4a-b95a-74dcf8a51156,2018/19,,,Ben Johnson,Ben Johnson,2
1466,398e6afe-d051-47bb-936c-de955dad0612,2021/22,,,Ryan Fraser,Ryan Fraser,3
1467,fbeda0b1-fba6-4982-bc64-fcb647bdb4aa,2021/22,,,Jean-Philippe Mateta,Jean-Philippe Mateta,4
1468,02d7c5e2-e436-461b-95e5-853765be5a86,2017/18,,,Kurt Zouma,Kurt Zouma,2
1469,a813d09b-3694-4714-b863-bb5997ef8f43,2021/22,,,Fabian Schär,Fabian Schär,2
1470,46b262ba-a864-4a5c-983b-8287c9e1b2c6,2017/18,,,Curtis Jones,Curtis Jones,3
1471,a813d09b-3694-4714-b863-bb5997ef8f43,2018/19,,,Fabian Schär,Fabian Schär,2
1472,9264f988-edf6-4115-80fe-5ab6cd0a9b04,2021/22,,,Wilfred Ndidi,Wilfred Ndidi,3
1473,7958aac6-8834-478e-8351-fcad78301d6d,2016/17,,,Scott McTominay,Scott McTominay,3
1474,b2956a8b-fe92-47c6-b79b-de88325f518c,2020/21,,,Jarrad Branthwaite,Jarrad Branthwaite,2
1475,bf428111-cd34-4d6e-afd6-31e7a312dc1d,2018/19,,,Diogo Dalot,Diogo Dalot,2
1476,3b730726-1e3e-4d2a-9bc3-61177fb5d031,2020/21,,,Nathan Aké,Nathan Aké,2
1477,2fc945e5-d19c-4530-a647-863b0ea4396d,2023/24,,,Rúben Dias,Rúben Dias,2
1478,493f278e-a61c-4a7b-bfbc-b7ae9d3926fb,2021/22,,,Joseph Gomez,Joseph Gomez,2
1479,978b7e27-fc49-4e82-b51b-26bc9a204756,2022/23,,,Kaoru Mitoma,Kaoru Mitoma,3
1480,d61ea56d-0474-4524-a061-9869f4ccbb19,2022/23,,,Bruno Fernandes,Bruno Fernandes,3
1481,ef0771b9-26c5-4915-8dea-392a26f45cbe,2023/24,,,Andrew Robertson,Andrew Robertson,2
1482,c49b3106-4c26-46c9-bbb8-4e132b81910a,2022/23,,,Djed Spence,Djed Spence,2
1483,84fa1217-2dbe-4acc-a446-1f78327fe989,2023/24,,,Conor Gallagher,Conor Gallagher,3
1484,e14a60b0-c5c3-482d-9b61-01d92aeaaef5,2019/20,,,Jordan Pickford,Jordan Pickford,1
1485,ba35841c-cdd5-4031-b2ad-00f11cc639c9,2018/19,,,Mohamed Salah,Mohamed Salah,3
1486,3a3343ac-df8a-4423-9c8f-614fa31f7612,2022/23,,,Valentino Livramento,Valentino Livramento,2
1487,cc48ff04-fda2-4ab5-b65d-7a7fe526fb2f,2021/22,,,Moisés Caicedo,Moisés Caicedo,3
1488,dd678e0b-c375-428e-96fa-615f1dc5f283,2023/24,,,Morgan Rogers,Morgan Rogers,3
1489,dc327a0e-c462-4b63-bdb0-a7def1b09ab3,2021/22,,,Craig Dawson,Craig Dawson,2
1490,2de4111b-3169-48a3-8e41-c9fc7e174dae,2023/24,,,Danny Welbeck,Danny Welbeck,4
1491,604bd9bd-bb7e-429a-916b-a63b3f098292,2020/21,,,Robin Olsen,Robin Olsen,1
1492,1ae7f23c-458b-4bbf-8b00-9eb6a8d3a2b2,2021/22,,,Ross Barkley,Ross Barkley,3
1493,8d8a8e65-90ee-4e5e-9e67-279929f6005d,2023/24,,,Adam Webster,Adam Webster,2
1494,26eaee45-f326-409e-8d39-72d972f14e96,2018/19,,,James Tarkowski,James Tarkowski,2
1495,35be4ca9-a98f-41cc-94e9-0c54c64ef3db,2020/21,,,Charlie Taylor,Charlie Taylor,2
1496,bdbdae70-b65b-42ef-8c71-652c3870558c,2021/22,,,Nathan Patterson,Nathan Patterson,2
1497,b917d372-2d17-444e-8384-8d2a9e5f8453,2022/23,,,Yoane Wissa,Yoane Wissa,3
1498,7299a365-c7d3-4fae-983c-d6b980719a1d,2022/23,,,Phil Foden,Phil Foden,3
1499,794ce9ff-d47d-43c0-b13c-1e48807bc608,2018/19,,,Luke Shaw,Luke Shaw,2
1500,cbeb32ec-d8f8-466d-8977-017ce20d9908,2021/22,,,Rayan Ait Nouri,Rayan Ait Nouri,2
1501,9c3e5a68-1061-402c-ad21-25b8c26178ff,2019/20,,,Tyrone Mings,Tyrone Mings,2
1502,e82f741c-7aaf-4807-bbfc-ce5f4a0d98b9,2016/17,,,Jarrod Bowen,Jarrod Bowen,3
1503,9d7e7d62-8e52-4b74-ba94-c1eb97aba0c6,2021/22,,,William Smallbone,William Smallbone,3
1504,119bb379-3aef-4f9e-8978-3e27561773b8,2016/17,,,Trent Alexander-Arnold,Trent Alexander-Arnold,2
1505,673743f6-2b57-4f2d-b024-440a9e0f77ce,2023/24,,,Christian Eriksen,Christian Eriksen,3
1506,7aaf79cc-c65b-4e01-bd0d-fc5bd58bece6,2019/20,,,Jeffrey Schlupp,Jeffrey Schlupp,3
1507,f51c9384-294d-43c3-9361-38f350856675,2018/19,,,Abdoulaye Doucouré,Abdoulaye Doucouré,3
1508,00490f26-6814-4df9-a1a8-8f3532e6a9e0,2021/22,,,Aaron Cresswell,Aaron Cresswell,2
1509,46b262ba-a864-4a5c-983b-8287c9e1b2c6,2023/24,,,Curtis Jones,Curtis Jones,3
1510,3acb44ae-5b2f-45c5-9869-84d7afbc168f,2023/24,,,Naouirou Ahamada,Naouirou Ahamada,3
1511,06c9080d-7207-41f4-a067-fa9ec2164b86,2020/21,,,Michail Antonio,Michail Antonio,4
1512,dd8d4123-995c-434f-8617-1ca644f6f2d8,2020/21,,,Tim Iroegbunam,Tim Iroegbunam,3
1513,ae038a6e-37a4-4610-ba9e-4cb35f66b3bd,2017/18,,,Ben Mee,Ben Mee,2
1514,c0b876d5-f9e9-4ea8-af27-9cb7687b1f92,2022/23,,,Andreas Pereira,Andreas Pereira,3
1515,97bf024e-98d7-4f14-9b3f-7f83a23c1d26,2023/24,,,Pedro Neto,Pedro Neto,3
1516,272bfaa8-fc18-42f2-8300-f77ca505a345,2021/22,,,Rodri,Rodri,3
1517,701caef7-4a05-4908-8c32-05de68526194,2021/22,,,Bruno Guimarães,Bruno Guimarães,3
1518,ae553ab7-226a-49c0-827b-6652d5d1c7a0,2021/22,,,Odsonne Edouard,Odsonne Edouard,4
1519,dc4a57f5-c41d-4b7c-9911-f8c0143162c6,2018/19,,,Kepa,Kepa,1
1520,497e140c-b603-4399-abb4-81cfb4a38b39,2017/18,,,Mario Lemina,Mario Lemina,3
1521,faa6df39-9f37-4a86-bb1a-58232e80156e,2022/23,,,Tim Ream,Tim Ream,2
1522,a813d09b-3694-4714-b863-bb5997ef8f43,2019/20,,,Fabian Schär,Fabian Schär,2
1523,7aaf79cc-c65b-4e01-bd0d-fc5bd58bece6,2021/22,,,Jeffrey Schlupp,Jeffrey Schlupp,3
1524,dd426201-6b0d-4e17-a9fa-639eeb2ac418,2022/23,,,Brennan Johnson,Brennan Johnson,4
1525,7f160bcd-c48f-454e-bd10-5d13e7b7a608,2021/22,,,Emil Krafth,Emil Krafth,2
1526,e1a5293d-11cb-4154-a20c-75d19e4a3ffb,2023/24,,,Tom Cairney,Tom Cairney,3
1527,ef0771b9-26c5-4915-8dea-392a26f45cbe,2019/20,,,Andrew Robertson,Andrew Robertson,2
1528,1a05965f-6a72-43c3-8a21-5d90201b464d,2022/23,,,Jordan Ayew,Jordan Ayew,3
1529,8c8cc68d-e4da-41c6-8716-a17bb3f8529e,2023/24,,,David Raya,David Raya,1
1530,d7143196-0a70-47fd-8ce7-f372f88a1381,2020/21,,,Adam Lallana,Adam Lallana,3
1531,114c54aa-c2b2-4adf-b9e3-052f9113dfdf,2021/22,,,Willy Boly,Willy Boly,2
1532,7045407f-356d-48d2-8736-5b310f8e703d,2022/23,,,Frank Onyeka,Frank Onyeka,3
1533,32a1a749-cbe9-42ad-9092-e85ebfa2d361,2019/20,,,Philip Billing,Philip Billing,3
1534,2b064b3d-3801-4f5d-b158-269afc136611,2020/21,,,Kyle Walker-Peters,Kyle Walker-Peters,2
1535,caaa5e05-744a-4b07-84ec-85c9f12315a7,2022/23,,,Solly March,Solly March,3
1536,fe136669-0afc-44f9-9800-1193f7670ceb,2023/24,,,Raheem Sterling,Raheem Sterling,3
1537,02d7c5e2-e436-461b-95e5-853765be5a86,2021/22,,,Kurt Zouma,Kurt Zouma,2
1538,2f0ea22d-f760-4599-a623-60f4e3be22f1,2021/22,,,Amad Diallo Traore,Amad Diallo Traore,3
1539,45f8df16-463f-4069-948a-36689e9398fe,2023/24,,,Nathaniel Clyne,Nathaniel Clyne,2
1540,2d73beaa-be2a-484c-9dff-1bf7927941e2,2021/22,,,Michael Keane,Michael Keane,2
1541,49acc28c-0579-4ecf-bb09-7844ec2862b6,2019/20,,,James Justin,James Justin,2
1542,1ae7f23c-458b-4bbf-8b00-9eb6a8d3a2b2,2023/24,,,Ross Barkley,Ross Barkley,3
1543,9c3e5a68-1061-402c-ad21-25b8c26178ff,2016/17,,,Tyrone Mings,Tyrone Mings,2
1544,2de4111b-3169-48a3-8e41-c9fc7e174dae,2020/21,,,Danny Welbeck,Danny Welbeck,4
1545,c932dd05-c46b-4c8e-bffd-ebc3be8f8402,2019/20,,,Matt Targett,Matt Targett,2
1546,6b8f9b22-9763-481f-9392-5c3cf4070706,2023/24,,,Oliver Skipp,Oliver Skipp,3
1547,15a27285-1e19-4e00-970d-f2ca8c65d987,2023/24,,,Maxwel Cornet,Maxwel Cornet,3
1548,57d51316-9d56-4d98-9df7-f5fc936704bb,2020/21,,,Nick Pope,Nick Pope,1
1549,152452e6-1e36-4c7b-b9aa-15d38bd2fcbb,2023/24,,,Bernardo Silva,Bernardo Silva,3
1550,119bb379-3aef-4f9e-8978-3e27561773b8,2019/20,,,Trent Alexander-Arnold,Trent Alexander-Arnold,2
1551,1e61bf4c-9c83-4a69-93cd-4ebf9a80b97e,2022/23,,,Lloyd Kelly,Lloyd Kelly,2
1552,54793335-03fc-44e7-8318-5da068f63263,2016/17,,,Joel Ward,Joel Ward,2
1553,25e1b024-b4c4-4732-9894-b39b4415754e,2023/24,,,Dominic Solanke,Dominic Solanke,4
1554,2456c5b8-e6c9-4ea3-9269-41f7c6216476,2020/21,,,Neco Williams,Neco Williams,2
1555,3c733308-8ffb-4ef6-b24b-81ae97163f7f,2016/17,,,Jack Stephens,Jack Stephens,2
1556,35fc7a46-7e2f-453b-8b2e-b7f3e35f6949,2023/24,,,Justin Kluivert,Justin Kluivert,3
1557,227b061b-86ff-48a9-ac03-db0cfec93961,2023/24,,,Miguel Almirón,Miguel Almirón,3
1558,359d703f-5c63-4bfe-8ccc-57d4ede0b37c,2023/24,,,Cristian Romero,Cristian Romero,2
1559,e3a78660-310f-4ed3-b4b7-77beca004592,2022/23,,,Jefferson Lerma,Jefferson Lerma,3
1560,dc4a57f5-c41d-4b7c-9911-f8c0143162c6,2022/23,,,Kepa,Kepa,1
1561,18518340-c700-4515-a0b4-90b371a9686e,2023/24,,,Mateo Kovacic,Mateo Kovacic,3
1562,2367f968-80af-48da-99cc-896d8e179fc2,2021/22,,,Fabio Silva,Fabio Silva,4
1563,ba35841c-cdd5-4031-b2ad-00f11cc639c9,2022/23,,,Mohamed Salah,Mohamed Salah,3
1564,320fe051-d0b5-4c7d-984b-d719a2196470,2021/22,,,Kieran Trippier,Kieran Trippier,2
1565,00490f26-6814-4df9-a1a8-8f3532e6a9e0,2022/23,,,Aaron Cresswell,Aaron Cresswell,2
1566,b390871c-5ff9-47b4-9fbc-8069f15ccc95,2022/23,,,Kristoffer Ajer,Kristoffer Ajer,2
1567,0f0a965d-ee11-4b11-8539-80efbdc86031,2016/17,,,Jamie Vardy,Jamie Vardy,4
1568,227b061b-86ff-48a9-ac03-db0cfec93961,2018/19,,,Miguel Almirón,Miguel Almirón,3
1569,ef0771b9-26c5-4915-8dea-392a26f45cbe,2018/19,,,Andrew Robertson,Andrew Robertson,2
1570,d7b7e799-d34b-45a5-9e63-719d4300cb4e,2022/23,,,Danny Ings,Danny Ings,4
1571,508e8ec8-ad8a-4db6-a32a-a6e1e5e02541,2018/19,,,Idrissa Gueye,Idrissa Gueye,3
1572,733bd107-f236-4471-9655-f01379c1bcc5,2023/24,,,Reiss Nelson,Reiss Nelson,3
1573,21eefcd3-6c20-4e20-aebf-36f50f38fdd1,2016/17,,,Kevin De Bruyne,Kevin De Bruyne,3
1574,134b692c-b3a5-477d-ae7b-610a63bac91c,2023/24,,,Joe Worrall,Joe Worrall,2
1575,a7f69c5f-2404-4f5c-af99-f4ab747da321,2022/23,,,Josh Dasilva,Josh Dasilva,3
1576,7f160bcd-c48f-454e-bd10-5d13e7b7a608,2019/20,,,Emil Krafth,Emil Krafth,2
1577,f51c9384-294d-43c3-9361-38f350856675,2017/18,,,Abdoulaye Doucouré,Abdoulaye Doucouré,3
1578,6e1f4c41-bcc9-4373-a593-e5f236ca9994,2018/19,,,Diogo Jota,Diogo Jota,3
1579,b6a0306c-bb5a-42f2-a3d9-399c51caa345,2020/21,,,Daniel Jebbison,Daniel Jebbison,4
1580,7cdd3161-7671-44b1-ba34-2c6aab483072,2020/21,,,Konstantinos Tsimikas,Konstantinos Tsimikas,2
1581,733bd107-f236-4471-9655-f01379c1bcc5,2022/23,,,Reiss Nelson,Reiss Nelson,3
1582,493f278e-a61c-4a7b-bfbc-b7ae9d3926fb,2018/19,,,Joseph Gomez,Joseph Gomez,2
1583,eed618bc-4fff-431a-8342-6e56d6875fda,2023/24,,,Wataru Endo,Wataru Endo,3
1584,f80af03e-0c06-492f-b2f8-3af6e47da055,2020/21,,,Bobby Reid,Bobby Reid,4
1585,657110e7-2562-4b51-83bf-69551e37f8c1,2021/22,,,Kyle Walker,Kyle Walker,2
1586,1887fa3c-0dc5-448b-9cf6-a4cac5f6ae96,2019/20,,,Jonny Evans,Jonny Evans,2
1587,b3f99367-3da0-4c23-b896-5bb59bae87a6,2019/20,,,Jan Bednarek,Jan Bednarek,2
1588,a7f69c5f-2404-4f5c-af99-f4ab747da321,2023/24,,,Josh Dasilva,Josh Dasilva,3
1589,64c1604f-20e8-4f70-aca6-234467915cdb,2022/23,,,Dan Burn,Dan Burn,2
1590,6b8f9b22-9763-481f-9392-5c3cf4070706,2020/21,,,Oliver Skipp,Oliver Skipp,3
1591,c932dd05-c46b-4c8e-bffd-ebc3be8f8402,2018/19,,,Matt Targett,Matt Targett,2
1592,3114f8f0-79c0-4955-ae6a-3dc31bfd90e1,2018/19,,,Youri Tielemans,Youri Tielemans,3
1593,863d933f-eb34-417e-9a08-e4007722bc29,2023/24,,,Neal Maupay,Neal Maupay,4
1594,c932dd05-c46b-4c8e-bffd-ebc3be8f8402,2023/24,,,Matt Targett,Matt Targett,2
1595,fe136669-0afc-44f9-9800-1193f7670ceb,2022/23,,,Raheem Sterling,Raheem Sterling,3
1596,602a32fc-f64c-41ec-93c9-32fc9192864c,2020/21,,,Wesley Fofana,Wesley Fofana,2
1597,d1f5f863-043f-4759-adbe-9489d6df04e1,2023/24,,,James Maddison,James Maddison,3
1598,a813d09b-3694-4714-b863-bb5997ef8f43,2023/24,,,Fabian Schär,Fabian Schär,2
1599,3b730726-1e3e-4d2a-9bc3-61177fb5d031,2017/18,,,Nathan Aké,Nathan Aké,2
1600,2f0ea22d-f760-4599-a623-60f4e3be22f1,2023/24,,,Amad Diallo Traore,Amad Diallo Traore,3
1601,46b035ea-3bfc-4c19-8e64-071f99e5ea70,2021/22,,,Rico Henry,Rico Henry,2
1602,9264f988-edf6-4115-80fe-5ab6cd0a9b04,2019/20,,,Wilfred Ndidi,Wilfred Ndidi,3
1603,2d7896e5-bdbb-4eed-90a1-e8f82a308761,2021/22,,,Ismaila Sarr,Ismaila Sarr,3
1604,dd8d4123-995c-434f-8617-1ca644f6f2d8,2023/24,,,Tim Iroegbunam,Tim Iroegbunam,3
1605,7ba0ee40-1601-49e4-8f1b-b9ae33eb4456,2023/24,,,Aaron Hickey,Aaron Hickey,2
1606,b2c4a6df-6c1d-49ff-b4e7-1c6c0212be83,2023/24,,,Matthew Cash,Matthew Cash,2
1607,e9cd5ef7-9417-43f8-885e-7fbb625e5f1a,2022/23,,,Kasey McAteer,Kasey McAteer,3
1608,508e8ec8-ad8a-4db6-a32a-a6e1e5e02541,2017/18,,,Idrissa Gueye,Idrissa Gueye,3
1609,26eaee45-f326-409e-8d39-72d972f14e96,2021/22,,,James Tarkowski,James Tarkowski,2
1610,b36cebaf-b61e-47db-baba-dee6e39cfa5b,2021/22,,,John McGinn,John McGinn,3
1611,45f8df16-463f-4069-948a-36689e9398fe,2018/19,,,Nathaniel Clyne,Nathaniel Clyne,2
1612,8c59aeca-3be0-48e3-87f3-abc04294867e,2018/19,,,Adam Smith,Adam Smith,2
1613,c0b876d5-f9e9-4ea8-af27-9cb7687b1f92,2023/24,,,Andreas Pereira,Andreas Pereira,3
1614,8295176c-01fe-478e-a689-ff94aed0fbd1,2023/24,,,Arijanet Muric,Arijanet Muric,1
1615,58ecb62d-6842-4969-9c96-1eb5f5a3844e,2021/22,,,Robert Sánchez,Robert Sánchez,1
1616,58fbf6e5-9ce2-410c-a1f9-e0d2f4607ad0,2021/22,,,Yves Bissouma,Yves Bissouma,3
1617,7958aac6-8834-478e-8351-fcad78301d6d,2023/24,,,Scott McTominay,Scott McTominay,3
1618,84546ac0-47e1-4932-b173-8e0f393efc0d,2022/23,,,Emiliano Martinez,Emiliano Martinez,1
1619,4817d2cb-729d-4ed5-80b3-8ba056309bf8,2023/24,,,Jaden Philogene-Bidace,Jaden Philogene-Bidace,3
1620,2de4111b-3169-48a3-8e41-c9fc7e174dae,2017/18,,,Danny Welbeck,Danny Welbeck,4
1621,caaa5e05-744a-4b07-84ec-85c9f12315a7,2023/24,,,Solly March,Solly March,3
1622,a3839c5a-f87e-48df-9a8d-dc0bc957b87b,2019/20,,,Chris Wood,Chris Wood,4
1623,4dba7c71-3721-48b7-8d06-f7a97d1e654c,2021/22,,,Rodrigo Bentancur,Rodrigo Bentancur,3
1624,1a66fd6a-6710-4f29-a6c5-89c04a1049b0,2023/24,,,Sam Johnstone,Sam Johnstone,1
1625,02d7c5e2-e436-461b-95e5-853765be5a86,2016/17,,,Kurt Zouma,Kurt Zouma,2
1626,84546ac0-47e1-4932-b173-8e0f393efc0d,2016/17,,,Emiliano Martinez,Emiliano Martinez,1
1627,7d0ce2be-20f7-4099-add3-2623af5b22d6,2018/19,,,Harvey Barnes,Harvey Barnes,3
1628,44241170-8423-49f8-85bb-deb69ddfa48f,2023/24,,,Ethan Pinnock,Ethan Pinnock,2
1629,049a7ce0-2122-4c95-b21b-097e3d229319,2018/19,,,Dominic Calvert-Lewin,Dominic Calvert-Lewin,4
1630,0dbe7e79-cbd1-44c8-b2e3-925b0070aa9b,2018/19,,,Jorginho,Jorginho,3
1631,bc7b3008-ecdf-482b-a820-20ef64676b4e,2022/23,,,Anthony Elanga,Anthony Elanga,3
1632,05a5a6ff-f492-4eb5-9719-6dcdf5e6916d,2023/24,,,Jakub Kiwior,Jakub Kiwior,2
1633,2d3c3a1d-0246-49a8-b713-fb234c752389,2018/19,,,Declan Rice,Declan Rice,2
1634,00490f26-6814-4df9-a1a8-8f3532e6a9e0,2023/24,,,Aaron Cresswell,Aaron Cresswell,2
1635,2658a869-5abe-4742-8aee-9b077e84eb37,2022/23,,,Carlos Alcaraz,Carlos Alcaraz,3
1636,0c132447-b77a-4ef3-8b76-773466c30a9f,2022/23,,,Raúl Jiménez,Raúl Jiménez,4
1637,6b8f9b22-9763-481f-9392-5c3cf4070706,2021/22,,,Oliver Skipp,Oliver Skipp,3
1638,d55f4f7d-068b-4c69-9cf2-de621d1d85ea,2019/20,,,Sander Berge,Sander Berge,3
1639,0f18b700-59c1-408d-bebb-69524169d4a4,2023/24,,,Mark Travers,Mark Travers,1
1640,1ae7f23c-458b-4bbf-8b00-9eb6a8d3a2b2,2020/21,,,Ross Barkley,Ross Barkley,3
1641,320fe051-d0b5-4c7d-984b-d719a2196470,2023/24,,,Kieran Trippier,Kieran Trippier,2
1642,e1a5293d-11cb-4154-a20c-75d19e4a3ffb,2018/19,,,Tom Cairney,Tom Cairney,3
1643,b7c44e29-4ef6-47a2-954c-0b60eeb245dd,2023/24,,,Rodrigo Muniz,Rodrigo Muniz,4
1644,1887fa3c-0dc5-448b-9cf6-a4cac5f6ae96,2021/22,,,Jonny Evans,Jonny Evans,2
1645,c283ee88-d305-40e4-8002-0308c558c5ae,2017/18,,,Ilkay Gündogan,Ilkay Gündogan,3
1646,0dbe7e79-cbd1-44c8-b2e3-925b0070aa9b,2022/23,,,Jorginho,Jorginho,3
1647,0770e266-9633-4bd7-9e25-b218ce04a2f4,2023/24,,,Alisson,Alisson,1
1648,3c733308-8ffb-4ef6-b24b-81ae97163f7f,2017/18,,,Jack Stephens,Jack Stephens,2
1649,45f8df16-463f-4069-948a-36689e9398fe,2022/23,,,Nathaniel Clyne,Nathaniel Clyne,2
1650,3359e9ae-5151-45b4-8e0c-77a2b0623e8d,2019/20,,,Lukasz Fabianski,Lukasz Fabianski,1
1651,dc327a0e-c462-4b63-bdb0-a7def1b09ab3,2020/21,,,Craig Dawson,Craig Dawson,2
1652,1a05965f-6a72-43c3-8a21-5d90201b464d,2018/19,,,Jordan Ayew,Jordan Ayew,3
1653,d38b9de7-2bbe-426b-95e8-712c23991199,2020/21,,,Joël Veltman,Joël Veltman,2
1654,7d0ce2be-20f7-4099-add3-2623af5b22d6,2019/20,,,Harvey Barnes,Harvey Barnes,3
1655,35be4ca9-a98f-41cc-94e9-0c54c64ef3db,2018/19,,,Charlie Taylor,Charlie Taylor,2
1656,8c847126-728a-47e6-8521-13af156a6181,2023/24,,,Matz Sels,Matz Sels,1
1657,dbbbab45-12ce-4799-94fb-9049cf691b9a,2023/24,,,Julio Enciso,Julio Enciso,3
1658,84fa1217-2dbe-4acc-a446-1f78327fe989,2022/23,,,Conor Gallagher,Conor Gallagher,3
1659,9d7e7d62-8e52-4b74-ba94-c1eb97aba0c6,2020/21,,,William Smallbone,William Smallbone,3
1660,5167d7b8-c362-4ebd-8d34-fc379f6ecaa3,2022/23,,,Son Heung-Min,Son Heung-Min,3
1661,89bd4d8a-948b-40e5-8958-5c47b1c373ec,2020/21,,,Emerson,Emerson,2
1662,e4e24720-d2ab-4a3b-a489-6cd5d1114cfd,2020/21,,,Aaron Ramsdale,Aaron Ramsdale,1
1663,cde448c3-c413-4852-ae1a-1a4fbac7e91a,2020/21,,,Ederson,Ederson,1
1664,8702ee2f-195f-4cb2-b2af-95159eaa74d8,2022/23,,,Ben White,Ben White,2
1665,00b52884-4ac1-4ef9-aa10-735b1f7d561a,2023/24,,,Jurriën Timber,Jurriën Timber,2
1666,a813d09b-3694-4714-b863-bb5997ef8f43,2022/23,,,Fabian Schär,Fabian Schär,2
1667,7d0ce2be-20f7-4099-add3-2623af5b22d6,2022/23,,,Harvey Barnes,Harvey Barnes,3
1668,c6e7ac73-23b7-4259-8695-c7198c3c43cc,2023/24,,,Sepp van den Berg,Sepp van den Berg,2
1669,2d73beaa-be2a-484c-9dff-1bf7927941e2,2019/20,,,Michael Keane,Michael Keane,2
1670,54793335-03fc-44e7-8318-5da068f63263,2023/24,,,Joel Ward,Joel Ward,2
1671,44dc201e-dc85-4982-a627-e938ddc48bc0,2019/20,,,Victor Lindelöf,Victor Lindelöf,2
1672,cde448c3-c413-4852-ae1a-1a4fbac7e91a,2021/22,,,Ederson,Ederson,1
1673,df3a988b-b09d-4529-a70a-6bff596cff56,2023/24,,,Ryan Gravenberch,Ryan Gravenberch,3
1674,003c34bb-f0e8-4fef-9e37-a09243dfdd5e,2021/22,,,Hamza Choudhury,Hamza Choudhury,3
1675,dd8d4123-995c-434f-8617-1ca644f6f2d8,2022/23,,,Tim Iroegbunam,Tim Iroegbunam,3
1676,46b262ba-a864-4a5c-983b-8287c9e1b2c6,2020/21,,,Curtis Jones,Curtis Jones,3
1677,88563d26-fdb6-4255-8558-cd35401b1e47,2020/21,,,Leif Davis,Leif Davis,2
1678,173cfe8b-f489-4922-8264-22e87c1dfc62,2023/24,,,Beto,Beto,4
1679,90385cd1-1b4d-4eb7-8f0e-4ec42ec27b40,2020/21,,,Gabriel Jesus,Gabriel Jesus,4
1680,e1303f74-c48f-4c2c-a6f4-d83d0b329911,2021/22,,,Ashley Young,Ashley Young,2
1681,bb980a5b-6f4c-4bb4-8f85-9c682f3370c6,2016/17,,,Oleksandr Zinchenko,Oleksandr Zinchenko,3
1682,1f21671d-d143-49c8-938f-b90e1b57a10e,2018/19,,,Callum Wilson,Callum Wilson,4
1683,5ab3f06e-434d-4640-952d-0e7e998d761d,2023/24,,,Enzo Fernández,Enzo Fernández,3
1684,e7dee554-60cc-4615-8474-50c260ae95ef,2021/22,,,Nélson Semedo,Nélson Semedo,2
1685,a3839c5a-f87e-48df-9a8d-dc0bc957b87b,2020/21,,,Chris Wood,Chris Wood,4
1686,77cea9fb-b868-43b2-9beb-87e8d91dd610,2018/19,,,James Milner,James Milner,3
1687,74afb9cb-18dd-4e48-aaa1-2267e42b6bf7,2020/21,,,Bernd Leno,Bernd Leno,1
1688,4df36947-8e5c-4cb4-8d24-e271e8313642,2023/24,,,Danilo,Danilo,3
1689,e4e24720-d2ab-4a3b-a489-6cd5d1114cfd,2023/24,,,Aaron Ramsdale,Aaron Ramsdale,1
1690,bec3286a-79d9-4125-ae8e-4c789e476cd5,2017/18,,,Jacob Murphy,Jacob Murphy,3
1691,afbf49b6-75a5-4592-ab2c-d08295a2a391,2023/24,,,José Sá,José Sá,1
1692,bec3286a-79d9-4125-ae8e-4c789e476cd5,2023/24,,,Jacob Murphy,Jacob Murphy,3
1693,0a8ab14f-a374-4492-9acc-0a1cf2fbb119,2021/22,,,James Ward-Prowse,James Ward-Prowse,3
1694,a7f69c5f-2404-4f5c-af99-f4ab747da321,2021/22,,,Josh Dasilva,Josh Dasilva,3
1695,18518340-c700-4515-a0b4-90b371a9686e,2020/21,,,Mateo Kovacic,Mateo Kovacic,3
1696,0847dcd8-082d-4991-8913-1e3bc242dcc3,2021/22,,,John Stones,John Stones,2
1697,7ceade22-f5db-4b3e-ae20-120cd46c67cf,2023/24,,,Josko Gvardiol,Josko Gvardiol,2
1698,a5e18fe7-45fc-4d0a-a4f8-ae032850f68a,2020/21,,,Issa Diop,Issa Diop,2
1699,0a8ab14f-a374-4492-9acc-0a1cf2fbb119,2023/24,,,James Ward-Prowse,James Ward-Prowse,3
1700,ae553ab7-226a-49c0-827b-6652d5d1c7a0,2022/23,,,Odsonne Edouard,Odsonne Edouard,4
1701,49acc28c-0579-4ecf-bb09-7844ec2862b6,2021/22,,,James Justin,James Justin,2
1702,0dbe7e79-cbd1-44c8-b2e3-925b0070aa9b,2023/24,,,Jorginho,Jorginho,3
1703,a260b16c-092a-4eaa-9f5d-4a8a425a65ff,2019/20,,,Giovani Lo Celso,Giovani Lo Celso,3
1704,9c3e5a68-1061-402c-ad21-25b8c26178ff,2022/23,,,Tyrone Mings,Tyrone Mings,2
1705,e1303f74-c48f-4c2c-a6f4-d83d0b329911,2019/20,,,Ashley Young,Ashley Young,2
1706,d7b7e799-d34b-45a5-9e63-719d4300cb4e,2016/17,,,Danny Ings,Danny Ings,4
1707,0c132447-b77a-4ef3-8b76-773466c30a9f,2023/24,,,Raúl Jiménez,Raúl Jiménez,4
1708,8702ee2f-195f-4cb2-b2af-95159eaa74d8,2021/22,,,Ben White,Ben White,2
1709,1f21671d-d143-49c8-938f-b90e1b57a10e,2021/22,,,Callum Wilson,Callum Wilson,4
1710,6464d7dc-b00f-4f30-95ef-28e68277b29a,2023/24,,,Igor Julio,Igor Julio,2
1711,5aaeed89-dd50-43b0-8bd5-0b00ffae7428,2022/23,,,Manor Solomon,Manor Solomon,3
1712,7299a365-c7d3-4fae-983c-d6b980719a1d,2021/22,,,Phil Foden,Phil Foden,3
1713,efcb34ce-b8ec-4f6e-8f4d-3f43931a54f6,2020/21,,,Tyrick Mitchell,Tyrick Mitchell,2
1714,a3839c5a-f87e-48df-9a8d-dc0bc957b87b,2021/22,,,Chris Wood,Chris Wood,4
1715,c20d9923-e246-4057-a326-8691402cb3bd,2020/21,,,Leandro Trossard,Leandro Trossard,3
1716,06bb6c3b-9a4c-4452-b53a-aff70107d7af,2022/23,,,Billy Gilmour,Billy Gilmour,3
1717,0552be44-9d74-4958-b8ba-3b4d84ed57b9,2023/24,,,Ollie Watkins,Ollie Watkins,4
1718,227b061b-86ff-48a9-ac03-db0cfec93961,2022/23,,,Miguel Almirón,Miguel Almirón,3
1719,0f24ddb4-65f2-4527-908d-a89f91277b34,2023/24,,,Kalvin Phillips,Kalvin Phillips,3
1720,49acc28c-0579-4ecf-bb09-7844ec2862b6,2020/21,,,James Justin,James Justin,2
1721,3706fb38-9c0f-4fa6-a4d3-69171dad0499,2019/20,,,Tomas Soucek,Tomas Soucek,3
1722,fef21c3b-20a9-4632-a6e3-8db0948f2205,2021/22,,,Harvey Elliott,Harvey Elliott,3
1723,90385cd1-1b4d-4eb7-8f0e-4ec42ec27b40,2019/20,,,Gabriel Jesus,Gabriel Jesus,4
1724,1a66fd6a-6710-4f29-a6c5-89c04a1049b0,2020/21,,,Sam Johnstone,Sam Johnstone,1
1725,97f710e3-4d5b-475f-b4fb-dedf2866e61d,2023/24,,,Lewis Hall,Lewis Hall,2
1726,97bf024e-98d7-4f14-9b3f-7f83a23c1d26,2020/21,,,Pedro Neto,Pedro Neto,3
1727,eaf2f6bc-da6a-44df-96c7-714275cd1719,2021/22,,,Bukayo Saka,Bukayo Saka,3
1728,134b692c-b3a5-477d-ae7b-610a63bac91c,2022/23,,,Joe Worrall,Joe Worrall,2
1729,8eab6ae2-9f42-4418-ad51-fa317717924f,2023/24,,,Orel Mangala,Orel Mangala,3
1730,d2f7294c-7df5-479c-9c9b-f550be9dda26,2021/22,,,Luis Díaz,Luis Díaz,3
1731,a813d09b-3694-4714-b863-bb5997ef8f43,2020/21,,,Fabian Schär,Fabian Schär,2
1732,9d7e7d62-8e52-4b74-ba94-c1eb97aba0c6,2022/23,,,William Smallbone,William Smallbone,3
1733,a253d98f-9eca-43f1-9015-5c8511d97c51,2023/24,,,Vitalii Mykolenko,Vitalii Mykolenko,2
1734,a4354aa0-6616-4c4e-9a28-b91936dd3ffa,2023/24,,,Jay Stansfield,Jay Stansfield,4
1735,2d73beaa-be2a-484c-9dff-1bf7927941e2,2022/23,,,Michael Keane,Michael Keane,2
1736,c7a4d6d5-531f-45e5-902b-a002babbdb49,2022/23,,,Alejandro Garnacho,Alejandro Garnacho,3
1737,5167d7b8-c362-4ebd-8d34-fc379f6ecaa3,2023/24,,,Son Heung-Min,Son Heung-Min,3
1738,cfa0cd66-03e4-4dac-b6ab-aaf0a86fddf8,2022/23,,,Gonçalo Guedes,Gonçalo Guedes,3
1739,9c3e5a68-1061-402c-ad21-25b8c26178ff,2020/21,,,Tyrone Mings,Tyrone Mings,2
1740,794ce9ff-d47d-43c0-b13c-1e48807bc608,2019/20,,,Luke Shaw,Luke Shaw,2
1741,eb6fd9d0-63c5-4080-a5ab-0e9751ec993d,2023/24,,,Konstantinos Mavropanos,Konstantinos Mavropanos,2
1742,d2f7294c-7df5-479c-9c9b-f550be9dda26,2023/24,,,Luis Díaz,Luis Díaz,3
1743,0be15e13-8da5-483c-a42e-ff087947359d,2020/21,,,Jesurun Rak-Sakyi,Jesurun Rak-Sakyi,3
1744,119bb379-3aef-4f9e-8978-3e27561773b8,2022/23,,,Trent Alexander-Arnold,Trent Alexander-Arnold,2
1745,ae038a6e-37a4-4610-ba9e-4cb35f66b3bd,2016/17,,,Ben Mee,Ben Mee,2
1746,8d8b3693-4c1c-41ff-a2ca-5adf8ab86188,2023/24,,,Vitaly Janelt,Vitaly Janelt,3
1747,d1f5f863-043f-4759-adbe-9489d6df04e1,2020/21,,,James Maddison,James Maddison,3
1748,794ce9ff-d47d-43c0-b13c-1e48807bc608,2020/21,,,Luke Shaw,Luke Shaw,2
1749,3b730726-1e3e-4d2a-9bc3-61177fb5d031,2016/17,,,Nathan Aké,Nathan Aké,2
1750,90385cd1-1b4d-4eb7-8f0e-4ec42ec27b40,2021/22,,,Gabriel Jesus,Gabriel Jesus,4
1751,657110e7-2562-4b51-83bf-69551e37f8c1,2018/19,,,Kyle Walker,Kyle Walker,2
1752,b340a5b0-42ae-4f2a-8096-1b227edae50a,2023/24,,,Elliot Anderson,Elliot Anderson,3
1753,97bf024e-98d7-4f14-9b3f-7f83a23c1d26,2021/22,,,Pedro Neto,Pedro Neto,3
1754,980c4351-c970-4fb0-afee-8820f742de9e,2018/19,,,Pierre-Emile Højbjerg,Pierre-Emile Højbjerg,3
1755,b36cebaf-b61e-47db-baba-dee6e39cfa5b,2019/20,,,John McGinn,John McGinn,3
1756,5167d7b8-c362-4ebd-8d34-fc379f6ecaa3,2020/21,,,Son Heung-Min,Son Heung-Min,3
1757,493f278e-a61c-4a7b-bfbc-b7ae9d3926fb,2023/24,,,Joseph Gomez,Joseph Gomez,2
1758,2d3c3a1d-0246-49a8-b713-fb234c752389,2022/23,,,Declan Rice,Declan Rice,3
1759,9e78f47f-6da8-4013-b7a8-87b63b1e07b6,2022/23,,,Kai Havertz,Kai Havertz,4
1760,6fde9f20-8252-414f-a30d-8fc120612036,2019/20,,,Chris Mepham,Chris Mepham,2
1761,8a942902-7e65-496f-97ab-36b2020d968f,2021/22,,,Ibrahima Konaté,Ibrahima Konaté,2
1762,2456c5b8-e6c9-4ea3-9269-41f7c6216476,2022/23,,,Neco Williams,Neco Williams,2
1763,babad0a4-ef7c-4e3c-804d-048bdc6c91d4,2019/20,,,Richarlison,Richarlison,4
1764,8702ee2f-195f-4cb2-b2af-95159eaa74d8,2023/24,,,Ben White,Ben White,2
1765,d61ea56d-0474-4524-a061-9869f4ccbb19,2023/24,,,Bruno Fernandes,Bruno Fernandes,3
1766,c5cedf3c-3401-4c4a-b95a-74dcf8a51156,2019/20,,,Ben Johnson,Ben Johnson,2
1767,359d703f-5c63-4bfe-8ccc-57d4ede0b37c,2021/22,,,Cristian Romero,Cristian Romero,2
1768,fd6c27e7-f130-4343-aa06-b74e8ef628fd,2018/19,,,Lucas Digne,Lucas Digne,2
1769,8f5b6126-8cee-4eda-9580-a85fb023a7b4,2020/21,,,Eberechi Eze,Eberechi Eze,3
1770,0847dcd8-082d-4991-8913-1e3bc242dcc3,2016/17,,,John Stones,John Stones,2
1771,396e1c5f-a102-4af3-a5b7-2d8ca2b3ef6f,2019/20,,,Alexis Mac Allister,Alexis Mac Allister,3
1772,2de4111b-3169-48a3-8e41-c9fc7e174dae,2019/20,,,Danny Welbeck,Danny Welbeck,4
1773,1e61bf4c-9c83-4a69-93cd-4ebf9a80b97e,2023/24,,,Lloyd Kelly,Lloyd Kelly,2
1774,e14a60b0-c5c3-482d-9b61-01d92aeaaef5,2018/19,,,Jordan Pickford,Jordan Pickford,1
1775,bb4f6fba-13e4-4517-94d5-33224b40e9a1,2018/19,,,Seamus Coleman,Seamus Coleman,2
1776,d55f4f7d-068b-4c69-9cf2-de621d1d85ea,2023/24,,,Sander Berge,Sander Berge,3
1777,66e81d3a-1171-4863-85cf-631953b28472,2023/24,,,Carney Chukwuemeka,Carney Chukwuemeka,3
1778,df63b4cc-23db-4b0e-b111-c978b6d7a21f,2021/22,,,Boubakary Soumare,Boubakary Soumare,3
1779,3858ec1b-1c61-4728-bcf3-15d955a16881,2021/22,,,Joe Willock,Joe Willock,3
1780,9aec606f-bff2-484a-9d8f-7f4c0fe7dfaa,2022/23,,,Keane Lewis-Potter,Keane Lewis-Potter,3
1781,2a008f35-80d2-45a1-b2c1-2431dec0d8cc,2023/24,,,Noni Madueke,Noni Madueke,3
1782,c0e3d0b0-8ab9-4301-85e4-ee12d5aa5e8b,2023/24,,,Boubacar Kamara,Boubacar Kamara,3
1783,b3f99367-3da0-4c23-b896-5bb59bae87a6,2018/19,,,Jan Bednarek,Jan Bednarek,2
1784,b066e645-c6a2-464e-b911-c0d83cb622ac,2021/22,,,Matt Doherty,Matt Doherty,2
1785,ec207835-87ee-4056-8795-9b04f054dd05,2023/24,,,Carlos Baleba,Carlos Baleba,3
1786,316ae259-265d-480f-93fa-4ce0f626e8b7,2019/20,,,Eddie Nketiah,Eddie Nketiah,4
1787,b90def95-9562-42fd-b58c-8fac67adb479,2019/20,,,Alex Iwobi,Alex Iwobi,3
1788,152452e6-1e36-4c7b-b9aa-15d38bd2fcbb,2019/20,,,Bernardo Silva,Bernardo Silva,3
1789,359d703f-5c63-4bfe-8ccc-57d4ede0b37c,2022/23,,,Cristian Romero,Cristian Romero,2
1790,1c660429-4643-421e-a350-ab36f78cb9a1,2018/19,,,James Garner,James Garner,3
1791,5c12b7ca-9d61-46d9-93a7-0aa3abd6eea2,2023/24,,,Ben Doak,Ben Doak,3
1792,3114f8f0-79c0-4955-ae6a-3dc31bfd90e1,2020/21,,,Youri Tielemans,Youri Tielemans,3
1793,18518340-c700-4515-a0b4-90b371a9686e,2022/23,,,Mateo Kovacic,Mateo Kovacic,3
1794,a5e18fe7-45fc-4d0a-a4f8-ae032850f68a,2019/20,,,Issa Diop,Issa Diop,2
1795,e45a67bc-f818-44b2-86f1-2b2c16924a11,2022/23,,,Evan Ferguson,Evan Ferguson,4
1796,58fbf6e5-9ce2-410c-a1f9-e0d2f4607ad0,2022/23,,,Yves Bissouma,Yves Bissouma,3
1797,f7aa5c64-8487-4dfa-ab29-01c4d8c10eb6,2021/22,,,Dwight McNeil,Dwight McNeil,3
1798,2367f968-80af-48da-99cc-896d8e179fc2,2020/21,,,Fabio Silva,Fabio Silva,4
1799,f5064d39-0ef6-4eea-8795-9bfa7bcda88d,2021/22,,,Will Hughes,Will Hughes,3
1800,bdbdae70-b65b-42ef-8c71-652c3870558c,2022/23,,,Nathan Patterson,Nathan Patterson,2
1801,4b2db969-8d0c-4c21-a939-0063ae590662,2019/20,,,Ben Chilwell,Ben Chilwell,2
1802,8702ee2f-195f-4cb2-b2af-95159eaa74d8,2020/21,,,Ben White,Ben White,2
1803,8e605721-6cde-4dac-8b83-eff0db4372f1,2023/24,,,André Onana,André Onana,1
1804,19446b56-6f52-401f-8bdc-6e5cd56bd471,2022/23,,,Illia Zabarnyi,Illia Zabarnyi,2
1805,a3839c5a-f87e-48df-9a8d-dc0bc957b87b,2017/18,,,Chris Wood,Chris Wood,4
1806,cb658622-94a6-4c72-8fc3-ee760080b729,2019/20,,,David Brooks,David Brooks,3
1807,3f381c8a-eeae-4940-9b06-ea05f752e310,2022/23,,,Morgan Gibbs-White,Morgan Gibbs-White,3
1808,423e1b12-0219-4921-9347-0631bb645a1c,2023/24,,,Joelinton,Joelinton,3
1809,0479f281-b698-4aba-ac40-86fedaa3eddf,2020/21,,,Harrison Reed,Harrison Reed,3
1810,1a05965f-6a72-43c3-8a21-5d90201b464d,2021/22,,,Jordan Ayew,Jordan Ayew,4
1811,a7c6ea10-4548-4496-be01-8385d6b36d66,2023/24,,,Yehor Yarmolyuk,Yehor Yarmolyuk,3
1812,b118bf52-b844-489f-9dbd-9062311f444a,2020/21,,,Pascal Groß,Pascal Groß,3
1813,a9b733b1-f28a-4ee6-9925-aacc58107500,2020/21,,,Harry Wilson,Harry Wilson,3
1814,85560e36-f11f-4635-b01b-aa5dbbf39dfe,2022/23,,,João Gomes,João Gomes,3
1815,2314bccb-dc23-4fe5-815c-e30d5e6f69cf,2020/21,,,Jannik Vestergaard,Jannik Vestergaard,2
1816,e4e24720-d2ab-4a3b-a489-6cd5d1114cfd,2019/20,,,Aaron Ramsdale,Aaron Ramsdale,1
1817,3b730726-1e3e-4d2a-9bc3-61177fb5d031,2021/22,,,Nathan Aké,Nathan Aké,2
1818,5167d7b8-c362-4ebd-8d34-fc379f6ecaa3,2019/20,,,Son Heung-Min,Son Heung-Min,3
1819,8f24ce04-4a4b-4faa-a0c3-0ecb9e6a6d2c,2022/23,,,Reece James,Reece James,2
1820,a25c6999-1ee7-4457-ba58-e393edf3e2e1,2022/23,,,João Félix,João Félix,4
1821,c20d9923-e246-4057-a326-8691402cb3bd,2023/24,,,Leandro Trossard,Leandro Trossard,3
1822,3f381c8a-eeae-4940-9b06-ea05f752e310,2021/22,,,Morgan Gibbs-White,Morgan Gibbs-White,3
1823,980c4351-c970-4fb0-afee-8820f742de9e,2023/24,,,Pierre-Emile Højbjerg,Pierre-Emile Højbjerg,3
1824,2b064b3d-3801-4f5d-b158-269afc136611,2017/18,,,Kyle Walker-Peters,Kyle Walker-Peters,2
1825,e4e24720-d2ab-4a3b-a489-6cd5d1114cfd,2022/23,,,Aaron Ramsdale,Aaron Ramsdale,1
1826,bec3286a-79d9-4125-ae8e-4c789e476cd5,2019/20,,,Jacob Murphy,Jacob Murphy,3
1827,babad0a4-ef7c-4e3c-804d-048bdc6c91d4,2018/19,,,Richarlison,Richarlison,4
1828,1ea6d7fc-080b-4ca4-af8d-d56469226c16,2023/24,,,Dara O'Shea,Dara O'Shea,2
1829,9e78f47f-6da8-4013-b7a8-87b63b1e07b6,2021/22,,,Kai Havertz,Kai Havertz,3
1830,77cea9fb-b868-43b2-9beb-87e8d91dd610,2023/24,,,James Milner,James Milner,3
1831,755babc2-28eb-47e7-bda6-3c28588e49bf,2016/17,,,Adama Traoré,Adama Traoré,3
1832,d773f228-5102-4554-a7e4-aadc6a213084,2023/24,,,Tyler Adams,Tyler Adams,3
1833,bb980a5b-6f4c-4bb4-8f85-9c682f3370c6,2018/19,,,Oleksandr Zinchenko,Oleksandr Zinchenko,3
1834,1c5ff361-4a45-48ba-b2e2-55c967518fac,2022/23,,,Kobbie Mainoo,Kobbie Mainoo,3
1835,bc7b3008-ecdf-482b-a820-20ef64676b4e,2020/21,,,Anthony Elanga,Anthony Elanga,3
1836,9f5c0372-965f-4c09-a409-48c6e1ba28fa,2023/24,,,Ian Maatsen,Ian Maatsen,3
1837,8fc63c4c-fe1d-4ba7-b070-dc23c576cc89,2020/21,,,Gabriel,Gabriel,2
1838,1a66fd6a-6710-4f29-a6c5-89c04a1049b0,2022/23,,,Sam Johnstone,Sam Johnstone,1
1839,049a7ce0-2122-4c95-b21b-097e3d229319,2022/23,,,Dominic Calvert-Lewin,Dominic Calvert-Lewin,4
1840,d7b7e799-d34b-45a5-9e63-719d4300cb4e,2020/21,,,Danny Ings,Danny Ings,4
1841,a260b16c-092a-4eaa-9f5d-4a8a425a65ff,2023/24,,,Giovani Lo Celso,Giovani Lo Celso,3
1842,7958aac6-8834-478e-8351-fcad78301d6d,2021/22,,,Scott McTominay,Scott McTominay,3
1843,02539faa-015d-44f3-9210-cfd5e296a32d,2020/21,,,Joachim Andersen,Joachim Andersen,2
1844,ca2fad3c-7b24-4564-b856-18eaa1454bb8,2023/24,,,Bart Verbruggen,Bart Verbruggen,1
1845,0dbe7e79-cbd1-44c8-b2e3-925b0070aa9b,2020/21,,,Jorginho,Jorginho,3
1846,4b2db969-8d0c-4c21-a939-0063ae590662,2021/22,,,Ben Chilwell,Ben Chilwell,2
1847,78b25f86-58fe-4875-b7a0-38e71d54ad53,2019/20,,,João Pedro,João Pedro,4
1848,b36cebaf-b61e-47db-baba-dee6e39cfa5b,2023/24,,,John McGinn,John McGinn,3
1849,8d8a8e65-90ee-4e5e-9e67-279929f6005d,2021/22,,,Adam Webster,Adam Webster,2
1850,b90def95-9562-42fd-b58c-8fac67adb479,2023/24,,,Alex Iwobi,Alex Iwobi,3
1851,b0076fa1-2d94-4513-82f0-93616a4e0e84,2021/22,,,Emile Smith-Rowe,Emile Smith-Rowe,3
1852,602a32fc-f64c-41ec-93c9-32fc9192864c,2023/24,,,Wesley Fofana,Wesley Fofana,2
1853,babad0a4-ef7c-4e3c-804d-048bdc6c91d4,2020/21,,,Richarlison,Richarlison,4
1854,755babc2-28eb-47e7-bda6-3c28588e49bf,2021/22,,,Adama Traoré,Adama Traoré,3
1855,497e140c-b603-4399-abb4-81cfb4a38b39,2020/21,,,Mario Lemina,Mario Lemina,3
1856,fef21c3b-20a9-4632-a6e3-8db0948f2205,2019/20,,,Harvey Elliott,Harvey Elliott,3
1857,b2c4a6df-6c1d-49ff-b4e7-1c6c0212be83,2020/21,,,Matthew Cash,Matthew Cash,2
1858,dc327a0e-c462-4b63-bdb0-a7def1b09ab3,2016/17,,,Craig Dawson,Craig Dawson,2
1859,00490f26-6814-4df9-a1a8-8f3532e6a9e0,2017/18,,,Aaron Cresswell,Aaron Cresswell,2
1860,da40d2fc-9fb1-4653-874a-386c8feae25e,2022/23,,,Crysencio Summerville,Crysencio Summerville,3
1861,6d3fb615-c3e0-4895-b384-57dcb3dc557e,2023/24,,,Erling Haaland,Erling Haaland,4
1862,3c733308-8ffb-4ef6-b24b-81ae97163f7f,2020/21,,,Jack Stephens,Jack Stephens,2
1863,ef0771b9-26c5-4915-8dea-392a26f45cbe,2020/21,,,Andrew Robertson,Andrew Robertson,2
1864,f7aa5c64-8487-4dfa-ab29-01c4d8c10eb6,2019/20,,,Dwight McNeil,Dwight McNeil,3
1865,3c733308-8ffb-4ef6-b24b-81ae97163f7f,2018/19,,,Jack Stephens,Jack Stephens,2
1866,44dc201e-dc85-4982-a627-e938ddc48bc0,2018/19,,,Victor Lindelöf,Victor Lindelöf,2
1867,b066e645-c6a2-464e-b911-c0d83cb622ac,2019/20,,,Matt Doherty,Matt Doherty,2
1868,faa6df39-9f37-4a86-bb1a-58232e80156e,2018/19,,,Tim Ream,Tim Ream,2
1869,faa6df39-9f37-4a86-bb1a-58232e80156e,2023/24,,,Tim Ream,Tim Ream,2
1870,96e5f281-158d-4a4d-8dee-93ed027fa325,2016/17,,,Aaron Wan-Bissaka,Aaron Wan-Bissaka,3
1871,77cea9fb-b868-43b2-9beb-87e8d91dd610,2021/22,,,James Milner,James Milner,3
1872,398e6afe-d051-47bb-936c-de955dad0612,2016/17,,,Ryan Fraser,Ryan Fraser,3
1873,32a1a749-cbe9-42ad-9092-e85ebfa2d361,2023/24,,,Philip Billing,Philip Billing,3
1874,b0076fa1-2d94-4513-82f0-93616a4e0e84,2023/24,,,Emile Smith-Rowe,Emile Smith-Rowe,3
1875,4eee3faa-33dc-49a8-9bd3-8a2463d975e0,2023/24,,,Kenny Tete,Kenny Tete,2
1876,316ae259-265d-480f-93fa-4ce0f626e8b7,2020/21,,,Eddie Nketiah,Eddie Nketiah,4
1877,54a322fe-500f-4fe6-8649-8c4ba756995e,2023/24,,,Cameron Archer,Cameron Archer,4
1878,eaf2f6bc-da6a-44df-96c7-714275cd1719,2020/21,,,Bukayo Saka,Bukayo Saka,3
1879,c283ee88-d305-40e4-8002-0308c558c5ae,2022/23,,,Ilkay Gündogan,Ilkay Gündogan,3
1880,d7b7e799-d34b-45a5-9e63-719d4300cb4e,2017/18,,,Danny Ings,Danny Ings,4
1881,90385cd1-1b4d-4eb7-8f0e-4ec42ec27b40,2017/18,,,Gabriel Jesus,Gabriel Jesus,4
1882,398e6afe-d051-47bb-936c-de955dad0612,2019/20,,,Ryan Fraser,Ryan Fraser,3
1883,26eaee45-f326-409e-8d39-72d972f14e96,2019/20,,,James Tarkowski,James Tarkowski,2
1884,701caef7-4a05-4908-8c32-05de68526194,2022/23,,,Bruno Guimarães,Bruno Guimarães,3
1885,fd6c27e7-f130-4343-aa06-b74e8ef628fd,2023/24,,,Lucas Digne,Lucas Digne,2
1886,7aaf79cc-c65b-4e01-bd0d-fc5bd58bece6,2020/21,,,Jeffrey Schlupp,Jeffrey Schlupp,3
1887,499022db-4b66-47a6-9be9-f8ba92e29786,2020/21,,,Harry Maguire,Harry Maguire,2
1888,77cea9fb-b868-43b2-9beb-87e8d91dd610,2019/20,,,James Milner,James Milner,3
1889,89bd4d8a-948b-40e5-8958-5c47b1c373ec,2023/24,,,Emerson,Emerson,2
1890,bfd0282a-2b61-49c9-98e7-a2f22f330e82,2023/24,,,Ola Aina,Ola Aina,2
1891,d02b81d6-108e-4cfd-b34b-80f3ae2382ca,2022/23,,,Antoine Semenyo,Antoine Semenyo,4
1892,b066e645-c6a2-464e-b911-c0d83cb622ac,2018/19,,,Matt Doherty,Matt Doherty,2
1893,0a08f076-b5ad-40a4-ac56-0dd943858329,2021/22,,,Mathias Jensen,Mathias Jensen,3
1894,6e1f4c41-bcc9-4373-a593-e5f236ca9994,2020/21,,,Diogo Jota,Diogo Jota,3
1895,4ebbd927-7869-42c7-a226-2ad79d9f6b61,2021/22,,,Hee-Chan Hwang,Hee-Chan Hwang,4
1896,b118bf52-b844-489f-9dbd-9062311f444a,2021/22,,,Pascal Groß,Pascal Groß,3
1897,604bd9bd-bb7e-429a-916b-a63b3f098292,2023/24,,,Robin Olsen,Robin Olsen,1
1898,44dc201e-dc85-4982-a627-e938ddc48bc0,2020/21,,,Victor Lindelöf,Victor Lindelöf,2
1899,954cea21-640d-4ae9-80ba-685f406277dc,2023/24,,,Jan Paul van Hecke,Jan Paul van Hecke,2
1900,8a942902-7e65-496f-97ab-36b2020d968f,2022/23,,,Ibrahima Konaté,Ibrahima Konaté,2
1901,6bd06b24-334f-4fdb-9746-1d98ccfcfe3f,2022/23,,,Callum Hudson-Odoi,Callum Hudson-Odoi,3
1902,396e1c5f-a102-4af3-a5b7-2d8ca2b3ef6f,2020/21,,,Alexis Mac Allister,Alexis Mac Allister,3
1903,709d3031-90a5-4a10-ace0-73b80225cb0f,2018/19,,,Sean Longstaff,Sean Longstaff,3
1904,285a763c-d124-443b-acd8-10f0b8778b8f,2020/21,,,Mason Holgate,Mason Holgate,2
1905,d61ea56d-0474-4524-a061-9869f4ccbb19,2020/21,,,Bruno Fernandes,Bruno Fernandes,3
1906,5627a160-9c95-443d-92f6-42bd33cb437c,2023/24,,,Pape Sarr,Pape Sarr,3
1907,8f1d4346-d35a-4749-8d5f-d2d33fa49863,2023/24,,,Mark Flekken,Mark Flekken,1
1908,0dbe7e79-cbd1-44c8-b2e3-925b0070aa9b,2021/22,,,Jorginho,Jorginho,3
1909,af5e5726-fb1e-4fdb-8879-a28afd3dde17,2022/23,,,Matt Turner,Matt Turner,1
1910,af860212-099b-4083-9c6b-0b667e106d07,2023/24,,,Myles Lewis-Skelly,Myles Lewis-Skelly,3
1911,d7c96669-436e-4944-b54d-59695cfd26c6,2020/21,,,William Osula,William Osula,4
1912,faa6df39-9f37-4a86-bb1a-58232e80156e,2020/21,,,Tim Ream,Tim Ream,2
1913,8c59aeca-3be0-48e3-87f3-abc04294867e,2017/18,,,Adam Smith,Adam Smith,2
1914,b15d2b09-385b-46e8-80b3-c9705da992b9,2021/22,,,Jack Harrison,Jack Harrison,3
1915,8c59aeca-3be0-48e3-87f3-abc04294867e,2023/24,,,Adam Smith,Adam Smith,2
1916,46b262ba-a864-4a5c-983b-8287c9e1b2c6,2019/20,,,Curtis Jones,Curtis Jones,3
1917,272bfaa8-fc18-42f2-8300-f77ca505a345,2022/23,,,Rodri,Rodri,3
1918,701caef7-4a05-4908-8c32-05de68526194,2023/24,,,Bruno Guimarães,Bruno Guimarães,3
1919,ba35841c-cdd5-4031-b2ad-00f11cc639c9,2021/22,,,Mohamed Salah,Mohamed Salah,3
1920,dac09667-7631-4ead-95e7-53d1a814d4f1,2022/23,,,Mads Roerslev,Mads Roerslev,2
1921,3114f8f0-79c0-4955-ae6a-3dc31bfd90e1,2019/20,,,Youri Tielemans,Youri Tielemans,3
1922,96e5f281-158d-4a4d-8dee-93ed027fa325,2021/22,,,Aaron Wan-Bissaka,Aaron Wan-Bissaka,2
1923,2fc945e5-d19c-4530-a647-863b0ea4396d,2020/21,,,Rúben Dias,Rúben Dias,2
1924,54793335-03fc-44e7-8318-5da068f63263,2020/21,,,Joel Ward,Joel Ward,2
1925,b017da9f-56f3-43d0-81ba-ba7a3806e0b6,2022/23,,,Estupiñán,Estupiñán,2
1926,dac09667-7631-4ead-95e7-53d1a814d4f1,2023/24,,,Mads Roerslev,Mads Roerslev,2
1927,36b875ed-889a-4d7f-a5e7-f57bb5b23e4e,2023/24,,,Rasmus Højlund,Rasmus Højlund,4
1928,b5e6c9ad-10c2-4bff-9f45-746f6a7b3465,2020/21,,,Martin Odegaard,Martin Odegaard,3
1929,125ec0fc-cbeb-467a-8e71-8f0ada688670,2023/24,,,Nathan Collins,Nathan Collins,2
1930,97bf024e-98d7-4f14-9b3f-7f83a23c1d26,2022/23,,,Pedro Neto,Pedro Neto,3
1931,106be257-c769-429d-8343-e6a75dd3b6dd,2022/23,,,Tosin Adarabioyo,Tosin Adarabioyo,2
1932,9e78f47f-6da8-4013-b7a8-87b63b1e07b6,2023/24,,,Kai Havertz,Kai Havertz,3
1933,3acb44ae-5b2f-45c5-9869-84d7afbc168f,2022/23,,,Naouirou Ahamada,Naouirou Ahamada,3
1934,c5cedf3c-3401-4c4a-b95a-74dcf8a51156,2017/18,,,Ben Johnson,Ben Johnson,2
1935,152452e6-1e36-4c7b-b9aa-15d38bd2fcbb,2017/18,,,Bernardo Silva,Bernardo Silva,3
1936,b118bf52-b844-489f-9dbd-9062311f444a,2017/18,,,Pascal Groß,Pascal Groß,3
1937,cb658622-94a6-4c72-8fc3-ee760080b729,2022/23,,,David Brooks,David Brooks,3
1938,7958aac6-8834-478e-8351-fcad78301d6d,2018/19,,,Scott McTominay,Scott McTominay,3
1939,67217edb-a846-4ac9-878e-2ddcc1dadfcf,2021/22,,,Liam Delap,Liam Delap,4
1940,a9b733b1-f28a-4ee6-9925-aacc58107500,2016/17,,,Harry Wilson,Harry Wilson,3
1941,dd74e658-57fa-4e99-ac94-889f064764fa,2022/23,,,Max Kilman,Max Kilman,2
1942,74afb9cb-18dd-4e48-aaa1-2267e42b6bf7,2022/23,,,Bernd Leno,Bernd Leno,1
1943,9ddeea34-afa6-43b2-9718-40ac87c1da54,2022/23,,,Darwin Núñez,Darwin Núñez,4
1944,fe136669-0afc-44f9-9800-1193f7670ceb,2017/18,,,Raheem Sterling,Raheem Sterling,3
1945,15a27285-1e19-4e00-970d-f2ca8c65d987,2021/22,,,Maxwel Cornet,Maxwel Cornet,3
1946,1c660429-4643-421e-a350-ab36f78cb9a1,2019/20,,,James Garner,James Garner,3
1947,1c660429-4643-421e-a350-ab36f78cb9a1,2023/24,,,James Garner,James Garner,3
1948,2d3c3a1d-0246-49a8-b713-fb234c752389,2023/24,,,Declan Rice,Declan Rice,3
1949,c8c438ab-f065-4b03-9765-3002b42f3a58,2023/24,,,Radu Dragusin,Radu Dragusin,2
1950,217fc6f8-7182-4de9-b44a-3c51d0147fb9,2022/23,,,Harry Winks,Harry Winks,3
1951,da40d2fc-9fb1-4653-874a-386c8feae25e,2021/22,,,Crysencio Summerville,Crysencio Summerville,3
1952,b340a5b0-42ae-4f2a-8096-1b227edae50a,2020/21,,,Elliot Anderson,Elliot Anderson,3
1953,6e1f4c41-bcc9-4373-a593-e5f236ca9994,2021/22,,,Diogo Jota,Diogo Jota,3
1954,6d5abde7-1f76-477a-acc0-ca49a9fd4ab3,2020/21,,,Antonee Robinson,Antonee Robinson,2
1955,4b2db969-8d0c-4c21-a939-0063ae590662,2017/18,,,Ben Chilwell,Ben Chilwell,2
1956,05a5a6ff-f492-4eb5-9719-6dcdf5e6916d,2022/23,,,Jakub Kiwior,Jakub Kiwior,2
1957,830feb86-402a-4daf-affa-3f675202527d,2023/24,,,Jadon Sancho,Jadon Sancho,3
1958,35abb6ba-fa65-4591-b6f1-295bd4189044,2019/20,,,Dean Henderson,Dean Henderson,1
1959,dfc945e1-aaca-4013-b2b3-96e85b299423,2023/24,,,Mason Mount,Mason Mount,3
1960,6e1f4c41-bcc9-4373-a593-e5f236ca9994,2019/20,,,Diogo Jota,Diogo Jota,4
1961,d02b81d6-108e-4cfd-b34b-80f3ae2382ca,2023/24,,,Antoine Semenyo,Antoine Semenyo,4
1962,efcb34ce-b8ec-4f6e-8f4d-3f43931a54f6,2021/22,,,Tyrick Mitchell,Tyrick Mitchell,2
1963,6b8f9b22-9763-481f-9392-5c3cf4070706,2019/20,,,Oliver Skipp,Oliver Skipp,3
1964,1e61bf4c-9c83-4a69-93cd-4ebf9a80b97e,2019/20,,,Lloyd Kelly,Lloyd Kelly,2
1965,bb4f6fba-13e4-4517-94d5-33224b40e9a1,2023/24,,,Seamus Coleman,Seamus Coleman,2
1966,3c391ec3-cacd-400c-9e80-0d013716e132,2018/19,,,Alex McCarthy,Alex McCarthy,1
1967,152452e6-1e36-4c7b-b9aa-15d38bd2fcbb,2018/19,,,Bernardo Silva,Bernardo Silva,3
1968,755babc2-28eb-47e7-bda6-3c28588e49bf,2019/20,,,Adama Traoré,Adama Traoré,3
1969,f40ca710-a641-4a8e-b003-eb74fd196192,2021/22,,,Samuel Edozie,Samuel Edozie,3
1970,954cea21-640d-4ae9-80ba-685f406277dc,2022/23,,,Jan Paul van Hecke,Jan Paul van Hecke,2
1971,a260b16c-092a-4eaa-9f5d-4a8a425a65ff,2020/21,,,Giovani Lo Celso,Giovani Lo Celso,3
1972,c5cedf3c-3401-4c4a-b95a-74dcf8a51156,2021/22,,,Ben Johnson,Ben Johnson,2
1973,4dc79854-22a7-4d9a-b7e6-6b6024465d87,2021/22,,,Marc Guehi,Marc Guehi,2
1974,5627a160-9c95-443d-92f6-42bd33cb437c,2022/23,,,Pape Sarr,Pape Sarr,3
1975,449e9cef-9d16-4746-b7ed-c80f87304b3e,2018/19,,,Conor Coady,Conor Coady,2
1976,e1303f74-c48f-4c2c-a6f4-d83d0b329911,2023/24,,,Ashley Young,Ashley Young,2
1977,003c34bb-f0e8-4fef-9e37-a09243dfdd5e,2022/23,,,Hamza Choudhury,Hamza Choudhury,3
1978,205e17ad-76e5-4a8a-ba2d-17e068f39ce2,2023/24,,,Jack Hinshelwood,Jack Hinshelwood,3
1979,90385cd1-1b4d-4eb7-8f0e-4ec42ec27b40,2016/17,,,Gabriel Jesus,Gabriel Jesus,4
1980,83bf64c5-d053-4c9b-88a8-2fe044533999,2023/24,,,Alexander Isak,Alexander Isak,4
1981,e4e24720-d2ab-4a3b-a489-6cd5d1114cfd,2016/17,,,Aaron Ramsdale,Aaron Ramsdale,1
1982,003c34bb-f0e8-4fef-9e37-a09243dfdd5e,2019/20,,,Hamza Choudhury,Hamza Choudhury,3
1983,77cea9fb-b868-43b2-9beb-87e8d91dd610,2020/21,,,James Milner,James Milner,3
1984,0a08f076-b5ad-40a4-ac56-0dd943858329,2022/23,,,Mathias Jensen,Mathias Jensen,3
1985,0770e266-9633-4bd7-9e25-b218ce04a2f4,2020/21,,,Alisson,Alisson,1
1986,f5064d39-0ef6-4eea-8795-9bfa7bcda88d,2019/20,,,Will Hughes,Will Hughes,3
1987,d86e3efa-0331-4d5e-94c6-ec063d3fa29e,2023/24,,,Manuel Akanji,Manuel Akanji,2
1988,9264f988-edf6-4115-80fe-5ab6cd0a9b04,2017/18,,,Wilfred Ndidi,Wilfred Ndidi,3
1989,8b74ab57-db22-45f4-80ce-8e5d59b3ce3b,2021/22,,,Bryan Mbeumo,Bryan Mbeumo,3
1990,3f381c8a-eeae-4940-9b06-ea05f752e310,2018/19,,,Morgan Gibbs-White,Morgan Gibbs-White,3
1991,2d73beaa-be2a-484c-9dff-1bf7927941e2,2017/18,,,Michael Keane,Michael Keane,2
1992,320fe051-d0b5-4c7d-984b-d719a2196470,2016/17,,,Kieran Trippier,Kieran Trippier,2
1993,1e46a4d9-cd92-4103-ae5d-7b19e745dcd1,2020/21,,,Taylor Harwood-Bellis,Taylor Harwood-Bellis,2
1994,755babc2-28eb-47e7-bda6-3c28588e49bf,2018/19,,,Adama Traoré,Adama Traoré,3
1995,d55f4f7d-068b-4c69-9cf2-de621d1d85ea,2020/21,,,Sander Berge,Sander Berge,3
1996,b7d5d127-bdfb-497e-9767-9dee5b80a9eb,2021/22,,,Jason Steele,Jason Steele,1
1997,02539faa-015d-44f3-9210-cfd5e296a32d,2022/23,,,Joachim Andersen,Joachim Andersen,2
1998,1f21671d-d143-49c8-938f-b90e1b57a10e,2022/23,,,Callum Wilson,Callum Wilson,4
1999,66e81d3a-1171-4863-85cf-631953b28472,2022/23,,,Carney Chukwuemeka,Carney Chukwuemeka,3
2000,5640420e-6a7a-4897-b6cf-1906ca0ce6a5,2021/22,,,Thomas Partey,Thomas Partey,3
2001,3f381c8a-eeae-4940-9b06-ea05f752e310,2019/20,,,Morgan Gibbs-White,Morgan Gibbs-White,3
2002,4dba7c71-3721-48b7-8d06-f7a97d1e654c,2023/24,,,Rodrigo Bentancur,Rodrigo Bentancur,3
2003,f51c9384-294d-43c3-9361-38f350856675,2019/20,,,Abdoulaye Doucouré,Abdoulaye Doucouré,3
2004,285a763c-d124-443b-acd8-10f0b8778b8f,2018/19,,,Mason Holgate,Mason Holgate,2
2005,3706fb38-9c0f-4fa6-a4d3-69171dad0499,2023/24,,,Tomas Soucek,Tomas Soucek,3
2006,b90def95-9562-42fd-b58c-8fac67adb479,2016/17,,,Alex Iwobi,Alex Iwobi,3
2007,96e5f281-158d-4a4d-8dee-93ed027fa325,2023/24,,,Aaron Wan-Bissaka,Aaron Wan-Bissaka,2
2008,a4354aa0-6616-4c4e-9a28-b91936dd3ffa,2022/23,,,Jay Stansfield,Jay Stansfield,4
2009,d7143196-0a70-47fd-8ce7-f372f88a1381,2016/17,,,Adam Lallana,Adam Lallana,3
2010,4817d2cb-729d-4ed5-80b3-8ba056309bf8,2020/21,,,Jaden Philogene-Bidace,Jaden Philogene-Bidace,3
2011,7fc92228-dc92-40c8-8907-f3400530fe23,2022/23,,,Vladimir Coufal,Vladimir Coufal,2
2012,26eaee45-f326-409e-8d39-72d972f14e96,2017/18,,,James Tarkowski,James Tarkowski,2
2013,90e55f29-eaf3-45ba-b6d3-9f50aa3d550f,2023/24,,,Facundo Buonanotte,Facundo Buonanotte,3
2014,8e9b9927-a7a9-4302-8cd0-774e1e696c78,2023/24,,,Ethan Nwaneri,Ethan Nwaneri,3
2015,1e46a4d9-cd92-4103-ae5d-7b19e745dcd1,2019/20,,,Taylor Harwood-Bellis,Taylor Harwood-Bellis,2
2016,fb90f28e-7da5-4951-9e8a-b8a35718154c,2021/22,,,Lamare Bogarde,Lamare Bogarde,2
2017,3c643231-db3b-46f4-80f0-a33979f63288,2019/20,,,Jack Grealish,Jack Grealish,3
2018,b36cebaf-b61e-47db-baba-dee6e39cfa5b,2022/23,,,John McGinn,John McGinn,3
2019,c283ee88-d305-40e4-8002-0308c558c5ae,2016/17,,,Ilkay Gündogan,Ilkay Gündogan,3
2020,bfd0282a-2b61-49c9-98e7-a2f22f330e82,2016/17,,,Ola Aina,Ola Aina,2
2021,b4488bc0-e064-48b7-b498-c58aa2b1836f,2022/23,,,Álex Moreno,Álex Moreno,2
2022,8f24ce04-4a4b-4faa-a0c3-0ecb9e6a6d2c,2019/20,,,Reece James,Reece James,2
2023,2d7896e5-bdbb-4eed-90a1-e8f82a308761,2019/20,,,Ismaila Sarr,Ismaila Sarr,3
2024,dc4a57f5-c41d-4b7c-9911-f8c0143162c6,2023/24,,,Kepa,Kepa,1
2025,bb980a5b-6f4c-4bb4-8f85-9c682f3370c6,2017/18,,,Oleksandr Zinchenko,Oleksandr Zinchenko,3
2026,f51c9384-294d-43c3-9361-38f350856675,2020/21,,,Abdoulaye Doucouré,Abdoulaye Doucouré,3
2027,c223afda-87c1-48ff-af73-e6826c02b2c2,2021/22,,,Jarell Quansah,Jarell Quansah,2
2028,53f6428c-e03e-4b83-9596-03cfaf24f761,2023/24,,,Wes Foderingham,Wes Foderingham,1
2029,86e096b9-965f-4b13-bc0b-7dc91707f0d4,2021/22,,,Anthony Gordon,Anthony Gordon,3
2030,8a0b53aa-a122-4ea8-8a32-fb80f11f2cdc,2021/22,,,Virgil van Dijk,Virgil van Dijk,2
2031,2d73beaa-be2a-484c-9dff-1bf7927941e2,2023/24,,,Michael Keane,Michael Keane,2
2032,e7dee554-60cc-4615-8474-50c260ae95ef,2022/23,,,Nélson Semedo,Nélson Semedo,2
2033,396e1c5f-a102-4af3-a5b7-2d8ca2b3ef6f,2023/24,,,Alexis Mac Allister,Alexis Mac Allister,3
2034,f82e53d7-605b-4a3d-8ce6-b28823b60aa1,2019/20,,,Caoimhin Kelleher,Caoimhin Kelleher,1
2035,152452e6-1e36-4c7b-b9aa-15d38bd2fcbb,2020/21,,,Bernardo Silva,Bernardo Silva,3
2036,8f24ce04-4a4b-4faa-a0c3-0ecb9e6a6d2c,2021/22,,,Reece James,Reece James,2
2037,90385cd1-1b4d-4eb7-8f0e-4ec42ec27b40,2022/23,,,Gabriel Jesus,Gabriel Jesus,4
2038,35be4ca9-a98f-41cc-94e9-0c54c64ef3db,2019/20,,,Charlie Taylor,Charlie Taylor,2
2039,520b1085-6580-44d1-b65c-7132e209cb65,2023/24,,,Sasa Kalajdzic,Sasa Kalajdzic,4
2040,449e9cef-9d16-4746-b7ed-c80f87304b3e,2020/21,,,Conor Coady,Conor Coady,2
2041,3c391ec3-cacd-400c-9e80-0d013716e132,2021/22,,,Alex McCarthy,Alex McCarthy,1
2042,b7d5d127-bdfb-497e-9767-9dee5b80a9eb,2022/23,,,Jason Steele,Jason Steele,1
2043,8e1ff5ee-c560-481e-9d65-b7c5dfce6918,2023/24,,,Calvin Bassey,Calvin Bassey,2
2044,316ae259-265d-480f-93fa-4ce0f626e8b7,2018/19,,,Eddie Nketiah,Eddie Nketiah,4
2045,3858ec1b-1c61-4728-bcf3-15d955a16881,2020/21,,,Joe Willock,Joe Willock,3
2046,26eaee45-f326-409e-8d39-72d972f14e96,2016/17,,,James Tarkowski,James Tarkowski,2
2047,6d3fb615-c3e0-4895-b384-57dcb3dc557e,2022/23,,,Erling Haaland,Erling Haaland,4
2048,8a0b53aa-a122-4ea8-8a32-fb80f11f2cdc,2023/24,,,Virgil van Dijk,Virgil van Dijk,2
2049,7ba0ee40-1601-49e4-8f1b-b9ae33eb4456,2022/23,,,Aaron Hickey,Aaron Hickey,2
2050,fe136669-0afc-44f9-9800-1193f7670ceb,2016/17,,,Raheem Sterling,Raheem Sterling,3
2051,7d0ce2be-20f7-4099-add3-2623af5b22d6,2017/18,,,Harvey Barnes,Harvey Barnes,3
2052,152452e6-1e36-4c7b-b9aa-15d38bd2fcbb,2022/23,,,Bernardo Silva,Bernardo Silva,3
2053,7aaf79cc-c65b-4e01-bd0d-fc5bd58bece6,2022/23,,,Jeffrey Schlupp,Jeffrey Schlupp,3
2054,e82f741c-7aaf-4807-bbfc-ce5f4a0d98b9,2020/21,,,Jarrod Bowen,Jarrod Bowen,3
2055,64c1604f-20e8-4f70-aca6-234467915cdb,2018/19,,,Dan Burn,Dan Burn,2
2056,c0b876d5-f9e9-4ea8-af27-9cb7687b1f92,2018/19,,,Andreas Pereira,Andreas Pereira,3
2057,df63b4cc-23db-4b0e-b111-c978b6d7a21f,2022/23,,,Boubakary Soumare,Boubakary Soumare,3
2058,fef21c3b-20a9-4632-a6e3-8db0948f2205,2022/23,,,Harvey Elliott,Harvey Elliott,3
2059,755babc2-28eb-47e7-bda6-3c28588e49bf,2020/21,,,Adama Traoré,Adama Traoré,3
2060,bf428111-cd34-4d6e-afd6-31e7a312dc1d,2023/24,,,Diogo Dalot,Diogo Dalot,2
2061,3b730726-1e3e-4d2a-9bc3-61177fb5d031,2018/19,,,Nathan Aké,Nathan Aké,2
2062,8eb9c6d1-4a31-480a-84f6-823341806aef,2023/24,,,Ben Brereton Díaz,Ben Brereton Díaz,3
2063,bc7b3008-ecdf-482b-a820-20ef64676b4e,2023/24,,,Anthony Elanga,Anthony Elanga,3
2064,e1303f74-c48f-4c2c-a6f4-d83d0b329911,2022/23,,,Ashley Young,Ashley Young,2
2065,c5cedf3c-3401-4c4a-b95a-74dcf8a51156,2022/23,,,Ben Johnson,Ben Johnson,2
2066,b7c44e29-4ef6-47a2-954c-0b60eeb245dd,2022/23,,,Rodrigo Muniz,Rodrigo Muniz,4
2067,bb980a5b-6f4c-4bb4-8f85-9c682f3370c6,2020/21,,,Oleksandr Zinchenko,Oleksandr Zinchenko,2
2068,84fa1217-2dbe-4acc-a446-1f78327fe989,2020/21,,,Conor Gallagher,Conor Gallagher,3
2069,c223afda-87c1-48ff-af73-e6826c02b2c2,2023/24,,,Jarell Quansah,Jarell Quansah,2
2070,497e140c-b603-4399-abb4-81cfb4a38b39,2018/19,,,Mario Lemina,Mario Lemina,3
2071,f80af03e-0c06-492f-b2f8-3af6e47da055,2023/24,,,Bobby Reid,Bobby Reid,3
2072,95d950e0-c5f8-4046-8a5e-ec4f084f4a8c,2023/24,,,Flynn Downes,Flynn Downes,3
2073,2b71ec62-c2bf-4ac3-99ab-166c358d7904,2020/21,,,Alphonse Areola,Alphonse Areola,1
2074,f82e53d7-605b-4a3d-8ce6-b28823b60aa1,2021/22,,,Caoimhin Kelleher,Caoimhin Kelleher,1
2075,b05706ef-9a2e-4a33-aad3-c149d2dffee1,2022/23,,,Julián Álvarez,Julián Álvarez,4
2076,3359e9ae-5151-45b4-8e0c-77a2b0623e8d,2020/21,,,Lukasz Fabianski,Lukasz Fabianski,1
2077,fef21c3b-20a9-4632-a6e3-8db0948f2205,2020/21,,,Harvey Elliott,Harvey Elliott,3
2078,77cea9fb-b868-43b2-9beb-87e8d91dd610,2017/18,,,James Milner,James Milner,2
2079,c5cedf3c-3401-4c4a-b95a-74dcf8a51156,2023/24,,,Ben Johnson,Ben Johnson,2
2080,499022db-4b66-47a6-9be9-f8ba92e29786,2021/22,,,Harry Maguire,Harry Maguire,2
2081,e8a9a06b-9a2b-4bed-bbd1-d6dabfe8384a,2023/24,,,Cheick Oumar Doucoure,Cheick Oumar Doucoure,3
2082,dbbbab45-12ce-4799-94fb-9049cf691b9a,2022/23,,,Julio Enciso,Julio Enciso,4
2083,f9bba49a-202f-4676-8403-89b69aba431e,2020/21,,,William Saliba,William Saliba,2
2084,58fbf6e5-9ce2-410c-a1f9-e0d2f4607ad0,2023/24,,,Yves Bissouma,Yves Bissouma,3
2085,f80af03e-0c06-492f-b2f8-3af6e47da055,2022/23,,,Bobby Reid,Bobby Reid,3
2086,7299a365-c7d3-4fae-983c-d6b980719a1d,2019/20,,,Phil Foden,Phil Foden,3
2087,7ec8c0ea-b6ee-431a-a977-bbde342865b4,2023/24,,,Leon Bailey,Leon Bailey,3
2088,35be4ca9-a98f-41cc-94e9-0c54c64ef3db,2021/22,,,Charlie Taylor,Charlie Taylor,2
2089,2760c840-5e6f-4b46-87b3-889c2556c5e4,2022/23,,,Samuel Amo-Ameyaw,Samuel Amo-Ameyaw,3
2090,bb4f6fba-13e4-4517-94d5-33224b40e9a1,2022/23,,,Seamus Coleman,Seamus Coleman,2
2091,4dba7c71-3721-48b7-8d06-f7a97d1e654c,2022/23,,,Rodrigo Bentancur,Rodrigo Bentancur,3
2092,0a08f076-b5ad-40a4-ac56-0dd943858329,2023/24,,,Mathias Jensen,Mathias Jensen,3
2093,0f0a965d-ee11-4b11-8539-80efbdc86031,2017/18,,,Jamie Vardy,Jamie Vardy,4
2094,119bb379-3aef-4f9e-8978-3e27561773b8,2018/19,,,Trent Alexander-Arnold,Trent Alexander-Arnold,2
2095,8318a5ef-20aa-4111-a203-80bf0226adf0,2023/24,,,Jeremy Sarmiento,Jeremy Sarmiento,3
2096,97bf024e-98d7-4f14-9b3f-7f83a23c1d26,2019/20,,,Pedro Neto,Pedro Neto,3
2097,316ae259-265d-480f-93fa-4ce0f626e8b7,2023/24,,,Eddie Nketiah,Eddie Nketiah,4
2098,e82f741c-7aaf-4807-bbfc-ce5f4a0d98b9,2019/20,,,Jarrod Bowen,Jarrod Bowen,3
2099,4fc6dec6-7b50-4852-a52b-5ba4c7db9034,2021/22,,,Adam Armstrong,Adam Armstrong,4
2100,217fc6f8-7182-4de9-b44a-3c51d0147fb9,2018/19,,,Harry Winks,Harry Winks,3
2101,33567cf6-0cb2-4e77-96d5-18102807b133,2022/23,,,Lisandro Martínez,Lisandro Martínez,2
2102,c20d9923-e246-4057-a326-8691402cb3bd,2021/22,,,Leandro Trossard,Leandro Trossard,3
2103,152452e6-1e36-4c7b-b9aa-15d38bd2fcbb,2021/22,,,Bernardo Silva,Bernardo Silva,3
2104,54a322fe-500f-4fe6-8649-8c4ba756995e,2021/22,,,Cameron Archer,Cameron Archer,4
2105,8d8a8e65-90ee-4e5e-9e67-279929f6005d,2019/20,,,Adam Webster,Adam Webster,2
2106,9c3e5a68-1061-402c-ad21-25b8c26178ff,2017/18,,,Tyrone Mings,Tyrone Mings,2
2107,3359e9ae-5151-45b4-8e0c-77a2b0623e8d,2017/18,,,Lukasz Fabianski,Lukasz Fabianski,1
2108,3858ec1b-1c61-4728-bcf3-15d955a16881,2017/18,,,Joe Willock,Joe Willock,3
2109,dfc945e1-aaca-4013-b2b3-96e85b299423,2021/22,,,Mason Mount,Mason Mount,3
2110,b0076fa1-2d94-4513-82f0-93616a4e0e84,2019/20,,,Emile Smith-Rowe,Emile Smith-Rowe,3
2111,dd426201-6b0d-4e17-a9fa-639eeb2ac418,2023/24,,,Brennan Johnson,Brennan Johnson,3
2112,44dc201e-dc85-4982-a627-e938ddc48bc0,2023/24,,,Victor Lindelöf,Victor Lindelöf,2
2113,ef0771b9-26c5-4915-8dea-392a26f45cbe,2016/17,,,Andrew Robertson,Andrew Robertson,2
2114,c932dd05-c46b-4c8e-bffd-ebc3be8f8402,2016/17,,,Matt Targett,Matt Targett,2
2115,0f0a965d-ee11-4b11-8539-80efbdc86031,2019/20,,,Jamie Vardy,Jamie Vardy,4
2116,657110e7-2562-4b51-83bf-69551e37f8c1,2019/20,,,Kyle Walker,Kyle Walker,2
2117,7c1cd5dc-9bd6-4518-b5a5-b90251db72a2,2023/24,,,Santiago Bueno,Santiago Bueno,2
2118,e45a67bc-f818-44b2-86f1-2b2c16924a11,2021/22,,,Evan Ferguson,Evan Ferguson,4
2119,babad0a4-ef7c-4e3c-804d-048bdc6c91d4,2021/22,,,Richarlison,Richarlison,4
2120,733bd107-f236-4471-9655-f01379c1bcc5,2018/19,,,Reiss Nelson,Reiss Nelson,3
2121,7fc92228-dc92-40c8-8907-f3400530fe23,2023/24,,,Vladimir Coufal,Vladimir Coufal,2
2122,049a7ce0-2122-4c95-b21b-097e3d229319,2017/18,,,Dominic Calvert-Lewin,Dominic Calvert-Lewin,4
2123,bec3286a-79d9-4125-ae8e-4c789e476cd5,2018/19,,,Jacob Murphy,Jacob Murphy,3
2124,33567cf6-0cb2-4e77-96d5-18102807b133,2023/24,,,Lisandro Martínez,Lisandro Martínez,2
2125,205e17ad-76e5-4a8a-ba2d-17e068f39ce2,2022/23,,,Jack Hinshelwood,Jack Hinshelwood,3
2126,517c88fc-d2e4-48f9-a244-13a2f0813e40,2021/22,,,Ben Davies,Ben Davies,2
2127,2de4111b-3169-48a3-8e41-c9fc7e174dae,2022/23,,,Danny Welbeck,Danny Welbeck,4
2128,a9551960-d7f9-4af5-848c-cb5e73d73e6b,2022/23,,,Sasa Lukic,Sasa Lukic,3
2129,6b8f9b22-9763-481f-9392-5c3cf4070706,2022/23,,,Oliver Skipp,Oliver Skipp,3
2130,320fe051-d0b5-4c7d-984b-d719a2196470,2022/23,,,Kieran Trippier,Kieran Trippier,2
2131,c6e7ac73-23b7-4259-8695-c7198c3c43cc,2022/23,,,Sepp van den Berg,Sepp van den Berg,2
2132,3b1771d3-ae4a-4c50-8b34-023a6d337064,2022/23,,,Daniel Podence,Daniel Podence,3
2133,86e096b9-965f-4b13-bc0b-7dc91707f0d4,2022/23,,,Anthony Gordon,Anthony Gordon,3
2134,a8dc9e82-f136-46ca-add6-dd8d3f7181e1,2023/24,,,Ryan Christie,Ryan Christie,3
2135,1c5ff361-4a45-48ba-b2e2-55c967518fac,2023/24,,,Kobbie Mainoo,Kobbie Mainoo,3
2136,3359e9ae-5151-45b4-8e0c-77a2b0623e8d,2023/24,,,Lukasz Fabianski,Lukasz Fabianski,1
2137,f98faf93-e1aa-4c24-b12c-1140704e92eb,2022/23,,,Marcos Senesi,Marcos Senesi,2
2138,53f6428c-e03e-4b83-9596-03cfaf24f761,2020/21,,,Wes Foderingham,Wes Foderingham,1
2139,f551e1b9-1b4f-4ee0-ab12-5b3d29f7f00e,2020/21,,,Jacob Ramsey,Jacob Ramsey,3
2140,c932dd05-c46b-4c8e-bffd-ebc3be8f8402,2017/18,,,Matt Targett,Matt Targett,2
2141,060747da-f457-488e-b411-04b14d664ddb,2022/23,,,Gabriel Martinelli,Gabriel Martinelli,3
2142,bf428111-cd34-4d6e-afd6-31e7a312dc1d,2022/23,,,Diogo Dalot,Diogo Dalot,2
2143,dd74e658-57fa-4e99-ac94-889f064764fa,2021/22,,,Max Kilman,Max Kilman,2
2144,f80b11d9-0005-4eed-a49f-0b013931db8b,2022/23,,,Hugo Bueno,Hugo Bueno,2
2145,da7e8c4f-45b6-4982-a72a-27c5837d3b5d,2022/23,,,James Hill,James Hill,2
2146,35abb6ba-fa65-4591-b6f1-295bd4189044,2021/22,,,Dean Henderson,Dean Henderson,1
2147,1f21671d-d143-49c8-938f-b90e1b57a10e,2023/24,,,Callum Wilson,Callum Wilson,4
2148,a5e18fe7-45fc-4d0a-a4f8-ae032850f68a,2023/24,,,Issa Diop,Issa Diop,2
2149,57d51316-9d56-4d98-9df7-f5fc936704bb,2023/24,,,Nick Pope,Nick Pope,1
2150,bba082dc-e723-455d-ac6d-0d5b4006d6a5,2023/24,,,Lewis Dunk,Lewis Dunk,2
2151,7958aac6-8834-478e-8351-fcad78301d6d,2022/23,,,Scott McTominay,Scott McTominay,3
2152,398e6afe-d051-47bb-936c-de955dad0612,2023/24,,,Ryan Fraser,Ryan Fraser,3
2153,d7c96669-436e-4944-b54d-59695cfd26c6,2023/24,,,William Osula,William Osula,4
2154,497e140c-b603-4399-abb4-81cfb4a38b39,2019/20,,,Mario Lemina,Mario Lemina,3
2155,2fc945e5-d19c-4530-a647-863b0ea4396d,2021/22,,,Rúben Dias,Rúben Dias,2
2156,0c132447-b77a-4ef3-8b76-773466c30a9f,2019/20,,,Raúl Jiménez,Raúl Jiménez,4
2157,0c132447-b77a-4ef3-8b76-773466c30a9f,2018/19,,,Raúl Jiménez,Raúl Jiménez,4
2158,caaa5e05-744a-4b07-84ec-85c9f12315a7,2021/22,,,Solly March,Solly March,3
2159,8d8b3693-4c1c-41ff-a2ca-5adf8ab86188,2021/22,,,Vitaly Janelt,Vitaly Janelt,3
2160,4dc79854-22a7-4d9a-b7e6-6b6024465d87,2022/23,,,Marc Guehi,Marc Guehi,2
2161,4b2db969-8d0c-4c21-a939-0063ae590662,2022/23,,,Ben Chilwell,Ben Chilwell,2
2162,517c88fc-d2e4-48f9-a244-13a2f0813e40,2022/23,,,Ben Davies,Ben Davies,2
2163,cde448c3-c413-4852-ae1a-1a4fbac7e91a,2019/20,,,Ederson,Ederson,1
2164,84546ac0-47e1-4932-b173-8e0f393efc0d,2021/22,,,Emiliano Martinez,Emiliano Martinez,1
2165,0f24ddb4-65f2-4527-908d-a89f91277b34,2020/21,,,Kalvin Phillips,Kalvin Phillips,3
2166,733bd107-f236-4471-9655-f01379c1bcc5,2017/18,,,Reiss Nelson,Reiss Nelson,3
2167,f7aa5c64-8487-4dfa-ab29-01c4d8c10eb6,2017/18,,,Dwight McNeil,Dwight McNeil,3
2168,794ce9ff-d47d-43c0-b13c-1e48807bc608,2017/18,,,Luke Shaw,Luke Shaw,2
2169,a9b733b1-f28a-4ee6-9925-aacc58107500,2019/20,,,Harry Wilson,Harry Wilson,3
2170,b2956a8b-fe92-47c6-b79b-de88325f518c,2023/24,,,Jarrad Branthwaite,Jarrad Branthwaite,2
2171,0f18b700-59c1-408d-bebb-69524169d4a4,2019/20,,,Mark Travers,Mark Travers,1
2172,47e50346-47f4-4225-b164-b93dba66e562,2022/23,,,James McAtee,James McAtee,3
2173,852b8e99-5abc-4f45-834c-4b82cd761841,2021/22,,,Kiernan Dewsbury-Hall,Kiernan Dewsbury-Hall,3
2174,508e8ec8-ad8a-4db6-a32a-a6e1e5e02541,2022/23,,,Idrissa Gueye,Idrissa Gueye,3
2175,5aaeed89-dd50-43b0-8bd5-0b00ffae7428,2023/24,,,Manor Solomon,Manor Solomon,3
2176,f551e1b9-1b4f-4ee0-ab12-5b3d29f7f00e,2023/24,,,Jacob Ramsey,Jacob Ramsey,3
2177,0b0f5b5e-be7b-478d-aa23-5f619d16e5cb,2022/23,,,Marcus Tavernier,Marcus Tavernier,3
2178,06bb6c3b-9a4c-4452-b53a-aff70107d7af,2019/20,,,Billy Gilmour,Billy Gilmour,3
2179,423e1b12-0219-4921-9347-0631bb645a1c,2020/21,,,Joelinton,Joelinton,4
2180,3c391ec3-cacd-400c-9e80-0d013716e132,2022/23,,,Alex McCarthy,Alex McCarthy,1
2181,d7143196-0a70-47fd-8ce7-f372f88a1381,2022/23,,,Adam Lallana,Adam Lallana,3
2182,15e3327c-f62f-4c59-a1e2-01eeabc58e9b,2023/24,,,Takehiro Tomiyasu,Takehiro Tomiyasu,2
2183,f7aa5c64-8487-4dfa-ab29-01c4d8c10eb6,2018/19,,,Dwight McNeil,Dwight McNeil,3
2184,dfc945e1-aaca-4013-b2b3-96e85b299423,2019/20,,,Mason Mount,Mason Mount,3
2185,b5e6c9ad-10c2-4bff-9f45-746f6a7b3465,2023/24,,,Martin Odegaard,Martin Odegaard,3
2186,f82e53d7-605b-4a3d-8ce6-b28823b60aa1,2022/23,,,Caoimhin Kelleher,Caoimhin Kelleher,1
2187,7d0ce2be-20f7-4099-add3-2623af5b22d6,2021/22,,,Harvey Barnes,Harvey Barnes,3
2188,39b7e45e-ca67-43b4-bdae-fa110e16bc1a,2022/23,,,Yasin Ayari,Yasin Ayari,3
2189,8eab6ae2-9f42-4418-ad51-fa317717924f,2022/23,,,Orel Mangala,Orel Mangala,3
2190,709d3031-90a5-4a10-ace0-73b80225cb0f,2022/23,,,Sean Longstaff,Sean Longstaff,3
2191,755babc2-28eb-47e7-bda6-3c28588e49bf,2022/23,,,Adama Traoré,Adama Traoré,3
2192,2b71ec62-c2bf-4ac3-99ab-166c358d7904,2022/23,,,Alphonse Areola,Alphonse Areola,1
2193,dc4a57f5-c41d-4b7c-9911-f8c0143162c6,2019/20,,,Kepa,Kepa,1
2194,bdbdae70-b65b-42ef-8c71-652c3870558c,2023/24,,,Nathan Patterson,Nathan Patterson,2
2195,b118bf52-b844-489f-9dbd-9062311f444a,2018/19,,,Pascal Groß,Pascal Groß,3
2196,8d8a8e65-90ee-4e5e-9e67-279929f6005d,2020/21,,,Adam Webster,Adam Webster,2
2197,3a3343ac-df8a-4423-9c8f-614fa31f7612,2023/24,,,Valentino Livramento,Valentino Livramento,2
2198,602a32fc-f64c-41ec-93c9-32fc9192864c,2022/23,,,Wesley Fofana,Wesley Fofana,2
2199,0f0a965d-ee11-4b11-8539-80efbdc86031,2020/21,,,Jamie Vardy,Jamie Vardy,4
2200,0b430c59-3cf0-49dc-ad6b-250815eefcc9,2023/24,,,Moussa Diaby,Moussa Diaby,3
2201,8b635a0b-1d12-4fa1-ac09-216f20e4947c,2023/24,,,Kevin Schade,Kevin Schade,3
2202,b3f99367-3da0-4c23-b896-5bb59bae87a6,2021/22,,,Jan Bednarek,Jan Bednarek,2
2203,e14a60b0-c5c3-482d-9b61-01d92aeaaef5,2021/22,,,Jordan Pickford,Jordan Pickford,1
2204,980c4351-c970-4fb0-afee-8820f742de9e,2019/20,,,Pierre-Emile Højbjerg,Pierre-Emile Højbjerg,3
2205,2367f968-80af-48da-99cc-896d8e179fc2,2022/23,,,Fabio Silva,Fabio Silva,4
2206,e3a78660-310f-4ed3-b4b7-77beca004592,2019/20,,,Jefferson Lerma,Jefferson Lerma,3
2207,bec3286a-79d9-4125-ae8e-4c789e476cd5,2022/23,,,Jacob Murphy,Jacob Murphy,3
2208,bb4f6fba-13e4-4517-94d5-33224b40e9a1,2021/22,,,Seamus Coleman,Seamus Coleman,2
2209,ac9f956e-8a1e-44c5-bada-92041eda09ef,2019/20,,,Cole Palmer,Cole Palmer,3
2210,66e81d3a-1171-4863-85cf-631953b28472,2020/21,,,Carney Chukwuemeka,Carney Chukwuemeka,3
2211,0479f281-b698-4aba-ac40-86fedaa3eddf,2016/17,,,Harrison Reed,Harrison Reed,3
2212,bba082dc-e723-455d-ac6d-0d5b4006d6a5,2021/22,,,Lewis Dunk,Lewis Dunk,2
2213,f80af03e-0c06-492f-b2f8-3af6e47da055,2018/19,,,Bobby Reid,Bobby Reid,3
2214,709d3031-90a5-4a10-ace0-73b80225cb0f,2019/20,,,Sean Longstaff,Sean Longstaff,3
2215,f0a83477-9a84-415d-a7f0-c16f464ca033,2023/24,,,Mykhailo Mudryk,Mykhailo Mudryk,3
2216,89bd4d8a-948b-40e5-8958-5c47b1c373ec,2021/22,,,Emerson,Emerson,2
2217,8bf82ce7-d406-4c79-8560-1832322ecfec,2023/24,,,Enes Ünal,Enes Ünal,4
2218,fafb8cd0-eb45-4d2f-ab0e-3bafb0e4ec74,2020/21,,,Iliman Ndiaye,Iliman Ndiaye,3
2219,b0076fa1-2d94-4513-82f0-93616a4e0e84,2022/23,,,Emile Smith-Rowe,Emile Smith-Rowe,3
2220,bba082dc-e723-455d-ac6d-0d5b4006d6a5,2019/20,,,Lewis Dunk,Lewis Dunk,2
2221,1a05965f-6a72-43c3-8a21-5d90201b464d,2016/17,,,Jordan Ayew,Jordan Ayew,3
2222,7ef17fb1-41aa-4135-840c-78dab8eb0374,2023/24,,,Hamed Junior Traore,Hamed Junior Traore,3
2223,54793335-03fc-44e7-8318-5da068f63263,2019/20,,,Joel Ward,Joel Ward,2
2224,1ae7f23c-458b-4bbf-8b00-9eb6a8d3a2b2,2018/19,,,Ross Barkley,Ross Barkley,3
2225,b771e153-5d75-49ce-8fbd-e6e1cbda6bd2,2023/24,,,Rico Lewis,Rico Lewis,2
2226,7aaf79cc-c65b-4e01-bd0d-fc5bd58bece6,2018/19,,,Jeffrey Schlupp,Jeffrey Schlupp,2
2227,0847dcd8-082d-4991-8913-1e3bc242dcc3,2019/20,,,John Stones,John Stones,2
2228,4eee3faa-33dc-49a8-9bd3-8a2463d975e0,2022/23,,,Kenny Tete,Kenny Tete,2
2229,c981a842-25d4-406d-adec-d423a19effe3,2023/24,,,Toby Collyer,Toby Collyer,3
2230,7aaf79cc-c65b-4e01-bd0d-fc5bd58bece6,2023/24,,,Jeffrey Schlupp,Jeffrey Schlupp,3
2231,ef0771b9-26c5-4915-8dea-392a26f45cbe,2021/22,,,Andrew Robertson,Andrew Robertson,2
2232,114c54aa-c2b2-4adf-b9e3-052f9113dfdf,2018/19,,,Willy Boly,Willy Boly,2
2233,84546ac0-47e1-4932-b173-8e0f393efc0d,2019/20,,,Emiliano Martinez,Emiliano Martinez,1
2234,67150f6f-4550-46e1-ab06-5be560ba9de2,2023/24,,,Taiwo Awoniyi,Taiwo Awoniyi,4
2235,0be15e13-8da5-483c-a42e-ff087947359d,2021/22,,,Jesurun Rak-Sakyi,Jesurun Rak-Sakyi,3
2236,b7d5d127-bdfb-497e-9767-9dee5b80a9eb,2023/24,,,Jason Steele,Jason Steele,1
2237,5640420e-6a7a-4897-b6cf-1906ca0ce6a5,2022/23,,,Thomas Partey,Thomas Partey,3
2238,3a3343ac-df8a-4423-9c8f-614fa31f7612,2021/22,,,Valentino Livramento,Valentino Livramento,2
2239,b7d5d127-bdfb-497e-9767-9dee5b80a9eb,2018/19,,,Jason Steele,Jason Steele,1
2240,e428431a-3fde-4578-a858-ebdd30f20d5b,2023/24,,,Youssef Chermiti,Youssef Chermiti,4
2241,0847dcd8-082d-4991-8913-1e3bc242dcc3,2020/21,,,John Stones,John Stones,2
2242,89bd4d8a-948b-40e5-8958-5c47b1c373ec,2019/20,,,Emerson,Emerson,2
2243,9c3e5a68-1061-402c-ad21-25b8c26178ff,2021/22,,,Tyrone Mings,Tyrone Mings,2
2244,00304b5c-9f80-4755-9db6-70fcfb471122,2022/23,,,Chris Richards,Chris Richards,2
2245,112a1260-0cb2-4248-b27b-68e25d2c087a,2023/24,,,Lucas Paquetá,Lucas Paquetá,3
2246,b90def95-9562-42fd-b58c-8fac67adb479,2017/18,,,Alex Iwobi,Alex Iwobi,3
2247,be00977b-d686-4932-8288-db6993f55a4b,2022/23,,,Antony,Antony,3
2248,32a1a749-cbe9-42ad-9092-e85ebfa2d361,2022/23,,,Philip Billing,Philip Billing,3
2249,fd6c27e7-f130-4343-aa06-b74e8ef628fd,2020/21,,,Lucas Digne,Lucas Digne,2
2250,f40ca710-a641-4a8e-b003-eb74fd196192,2022/23,,,Samuel Edozie,Samuel Edozie,3
2251,8a5a085d-5110-4f8e-87d3-1fdb384d8533,2021/22,,,Marcus Rashford,Marcus Rashford,3
2252,19446b56-6f52-401f-8bdc-6e5cd56bd471,2023/24,,,Illia Zabarnyi,Illia Zabarnyi,2
2253,8a0b53aa-a122-4ea8-8a32-fb80f11f2cdc,2019/20,,,Virgil van Dijk,Virgil van Dijk,2
2254,84546ac0-47e1-4932-b173-8e0f393efc0d,2020/21,,,Emiliano Martinez,Emiliano Martinez,1
2255,7d0ce2be-20f7-4099-add3-2623af5b22d6,2020/21,,,Harvey Barnes,Harvey Barnes,3
2256,b5e6c9ad-10c2-4bff-9f45-746f6a7b3465,2021/22,,,Martin Odegaard,Martin Odegaard,3
2257,517c88fc-d2e4-48f9-a244-13a2f0813e40,2017/18,,,Ben Davies,Ben Davies,2
2258,5352a53c-371e-42ed-a345-bdcc7230af37,2022/23,,,Levi Colwill,Levi Colwill,2
2259,6bd06b24-334f-4fdb-9746-1d98ccfcfe3f,2018/19,,,Callum Hudson-Odoi,Callum Hudson-Odoi,3
2260,dfc945e1-aaca-4013-b2b3-96e85b299423,2020/21,,,Mason Mount,Mason Mount,3
2261,44dc201e-dc85-4982-a627-e938ddc48bc0,2021/22,,,Victor Lindelöf,Victor Lindelöf,2
2262,1ae7f23c-458b-4bbf-8b00-9eb6a8d3a2b2,2017/18,,,Ross Barkley,Ross Barkley,3
2263,8a0b53aa-a122-4ea8-8a32-fb80f11f2cdc,2018/19,,,Virgil van Dijk,Virgil van Dijk,2
2264,9506b6f4-6706-4010-abbd-cda04f86a649,2023/24,,,Ryan Trevitt,Ryan Trevitt,3
2265,eaf2f6bc-da6a-44df-96c7-714275cd1719,2018/19,,,Bukayo Saka,Bukayo Saka,3
2266,2d3c3a1d-0246-49a8-b713-fb234c752389,2021/22,,,Declan Rice,Declan Rice,3
2267,6ccd22a5-35fa-45f0-8bb0-1fe3f642daf9,2019/20,,,Lewis Cook,Lewis Cook,3
2268,0f0a965d-ee11-4b11-8539-80efbdc86031,2021/22,,,Jamie Vardy,Jamie Vardy,4
2269,4817d2cb-729d-4ed5-80b3-8ba056309bf8,2021/22,,,Jaden Philogene-Bidace,Jaden Philogene-Bidace,3
2270,a38c8aff-9fa1-4fba-9126-f5d18b077163,2021/22,,,Conor Bradley,Conor Bradley,2
2271,499022db-4b66-47a6-9be9-f8ba92e29786,2019/20,,,Harry Maguire,Harry Maguire,2
2272,2b064b3d-3801-4f5d-b158-269afc136611,2021/22,,,Kyle Walker-Peters,Kyle Walker-Peters,2
2273,a38c8aff-9fa1-4fba-9126-f5d18b077163,2023/24,,,Conor Bradley,Conor Bradley,2
2274,634e753c-4227-4caf-b615-3f2d349785f9,2023/24,,,Marc Cucurella,Marc Cucurella,2
2275,8212e83e-299a-4fe2-b598-7e466a9e0621,2022/23,,,Casemiro,Casemiro,3
2276,e82f741c-7aaf-4807-bbfc-ce5f4a0d98b9,2021/22,,,Jarrod Bowen,Jarrod Bowen,3
2277,673743f6-2b57-4f2d-b024-440a9e0f77ce,2018/19,,,Christian Eriksen,Christian Eriksen,3
2278,b5e6c9ad-10c2-4bff-9f45-746f6a7b3465,2022/23,,,Martin Odegaard,Martin Odegaard,3
2279,7aaf79cc-c65b-4e01-bd0d-fc5bd58bece6,2016/17,,,Jeffrey Schlupp,Jeffrey Schlupp,2
2280,499022db-4b66-47a6-9be9-f8ba92e29786,2023/24,,,Harry Maguire,Harry Maguire,2
2281,06c9080d-7207-41f4-a067-fa9ec2164b86,2018/19,,,Michail Antonio,Michail Antonio,4
2282,d7143196-0a70-47fd-8ce7-f372f88a1381,2019/20,,,Adam Lallana,Adam Lallana,3
2283,f5064d39-0ef6-4eea-8795-9bfa7bcda88d,2023/24,,,Will Hughes,Will Hughes,3
2284,f51c9384-294d-43c3-9361-38f350856675,2023/24,,,Abdoulaye Doucouré,Abdoulaye Doucouré,3
2285,3359e9ae-5151-45b4-8e0c-77a2b0623e8d,2021/22,,,Lukasz Fabianski,Lukasz Fabianski,1
2286,7cdd3161-7671-44b1-ba34-2c6aab483072,2021/22,,,Konstantinos Tsimikas,Konstantinos Tsimikas,2
2287,8e9b9927-a7a9-4302-8cd0-774e1e696c78,2022/23,,,Ethan Nwaneri,Ethan Nwaneri,3
2288,a3839c5a-f87e-48df-9a8d-dc0bc957b87b,2023/24,,,Chris Wood,Chris Wood,4
2289,b771e153-5d75-49ce-8fbd-e6e1cbda6bd2,2022/23,,,Rico Lewis,Rico Lewis,2
2290,049a7ce0-2122-4c95-b21b-097e3d229319,2020/21,,,Dominic Calvert-Lewin,Dominic Calvert-Lewin,4
2291,64c1604f-20e8-4f70-aca6-234467915cdb,2023/24,,,Dan Burn,Dan Burn,2
2292,b2956a8b-fe92-47c6-b79b-de88325f518c,2019/20,,,Jarrad Branthwaite,Jarrad Branthwaite,2
2293,159a70a6-77c4-49e0-974f-019d3e6ab615,2020/21,,,Fabio Carvalho,Fabio Carvalho,3
2294,6ccd22a5-35fa-45f0-8bb0-1fe3f642daf9,2018/19,,,Lewis Cook,Lewis Cook,3
2295,df9d9003-755f-4e22-99b7-58ea6b16dc24,2021/22,,,Tommy Doyle,Tommy Doyle,3
2296,1887fa3c-0dc5-448b-9cf6-a4cac5f6ae96,2022/23,,,Jonny Evans,Jonny Evans,2
2297,6e1f4c41-bcc9-4373-a593-e5f236ca9994,2022/23,,,Diogo Jota,Diogo Jota,4
2298,794ce9ff-d47d-43c0-b13c-1e48807bc608,2016/17,,,Luke Shaw,Luke Shaw,2
2299,67217edb-a846-4ac9-878e-2ddcc1dadfcf,2020/21,,,Liam Delap,Liam Delap,4
2300,d7143196-0a70-47fd-8ce7-f372f88a1381,2018/19,,,Adam Lallana,Adam Lallana,3
2301,9264f988-edf6-4115-80fe-5ab6cd0a9b04,2022/23,,,Wilfred Ndidi,Wilfred Ndidi,3
2302,8a50219f-55c4-404b-bc89-9754e0eb85de,2023/24,,,Ryan Yates,Ryan Yates,3
2303,87c3b645-1b39-4ff6-8e5c-ee06dd89f269,2022/23,,,Dango Ouattara,Dango Ouattara,3
2304,f8d026d5-43d1-43c8-aff8-8855325eeda9,2022/23,,,Joe Ayodele-Aribo,Joe Ayodele-Aribo,3
2305,6fde9f20-8252-414f-a30d-8fc120612036,2022/23,,,Chris Mepham,Chris Mepham,2
2306,794ce9ff-d47d-43c0-b13c-1e48807bc608,2021/22,,,Luke Shaw,Luke Shaw,2
2307,df9d9003-755f-4e22-99b7-58ea6b16dc24,2023/24,,,Tommy Doyle,Tommy Doyle,3
2308,b066e645-c6a2-464e-b911-c0d83cb622ac,2022/23,,,Matt Doherty,Matt Doherty,2
2309,b390871c-5ff9-47b4-9fbc-8069f15ccc95,2021/22,,,Kristoffer Ajer,Kristoffer Ajer,2
2310,5167d7b8-c362-4ebd-8d34-fc379f6ecaa3,2018/19,,,Son Heung-Min,Son Heung-Min,3
2311,ba35841c-cdd5-4031-b2ad-00f11cc639c9,2020/21,,,Mohamed Salah,Mohamed Salah,3
2312,499022db-4b66-47a6-9be9-f8ba92e29786,2016/17,,,Harry Maguire,Harry Maguire,2
2313,58fbf6e5-9ce2-410c-a1f9-e0d2f4607ad0,2020/21,,,Yves Bissouma,Yves Bissouma,3
2314,ac9f956e-8a1e-44c5-bada-92041eda09ef,2022/23,,,Cole Palmer,Cole Palmer,3
2315,3706fb38-9c0f-4fa6-a4d3-69171dad0499,2022/23,,,Tomas Soucek,Tomas Soucek,3
2316,8c8cc68d-e4da-41c6-8716-a17bb3f8529e,2022/23,,,David Raya,David Raya,1
2317,ddbb6b67-0242-47e5-9af0-072b452429d2,2023/24,,,Amadou Onana,Amadou Onana,3
2318,af5e5726-fb1e-4fdb-8879-a28afd3dde17,2023/24,,,Matt Turner,Matt Turner,1
2319,1c660429-4643-421e-a350-ab36f78cb9a1,2020/21,,,James Garner,James Garner,3
2320,57d51316-9d56-4d98-9df7-f5fc936704bb,2018/19,,,Nick Pope,Nick Pope,1
2321,21eefcd3-6c20-4e20-aebf-36f50f38fdd1,2021/22,,,Kevin De Bruyne,Kevin De Bruyne,3
2322,794ce9ff-d47d-43c0-b13c-1e48807bc608,2023/24,,,Luke Shaw,Luke Shaw,2
2323,3c733308-8ffb-4ef6-b24b-81ae97163f7f,2019/20,,,Jack Stephens,Jack Stephens,2
2324,dc4e0b8b-414e-4811-ae72-8efdf9531f4d,2022/23,,,Facundo Pellistri,Facundo Pellistri,3
2325,b90def95-9562-42fd-b58c-8fac67adb479,2020/21,,,Alex Iwobi,Alex Iwobi,3
2326,6abf2e43-7532-495b-9baa-6d4563ec960a,2021/22,,,Tyler Dibling,Tyler Dibling,3
2327,45f8df16-463f-4069-948a-36689e9398fe,2016/17,,,Nathaniel Clyne,Nathaniel Clyne,2
2328,0a8ab14f-a374-4492-9acc-0a1cf2fbb119,2022/23,,,James Ward-Prowse,James Ward-Prowse,3
2329,6b8f9b22-9763-481f-9392-5c3cf4070706,2018/19,,,Oliver Skipp,Oliver Skipp,3
2330,112a1260-0cb2-4248-b27b-68e25d2c087a,2022/23,,,Lucas Paquetá,Lucas Paquetá,3
2331,0d1a6874-c8a6-4c75-9e26-6cc146615f85,2021/22,,,Christian Nørgaard,Christian Nørgaard,3
2332,58ecb62d-6842-4969-9c96-1eb5f5a3844e,2020/21,,,Robert Sánchez,Robert Sánchez,1
2333,bc7b3008-ecdf-482b-a820-20ef64676b4e,2021/22,,,Anthony Elanga,Anthony Elanga,3
2334,0552be44-9d74-4958-b8ba-3b4d84ed57b9,2020/21,,,Ollie Watkins,Ollie Watkins,4
2335,8318a5ef-20aa-4111-a203-80bf0226adf0,2022/23,,,Jeremy Sarmiento,Jeremy Sarmiento,3
2336,fd6c27e7-f130-4343-aa06-b74e8ef628fd,2021/22,,,Lucas Digne,Lucas Digne,2
2337,2456c5b8-e6c9-4ea3-9269-41f7c6216476,2021/22,,,Neco Williams,Neco Williams,2
2338,df9d9003-755f-4e22-99b7-58ea6b16dc24,2019/20,,,Tommy Doyle,Tommy Doyle,3
2339,06c9080d-7207-41f4-a067-fa9ec2164b86,2023/24,,,Michail Antonio,Michail Antonio,4
2340,7aaf79cc-c65b-4e01-bd0d-fc5bd58bece6,2017/18,,,Jeffrey Schlupp,Jeffrey Schlupp,2
2341,7f160bcd-c48f-454e-bd10-5d13e7b7a608,2022/23,,,Emil Krafth,Emil Krafth,2
2342,fe136669-0afc-44f9-9800-1193f7670ceb,2021/22,,,Raheem Sterling,Raheem Sterling,3
2343,25e1b024-b4c4-4732-9894-b39b4415754e,2017/18,,,Dominic Solanke,Dominic Solanke,4
2344,1887fa3c-0dc5-448b-9cf6-a4cac5f6ae96,2020/21,,,Jonny Evans,Jonny Evans,2
2345,dfc945e1-aaca-4013-b2b3-96e85b299423,2022/23,,,Mason Mount,Mason Mount,3
2346,7cdd3161-7671-44b1-ba34-2c6aab483072,2023/24,,,Konstantinos Tsimikas,Konstantinos Tsimikas,2
2347,d0086f76-7a71-454e-9047-a5e6095d833c,2022/23,,,Harry Toffolo,Harry Toffolo,2
2348,978b7e27-fc49-4e82-b51b-26bc9a204756,2023/24,,,Kaoru Mitoma,Kaoru Mitoma,3
2349,b118bf52-b844-489f-9dbd-9062311f444a,2023/24,,,Pascal Groß,Pascal Groß,3
2350,c0e3d0b0-8ab9-4301-85e4-ee12d5aa5e8b,2022/23,,,Boubacar Kamara,Boubacar Kamara,3
2351,3706fb38-9c0f-4fa6-a4d3-69171dad0499,2021/22,,,Tomas Soucek,Tomas Soucek,3
2352,fbeda0b1-fba6-4982-bc64-fcb647bdb4aa,2023/24,,,Jean-Philippe Mateta,Jean-Philippe Mateta,4
2353,e14a60b0-c5c3-482d-9b61-01d92aeaaef5,2020/21,,,Jordan Pickford,Jordan Pickford,1
2354,e45a67bc-f818-44b2-86f1-2b2c16924a11,2023/24,,,Evan Ferguson,Evan Ferguson,4
2355,7fc92228-dc92-40c8-8907-f3400530fe23,2021/22,,,Vladimir Coufal,Vladimir Coufal,2
2356,159a70a6-77c4-49e0-974f-019d3e6ab615,2022/23,,,Fabio Carvalho,Fabio Carvalho,3
2357,657110e7-2562-4b51-83bf-69551e37f8c1,2016/17,,,Kyle Walker,Kyle Walker,2
2358,3858ec1b-1c61-4728-bcf3-15d955a16881,2022/23,,,Joe Willock,Joe Willock,3
2359,673743f6-2b57-4f2d-b024-440a9e0f77ce,2021/22,,,Christian Eriksen,Christian Eriksen,3
2360,8a942902-7e65-496f-97ab-36b2020d968f,2023/24,,,Ibrahima Konaté,Ibrahima Konaté,2
2361,0f4c04eb-d670-413f-aa27-6ebea80648cb,2021/22,,,Romeo Lavia,Romeo Lavia,3
2362,90385cd1-1b4d-4eb7-8f0e-4ec42ec27b40,2023/24,,,Gabriel Jesus,Gabriel Jesus,4
2363,7299a365-c7d3-4fae-983c-d6b980719a1d,2020/21,,,Phil Foden,Phil Foden,3
2364,9c3e5a68-1061-402c-ad21-25b8c26178ff,2023/24,,,Tyrone Mings,Tyrone Mings,2
2365,7f160bcd-c48f-454e-bd10-5d13e7b7a608,2023/24,,,Emil Krafth,Emil Krafth,2
2366,049a7ce0-2122-4c95-b21b-097e3d229319,2021/22,,,Dominic Calvert-Lewin,Dominic Calvert-Lewin,4
2367,449e9cef-9d16-4746-b7ed-c80f87304b3e,2019/20,,,Conor Coady,Conor Coady,2
2368,96e5f281-158d-4a4d-8dee-93ed027fa325,2020/21,,,Aaron Wan-Bissaka,Aaron Wan-Bissaka,2
2369,44dc201e-dc85-4982-a627-e938ddc48bc0,2017/18,,,Victor Lindelöf,Victor Lindelöf,2
2370,112a0eb3-0a5b-496b-b396-801917ec861a,2022/23,,,Mikkel Damsgaard,Mikkel Damsgaard,3
2371,3b730726-1e3e-4d2a-9bc3-61177fb5d031,2019/20,,,Nathan Aké,Nathan Aké,2
2372,4991dc0c-e021-4050-a305-fda2b44a000e,2022/23,,,Timo Werner,Timo Werner,4
2373,b4488bc0-e064-48b7-b498-c58aa2b1836f,2023/24,,,Álex Moreno,Álex Moreno,2
2374,eb6fd9d0-63c5-4080-a5ab-0e9751ec993d,2019/20,,,Konstantinos Mavropanos,Konstantinos Mavropanos,2
2375,b15d2b09-385b-46e8-80b3-c9705da992b9,2023/24,,,Jack Harrison,Jack Harrison,3
2376,c2d6123b-73fb-4d00-8e17-10e665a4d3a3,2023/24,,,Fábio Vieira,Fábio Vieira,3
2377,dac09667-7631-4ead-95e7-53d1a814d4f1,2021/22,,,Mads Roerslev,Mads Roerslev,2
2378,b90def95-9562-42fd-b58c-8fac67adb479,2018/19,,,Alex Iwobi,Alex Iwobi,3
2379,cc48ff04-fda2-4ab5-b65d-7a7fe526fb2f,2023/24,,,Moisés Caicedo,Moisés Caicedo,3
2380,74afb9cb-18dd-4e48-aaa1-2267e42b6bf7,2019/20,,,Bernd Leno,Bernd Leno,1
2381,dd8d4123-995c-434f-8617-1ca644f6f2d8,2021/22,,,Tim Iroegbunam,Tim Iroegbunam,3
2382,c49b3106-4c26-46c9-bbb8-4e132b81910a,2023/24,,,Djed Spence,Djed Spence,2
2383,119bb379-3aef-4f9e-8978-3e27561773b8,2023/24,,,Trent Alexander-Arnold,Trent Alexander-Arnold,2
2384,57d51316-9d56-4d98-9df7-f5fc936704bb,2022/23,,,Nick Pope,Nick Pope,1
2385,71e04b79-f1a7-4123-8130-bae9732ba772,2022/23,,,Sven Botman,Sven Botman,2
2386,89bd4d8a-948b-40e5-8958-5c47b1c373ec,2022/23,,,Emerson,Emerson,2
2387,b15d2b09-385b-46e8-80b3-c9705da992b9,2022/23,,,Jack Harrison,Jack Harrison,3
2388,809750fd-2ea8-4b4a-bce5-2e692aa3c335,2022/23,,,Emiliano Buendía,Emiliano Buendía,3
2389,863d933f-eb34-417e-9a08-e4007722bc29,2019/20,,,Neal Maupay,Neal Maupay,4
2390,02539faa-015d-44f3-9210-cfd5e296a32d,2023/24,,,Joachim Andersen,Joachim Andersen,2
2391,bb4f6fba-13e4-4517-94d5-33224b40e9a1,2020/21,,,Seamus Coleman,Seamus Coleman,2
2392,673743f6-2b57-4f2d-b024-440a9e0f77ce,2022/23,,,Christian Eriksen,Christian Eriksen,3
2393,0f0a965d-ee11-4b11-8539-80efbdc86031,2018/19,,,Jamie Vardy,Jamie Vardy,4
2394,497e140c-b603-4399-abb4-81cfb4a38b39,2022/23,,,Mario Lemina,Mario Lemina,3
2395,44241170-8423-49f8-85bb-deb69ddfa48f,2022/23,,,Ethan Pinnock,Ethan Pinnock,2
2396,5ab3f06e-434d-4640-952d-0e7e998d761d,2022/23,,,Enzo Fernández,Enzo Fernández,3
2397,517c88fc-d2e4-48f9-a244-13a2f0813e40,2020/21,,,Ben Davies,Ben Davies,2
2398,c7a4d6d5-531f-45e5-902b-a002babbdb49,2021/22,,,Alejandro Garnacho,Alejandro Garnacho,3
2399,ba35841c-cdd5-4031-b2ad-00f11cc639c9,2017/18,,,Mohamed Salah,Mohamed Salah,3
2400,a253d98f-9eca-43f1-9015-5c8511d97c51,2022/23,,,Vitalii Mykolenko,Vitalii Mykolenko,2
2401,caaa5e05-744a-4b07-84ec-85c9f12315a7,2017/18,,,Solly March,Solly March,3
2402,00490f26-6814-4df9-a1a8-8f3532e6a9e0,2020/21,,,Aaron Cresswell,Aaron Cresswell,2
2403,517c88fc-d2e4-48f9-a244-13a2f0813e40,2019/20,,,Ben Davies,Ben Davies,2
2404,2d3c3a1d-0246-49a8-b713-fb234c752389,2020/21,,,Declan Rice,Declan Rice,3
2405,285a763c-d124-443b-acd8-10f0b8778b8f,2022/23,,,Mason Holgate,Mason Holgate,2
2406,3c391ec3-cacd-400c-9e80-0d013716e132,2020/21,,,Alex McCarthy,Alex McCarthy,1
2407,1ae7f23c-458b-4bbf-8b00-9eb6a8d3a2b2,2016/17,,,Ross Barkley,Ross Barkley,3
2408,2d3c3a1d-0246-49a8-b713-fb234c752389,2016/17,,,Declan Rice,Declan Rice,2
2409,6530cfe0-7569-4842-bbcf-bb9dfee916c9,2023/24,,,Sandro Tonali,Sandro Tonali,3
2410,a9b733b1-f28a-4ee6-9925-aacc58107500,2023/24,,,Harry Wilson,Harry Wilson,3
2411,5556734b-d1e3-4f5e-94c7-813cd4bcdd56,2023/24,,,Jéremy Doku,Jéremy Doku,3
2412,673743f6-2b57-4f2d-b024-440a9e0f77ce,2016/17,,,Christian Eriksen,Christian Eriksen,3
2413,7958aac6-8834-478e-8351-fcad78301d6d,2019/20,,,Scott McTominay,Scott McTominay,3
2414,2f0ea22d-f760-4599-a623-60f4e3be22f1,2022/23,,,Amad Diallo Traore,Amad Diallo Traore,3
2415,508e8ec8-ad8a-4db6-a32a-a6e1e5e02541,2019/20,,,Idrissa Gueye,Idrissa Gueye,3
2416,980c4351-c970-4fb0-afee-8820f742de9e,2016/17,,,Pierre-Emile Højbjerg,Pierre-Emile Højbjerg,3
2417,316ae259-265d-480f-93fa-4ce0f626e8b7,2021/22,,,Eddie Nketiah,Eddie Nketiah,4
2418,8fc63c4c-fe1d-4ba7-b070-dc23c576cc89,2023/24,,,Gabriel,Gabriel,2
2419,fe136669-0afc-44f9-9800-1193f7670ceb,2018/19,,,Raheem Sterling,Raheem Sterling,3
2420,c283ee88-d305-40e4-8002-0308c558c5ae,2020/21,,,Ilkay Gündogan,Ilkay Gündogan,3
2421,0f24ddb4-65f2-4527-908d-a89f91277b34,2022/23,,,Kalvin Phillips,Kalvin Phillips,3
2422,2367f968-80af-48da-99cc-896d8e179fc2,2023/24,,,Fabio Silva,Fabio Silva,4
2423,8a0b53aa-a122-4ea8-8a32-fb80f11f2cdc,2017/18,,,Virgil van Dijk,Virgil van Dijk,2
2424,e1303f74-c48f-4c2c-a6f4-d83d0b329911,2016/17,,,Ashley Young,Ashley Young,3
2425,2dd27713-180e-4968-9181-39e5436553d5,2022/23,,,Wout Faes,Wout Faes,2
2426,217fc6f8-7182-4de9-b44a-3c51d0147fb9,2020/21,,,Harry Winks,Harry Winks,3
2427,bb980a5b-6f4c-4bb4-8f85-9c682f3370c6,2021/22,,,Oleksandr Zinchenko,Oleksandr Zinchenko,2
2428,9c3e5a68-1061-402c-ad21-25b8c26178ff,2018/19,,,Tyrone Mings,Tyrone Mings,2
2429,96e5f281-158d-4a4d-8dee-93ed027fa325,2022/23,,,Aaron Wan-Bissaka,Aaron Wan-Bissaka,2
2430,ba35841c-cdd5-4031-b2ad-00f11cc639c9,2019/20,,,Mohamed Salah,Mohamed Salah,3
2431,493f278e-a61c-4a7b-bfbc-b7ae9d3926fb,2019/20,,,Joseph Gomez,Joseph Gomez,2
2432,497e140c-b603-4399-abb4-81cfb4a38b39,2023/24,,,Mario Lemina,Mario Lemina,3
2433,0847dcd8-082d-4991-8913-1e3bc242dcc3,2023/24,,,John Stones,John Stones,2
2434,cbeb32ec-d8f8-466d-8977-017ce20d9908,2020/21,,,Rayan Ait Nouri,Rayan Ait Nouri,2
2435,1f21671d-d143-49c8-938f-b90e1b57a10e,2020/21,,,Callum Wilson,Callum Wilson,4
2436,6bd06b24-334f-4fdb-9746-1d98ccfcfe3f,2020/21,,,Callum Hudson-Odoi,Callum Hudson-Odoi,3
2437,b017da9f-56f3-43d0-81ba-ba7a3806e0b6,2023/24,,,Estupiñán,Estupiñán,2
2438,dd9fd6a5-55ae-4be3-9d09-f763b9cd3d0f,2023/24,,,Jake O'Brien,Jake O'Brien,2
2439,97f710e3-4d5b-475f-b4fb-dedf2866e61d,2021/22,,,Lewis Hall,Lewis Hall,3
2440,21eefcd3-6c20-4e20-aebf-36f50f38fdd1,2023/24,,,Kevin De Bruyne,Kevin De Bruyne,3
2441,a8dc9e82-f136-46ca-add6-dd8d3f7181e1,2022/23,,,Ryan Christie,Ryan Christie,3
2442,e7dee554-60cc-4615-8474-50c260ae95ef,2020/21,,,Nélson Semedo,Nélson Semedo,2
2443,00490f26-6814-4df9-a1a8-8f3532e6a9e0,2018/19,,,Aaron Cresswell,Aaron Cresswell,2
2444,4b2db969-8d0c-4c21-a939-0063ae590662,2016/17,,,Ben Chilwell,Ben Chilwell,2
2445,d7b7e799-d34b-45a5-9e63-719d4300cb4e,2023/24,,,Danny Ings,Danny Ings,4
2446,114c54aa-c2b2-4adf-b9e3-052f9113dfdf,2023/24,,,Willy Boly,Willy Boly,2
2447,830feb86-402a-4daf-affa-3f675202527d,2021/22,,,Jadon Sancho,Jadon Sancho,3
2448,060747da-f457-488e-b411-04b14d664ddb,2021/22,,,Gabriel Martinelli,Gabriel Martinelli,3
2449,3b730726-1e3e-4d2a-9bc3-61177fb5d031,2022/23,,,Nathan Aké,Nathan Aké,2
2450,b390871c-5ff9-47b4-9fbc-8069f15ccc95,2023/24,,,Kristoffer Ajer,Kristoffer Ajer,2
2451,7c870cd7-9d1e-4b81-bd53-117b5ce27c54,2023/24,,,Dejan Kulusevski,Dejan Kulusevski,3
2452,4b2db969-8d0c-4c21-a939-0063ae590662,2020/21,,,Ben Chilwell,Ben Chilwell,2
2453,eb6fd9d0-63c5-4080-a5ab-0e9751ec993d,2021/22,,,Konstantinos Mavropanos,Konstantinos Mavropanos,2
2454,106be257-c769-429d-8343-e6a75dd3b6dd,2023/24,,,Tosin Adarabioyo,Tosin Adarabioyo,2
2455,21eefcd3-6c20-4e20-aebf-36f50f38fdd1,2017/18,,,Kevin De Bruyne,Kevin De Bruyne,3
2456,5167d7b8-c362-4ebd-8d34-fc379f6ecaa3,2021/22,,,Son Heung-Min,Son Heung-Min,3
2457,e14a60b0-c5c3-482d-9b61-01d92aeaaef5,2023/24,,,Jordan Pickford,Jordan Pickford,1
2458,0552be44-9d74-4958-b8ba-3b4d84ed57b9,2022/23,,,Ollie Watkins,Ollie Watkins,4
2459,ef0771b9-26c5-4915-8dea-392a26f45cbe,2022/23,,,Andrew Robertson,Andrew Robertson,2
2460,b2c4a6df-6c1d-49ff-b4e7-1c6c0212be83,2022/23,,,Matthew Cash,Matthew Cash,2
2461,673743f6-2b57-4f2d-b024-440a9e0f77ce,2017/18,,,Christian Eriksen,Christian Eriksen,3
2462,da7e8c4f-45b6-4982-a72a-27c5837d3b5d,2023/24,,,James Hill,James Hill,2
2463,97f710e3-4d5b-475f-b4fb-dedf2866e61d,2022/23,,,Lewis Hall,Lewis Hall,3
2464,112a0eb3-0a5b-496b-b396-801917ec861a,2023/24,,,Mikkel Damsgaard,Mikkel Damsgaard,3
2465,f7aa5c64-8487-4dfa-ab29-01c4d8c10eb6,2022/23,,,Dwight McNeil,Dwight McNeil,3
2466,0a8ab14f-a374-4492-9acc-0a1cf2fbb119,2020/21,,,James Ward-Prowse,James Ward-Prowse,3
2467,9aec606f-bff2-484a-9d8f-7f4c0fe7dfaa,2023/24,,,Keane Lewis-Potter,Keane Lewis-Potter,3
2468,35abb6ba-fa65-4591-b6f1-295bd4189044,2022/23,,,Dean Henderson,Dean Henderson,1
2469,7299a365-c7d3-4fae-983c-d6b980719a1d,2018/19,,,Phil Foden,Phil Foden,3
2470,508e8ec8-ad8a-4db6-a32a-a6e1e5e02541,2023/24,,,Idrissa Gueye,Idrissa Gueye,3
2471,3114f8f0-79c0-4955-ae6a-3dc31bfd90e1,2022/23,,,Youri Tielemans,Youri Tielemans,3
2472,57d51316-9d56-4d98-9df7-f5fc936704bb,2016/17,,,Nick Pope,Nick Pope,1
2473,d61ea56d-0474-4524-a061-9869f4ccbb19,2019/20,,,Bruno Fernandes,Bruno Fernandes,3
2474,1593b0e8-5e6e-4ee0-97dc-c59996945458,2024/25,781,567119,Shumaira Mheuka,Shumaira Mheuka,4
2475,cde448c3-c413-4852-ae1a-1a4fbac7e91a,2024/25,347,121160,Ederson Santana de Moraes,Ederson,1
2476,51b47c65-f386-4921-97d4-2832ef428a0b,2024/25,644,574398,Franco Umeh-Chibueze,,3
2477,394f611e-73b5-4779-8110-c73e3593c90f,2024/25,776,596047,Chido Obi-Martin,Chido Obi-Martin,4
2478,733a61fc-ca5f-4d2c-9a91-a2a5cbd3cd4e,2024/25,297,461584,Wanya Marçal-Madivádua,,3
2479,7faf460c-8585-4cd3-9c2b-0529b074b7a8,2024/25,655,463212,Carlos Roberto Forbs Borges,Carlos Forbs,3
2480,39590410-de16-4719-b2db-e4bd707cfaa1,2024/25,330,491501,James McConnell,,3
2481,564732c7-d213-4b90-bae4-c6bdfdc241e3,2024/25,650,437499,Maxence Lacroix,Maxence Lacroix,2
2482,12d85374-64db-40ed-b677-c23eae6ec21c,2024/25,97,628204,Yunus Emre Konak,Yunus Konak,3
2483,6530cfe0-7569-4842-bbcf-bb9dfee916c9,2024/25,417,432422,Sandro Tonali,Sandro Tonali,3
2484,701caef7-4a05-4908-8c32-05de68526194,2024/25,394,208706,Bruno Guimarães Rodriguez Moura,Bruno Guimarães,3
2485,d11092d2-02a1-483d-8581-ce070c6c41d9,2024/25,588,197024,Guido Rodríguez,Guido Rodríguez,3
2486,e1d9a973-35a1-4fba-9980-59ebf61233f0,2024/25,664,517179,Alfie Pond,Alfie Pond,2
2487,d01472f7-8693-4ccd-a312-581276c12f21,2024/25,487,241157,Emerson Leite de Souza Junior,,2
2488,794ce9ff-d47d-43c0-b13c-1e48807bc608,2024/25,387,106760,Luke Shaw,Luke Shaw,2
2489,c932dd05-c46b-4c8e-bffd-ebc3be8f8402,2024/25,416,169359,Matt Targett,Matt Targett,2
2490,054bd8af-0a5f-4812-8702-434f43a0fc84,2024/25,195,515621,Chadi Riad Dnanou,Chadi Riad,2
2491,605c313b-b25e-41b9-8578-b9e11a545472,2024/25,764,112520,Alex Palmer,Alex Palmer,1
2492,af5e5726-fb1e-4fdb-8879-a28afd3dde17,2024/25,445,224068,Matt Turner,Matt Turner,1
2493,7299a365-c7d3-4fae-983c-d6b980719a1d,2024/25,348,209244,Phil Foden,Phil Foden,3
2494,72ed2f11-f5b4-440d-992c-b69044c742cd,2024/25,641,516159,Oliwier Zych,,1
2495,d7c96669-436e-4944-b54d-59695cfd26c6,2024/25,590,538207,William Osula,William Osula,4
2496,8702ee2f-195f-4cb2-b2af-95159eaa74d8,2024/25,24,198869,Ben White,Ben White,2
2497,22917443-6744-4177-bcf2-288cc523b2d4,2024/25,753,100041800,Marco Alexandre Saraiva da Silva,,5
2498,4060db76-df24-4395-bc43-9bb5f618080e,2024/25,700,592736,Maeson King,,2
2499,9d887de9-69c3-4611-b5a7-3906aa107b80,2024/25,539,589507,Leon Chiwome,,4
2500,f14ce898-c5ce-40a4-a22c-6ef0340b5f36,2024/25,725,204646,Donyell Malen,Donyell Malen,3
2501,bec0f8f2-2df7-40e7-87e2-c25495599010,2024/25,400,153127,Isaac Hayden,,3
2502,a092bc5c-b20b-4d8f-8ed8-634e7f572b27,2024/25,698,487837,Divin Mubama,Divin Mubama,4
2503,b36cebaf-b61e-47db-baba-dee6e39cfa5b,2024/25,48,122806,John McGinn,John McGinn,3
2504,709d3031-90a5-4a10-ace0-73b80225cb0f,2024/25,410,180135,Sean Longstaff,Sean Longstaff,3
2505,8fa61f3f-a550-4ab4-ad24-7d9a7a17436e,2024/25,711,613467,Wes Okoduwa,,2
2506,5556734b-d1e3-4f5e-94c7-813cd4bcdd56,2024/25,346,248875,Jérémy Doku,Jéremy Doku,3
2507,bf750c15-c9ca-42de-92cd-60fd2e5f995f,2024/25,565,88484,Pablo Sarabia,Pablo Sarabia,3
2508,3155f865-690c-4281-b00c-fce26e784489,2024/25,525,460842,Mohammed Kudus,Mohammed Kudus,3
2509,6ba5d818-aa90-44b9-8344-e76b02f48372,2024/25,271,167191,Marcus Myers-Harness,Marcus Harness,3
2510,ad4e763c-77a9-498e-bfdf-c206f8108f4c,2024/25,208,536694,Matheus França de Oliveira,Matheus França,3
2511,8c59aeca-3be0-48e3-87f3-abc04294867e,2024/25,81,54469,Adam Smith,Adam Smith,2
2512,84546ac0-47e1-4932-b173-8e0f393efc0d,2024/25,47,98980,Emiliano Martínez Romero,Emiliano Martinez,1
2513,0847dcd8-082d-4991-8913-1e3bc242dcc3,2024/25,362,97299,John Stones,John Stones,2
2514,86a8b7af-747c-4791-8f50-dc0403622b73,2024/25,506,491279,Micky van de Ven,Micky van de Ven,2
2515,86e096b9-965f-4b13-bc0b-7dc91707f0d4,2024/25,398,232826,Anthony Gordon,Anthony Gordon,3
2516,b3e3ad3e-3d3d-4547-936b-63f488921d83,2024/25,672,554194,Jahmai Simpson-Pusey,Jahmai Simpson-Pusey,2
2517,3f381c8a-eeae-4940-9b06-ea05f752e310,2024/25,433,222531,Morgan Gibbs-White,Morgan Gibbs-White,3
2518,5d65e834-c62a-40ff-b188-49c37deb087f,2024/25,334,219937,Rhys Williams,,2
2519,3e925c5f-199b-4d4d-aef5-84d5aadb479b,2024/25,286,461416,Tom Cannon,,4
2520,96e5f281-158d-4a4d-8dee-93ed027fa325,2024/25,388,214590,Aaron Wan-Bissaka,Aaron Wan-Bissaka,2
2521,7c870cd7-9d1e-4b81-bd53-117b5ce27c54,2024/25,492,445044,Dejan Kulusevski,Dejan Kulusevski,3
2522,8f5b6126-8cee-4eda-9580-a85fb023a7b4,2024/25,199,232413,Eberechi Eze,Eberechi Eze,3
2523,f80af03e-0c06-492f-b2f8-3af6e47da055,2024/25,290,96994,Bobby Reid,Bobby Reid,3
2524,aecff7a0-6062-45b5-86d7-0c3961793ed6,2024/25,706,549067,Zach Abbott,Zach Abbott,2
2525,4740a0a4-ae26-4421-9b41-4652ab59e9dd,2024/25,689,611917,Luca Williams-Barnett,,3
2526,f9bba49a-202f-4676-8403-89b69aba431e,2024/25,18,462424,William Saliba,William Saliba,2
2527,35abb6ba-fa65-4591-b6f1-295bd4189044,2024/25,201,172649,Dean Henderson,Dean Henderson,1
2528,2dddc136-dd1e-4405-9609-c0692c8a7479,2024/25,701,518442,Lewis Orford,Lewis Orford,3
2529,413566b4-ae82-4c80-aa8e-6885f89b0d3a,2024/25,332,197464,Nathaniel Phillips,,2
2530,36b875ed-889a-4d7f-a5e7-f57bb5b23e4e,2024/25,375,497894,Rasmus Højlund,Rasmus Højlund,4
2531,8a942902-7e65-496f-97ab-36b2020d968f,2024/25,326,204716,Ibrahima Konaté,Ibrahima Konaté,2
2532,fd38c29c-1522-4d3d-a93e-66cb66d14a11,2024/25,411,547719,Lewis Miley,Lewis Miley,3
2533,bd24fd1b-4cc3-4e5b-94df-1325598ea4eb,2024/25,687,606775,Ben Winterburn,Ben Winterburn,3
2534,2b165e18-79e4-486a-8b52-f84663014f56,2024/25,674,220695,Paris Maghoma,Paris Maghoma,3
2535,3cc8f553-6d15-4ead-8eb8-387b222c2921,2024/25,173,549068,Omari Kellyman,,3
2536,6eb78588-fb64-4370-9014-57f422cbdcd4,2024/25,500,490145,Dane Scarlett,Dane Scarlett,4
2537,b5c70b43-633a-49a1-ab06-a61714748395,2024/25,170,514280,Alfie Gilchrist,,2
2538,114c54aa-c2b2-4adf-b9e3-052f9113dfdf,2024/25,425,90585,Willy Boly,Willy Boly,2
2539,c71d2ed6-c4f9-4cb5-9d6d-8b41d839ba2a,2024/25,266,232228,Harry Clarke,Harry Clarke,2
2540,32a1a749-cbe9-42ad-9092-e85ebfa2d361,2024/25,76,168991,Philip Billing,Philip Billing,3
2541,b6732bbc-09ba-4c3e-a535-861fd96488bc,2024/25,412,111452,Odysseas Vlachodimos,,1
2542,730a90b3-4b79-474a-98d4-449bcf655b48,2024/25,633,195384,Mikel Merino,Mikel Merino,3
2543,1b54ff2c-d9c9-4a82-95b1-83e795a5883e,2024/25,277,106606,Massimo Luongo,Massimo Luongo,3
2544,0e4b4858-babe-4843-a160-f05a40cb4f6c,2024/25,743,100047417,Kieran McKenna,,5
2545,a4354aa0-6616-4c4e-9a28-b91936dd3ffa,2024/25,256,490146,Jay Stansfield,Jay Stansfield,4
2546,73c21faa-876a-417f-bfbd-b5433eae68c3,2024/25,667,547037,Jack Fletcher,Jack Fletcher,3
2547,9e423aa4-3870-402b-bd76-cf3f0a9b66bf,2024/25,680,496683,Max Kinsey,,2
2548,978b7e27-fc49-4e82-b51b-26bc9a204756,2024/25,136,451340,Mitoma Kaoru,Kaoru Mitoma,3
2549,320fe051-d0b5-4c7d-984b-d719a2196470,2024/25,418,77794,Kieran Trippier,Kieran Trippier,2
2550,6464d7dc-b00f-4f30-95ef-28e68277b29a,2024/25,128,223434,Igor Julio dos Santos de Paulo,Igor Julio,2
2551,423e1b12-0219-4921-9347-0631bb645a1c,2024/25,403,180974,Joelinton Cássio Apolinário de Lira,Joelinton,3
2552,31d931b3-f4b5-4f98-92ad-9c612108061d,2024/25,536,79602,Daniel Bentley,Daniel Bentley,1
2553,45f8df16-463f-4069-948a-36689e9398fe,2024/25,196,57328,Nathaniel Clyne,Nathaniel Clyne,2
2554,c48c5c98-df72-4edd-acd0-85450e59269a,2024/25,428,569014,Eric da Silva Moreira,Eric da Silva Moreira,3
2555,fe994675-7f34-4277-b6f3-6e738a132d08,2024/25,683,499726,Callum Olusesi,Callum Olusesi,3
2556,0d1a6874-c8a6-4c75-9e26-6cc146615f85,2024/25,101,128295,Christian Nørgaard,Christian Nørgaard,3
2557,8318a5ef-20aa-4111-a203-80bf0226adf0,2024/25,141,441192,Jeremy Sarmiento Morante,Jeremy Sarmiento,3
2558,7f7fc90a-0213-4184-b84d-ce7c7d8c309d,2024/25,616,501770,Ben Nelson,,2
2559,4e88efdd-64b0-46e7-a45c-243bdff94aca,2024/25,635,513527,Bilal El Khannouss,Bilal El Khannouss,3
2560,8e605721-6cde-4dac-8b83-eff0db4372f1,2024/25,383,202641,André Onana,André Onana,1
2561,c570f81d-5397-4fe4-b834-a937c0058953,2024/25,694,531997,Henry Cartwright,,3
2562,9d0e41e9-55cd-494a-9736-f2afcd359f84,2024/25,620,502222,Ramón Sosa,Ramón Sosa,3
2563,cc9f6cec-99d5-4243-9648-f83c036bb95f,2024/25,294,207270,Daniel Iversen,,1
2564,3524e956-da58-4413-8c62-2c9be93e74aa,2024/25,715,198826,Ben Godfrey,Ben Godfrey,2
2565,b3f99367-3da0-4c23-b896-5bb59bae87a6,2024/25,455,171771,Jan Bednarek,Jan Bednarek,2
2566,00490f26-6814-4df9-a1a8-8f3532e6a9e0,2024/25,517,55459,Aaron Cresswell,Aaron Cresswell,2
2567,3acb44ae-5b2f-45c5-9869-84d7afbc168f,2024/25,190,466117,Naouirou Ahamada,Naouirou Ahamada,3
2568,733bd107-f236-4471-9655-f01379c1bcc5,2024/25,10,200641,Reiss Nelson,Reiss Nelson,3
2569,b1b44db6-1843-4c58-b181-d8c77e598350,2024/25,39,462492,Joe Gauci,,1
2570,3c391ec3-cacd-400c-9e80-0d013716e132,2024/25,469,58376,Alex McCarthy,Alex McCarthy,1
2571,4e8fb766-f0fb-40ad-8685-3a97fd449a8c,2024/25,263,122411,Cameron Burgess,Cameron Burgess,2
2572,e1a5293d-11cb-4154-a20c-75d19e4a3ffb,2024/25,243,76357,Tom Cairney,Tom Cairney,3
2573,6bd06b24-334f-4fdb-9746-1d98ccfcfe3f,2024/25,434,209046,Callum Hudson-Odoi,Callum Hudson-Odoi,3
2574,4a161504-a54e-4f71-980c-76258773e5ea,2024/25,211,247348,Daniel Muñoz,Daniel Muñoz,2
2575,19446b56-6f52-401f-8bdc-6e5cd56bd471,2024/25,85,477580,Illia Zabarnyi,Illia Zabarnyi,2
2576,830feb86-402a-4daf-affa-3f675202527d,2024/25,386,209243,Jadon Sancho,Jadon Sancho,3
2577,b066e645-c6a2-464e-b911-c0d83cb622ac,2024/25,543,87835,Matt Doherty,Matt Doherty,2
2578,d4235334-c064-4526-a005-9dfe729c1c94,2024/25,540,245923,Luke Cundle,,3
2579,b2542e3f-f727-4be7-b102-499d813f28f3,2024/25,601,513834,Andrew Moran,,3
2580,1a05965f-6a72-43c3-8a21-5d90201b464d,2024/25,192,80146,Jordan Ayew,Jordan Ayew,3
2581,0b430c59-3cf0-49dc-ad6b-250815eefcc9,2024/25,34,243557,Moussa Diaby,Moussa Diaby,3
2582,069e0b34-c880-4586-9356-708a4afbcfb5,2024/25,638,498046,Salah-Eddine Oulad M'hand,,3
2583,954cea21-640d-4ae9-80ba-685f406277dc,2024/25,144,469142,Jan Paul van Hecke,Jan Paul van Hecke,2
2584,7c1cd5dc-9bd6-4518-b5a5-b90251db72a2,2024/25,564,231480,Santiago Bueno,Santiago Bueno,2
2585,81e49fc3-08a4-4a4c-a132-473f95662522,2024/25,749,100041880,Ange Postecoglou,,5
2586,d7143196-0a70-47fd-8ce7-f372f88a1381,2024/25,463,39155,Adam Lallana,Adam Lallana,3
2587,c4815505-10e4-4202-9b11-259a19ba8117,2024/25,331,440148,Tyler Morton,,3
2588,b9c2bdf4-908a-4a05-bae4-865a4626ce38,2024/25,629,219249,Matt O'Riley,Matt O'Riley,3
2589,71e04b79-f1a7-4123-8130-bae9732ba772,2024/25,393,220237,Sven Botman,Sven Botman,2
2590,9bcc4be0-a5b6-401f-9fa3-49f78f0f7594,2024/25,703,494307,Max Alleyne,Max Alleyne,2
2591,a260b16c-092a-4eaa-9f5d-4a8a425a65ff,2024/25,493,200826,Giovani Lo Celso,Giovani Lo Celso,3
2592,ef0771b9-26c5-4915-8dea-392a26f45cbe,2024/25,335,122798,Andrew Robertson,Andrew Robertson,2
2593,826f2eb6-c024-428d-8947-35add533b2c5,2024/25,414,19236,John Ruddy,,1
2594,e5f59f5d-d05a-4bdd-8f1d-3c47725c5b81,2024/25,730,606921,Romain Esse,Romain Esse,3
2595,1bcdf584-5210-45d0-bc11-2f10c7c5f15c,2024/25,127,612855,Ibrahim Osman,,3
2596,47914f38-fdf2-4070-a8e0-34617f66da30,2024/25,623,551226,Mateus Gonçalo Espanha Fernandes,Mateus Fernandes,3
2597,f5064d39-0ef6-4eea-8795-9bfa7bcda88d,2024/25,203,108413,Will Hughes,Will Hughes,3
2598,93efe74e-3c76-403d-8c67-ed7381cbe208,2024/25,312,535928,Stefan Bajčetić Maquieira,,3
2599,dd678e0b-c375-428e-96fa-615f1dc5f283,2024/25,54,244850,Morgan Rogers,Morgan Rogers,3
2600,8c847126-728a-47e6-8521-13af156a6181,2024/25,443,85633,Matz Sels,Matz Sels,1
2601,48da60a2-014b-491f-99ee-034d2e11bf48,2024/25,778,559684,Jack Moorhouse,,3
2602,5352a53c-371e-42ed-a345-bdcc7230af37,2024/25,162,460028,Levi Colwill,Levi Colwill,2
2603,e3a78660-310f-4ed3-b4b7-77beca004592,2024/25,206,152551,Jefferson Lerma Solís,Jefferson Lerma,3
2604,e52e1494-f956-4419-921b-f4e9d9125549,2024/25,646,579075,Asher Agbinone,Asher Agbinone,3
2605,6f855388-9213-4e1b-b7b6-87b8bf1f7444,2024/25,724,536241,Martin Sherif,,4
2606,241bad0e-8d84-406c-88c3-040c8b9a8de7,2024/25,73,69752,Norberto Murara Neto,Neto,1
2607,d38b9de7-2bbe-426b-95e8-712c23991199,2024/25,145,111478,Joël Veltman,Joël Veltman,2
2608,0a2ec5df-a9c6-434d-829a-042a0d21682f,2024/25,116,543158,Valentín Barco,,2
2609,dcc5dc32-0384-486d-9ff6-27a17f5aa700,2024/25,21,192895,Kieran Tierney,Kieran Tierney,2
2610,77cea9fb-b868-43b2-9beb-87e8d91dd610,2024/25,134,15157,James Milner,James Milner,3
2611,84fa1217-2dbe-4acc-a446-1f78327fe989,2024/25,169,232787,Conor Gallagher,Conor Gallagher,3
2612,30b4cf70-9f70-4dd2-9b7c-bd17b8d6f129,2024/25,690,591385,Samuel Amissah,,2
2613,f330910f-a62e-4853-bc6f-65d94f877321,2024/25,556,138001,Tom King,Tom King,1
2614,205e17ad-76e5-4a8a-ba2d-17e068f39ce2,2024/25,126,532529,Jack Hinshelwood,Jack Hinshelwood,3
2615,dd9fd6a5-55ae-4be3-9d09-f763b9cd3d0f,2024/25,582,512462,Jake O'Brien,Jake O'Brien,2
2616,c291d224-8f96-4a24-b524-cd665cdab83a,2024/25,396,67089,Martin Dúbravka,Martin Dubravka,1
2617,b118bf52-b844-489f-9dbd-9062311f444a,2024/25,125,60307,Pascal Groß,Pascal Groß,3
2618,8e1ff5ee-c560-481e-9d65-b7c5dfce6918,2024/25,241,232892,Calvin Bassey,Calvin Bassey,2
2619,a9551960-d7f9-4af5-848c-cb5e73d73e6b,2024/25,249,212314,Saša Lukić,Sasa Lukic,3
2620,c5cf643d-e278-468a-8b57-8144d875ff4e,2024/25,686,602903,Ezra Mayers,Ezra Mayers,2
2621,9f3cd734-cb60-4861-bcef-5f31aa336b54,2024/25,618,463067,Georginio Rutter,Georginio Rutter,3
2622,1a66fd6a-6710-4f29-a6c5-89c04a1049b0,2024/25,204,101982,Sam Johnstone,Sam Johnstone,1
2623,3b730726-1e3e-4d2a-9bc3-61177fb5d031,2024/25,341,126184,Nathan Aké,Nathan Aké,2
2624,5640420e-6a7a-4897-b6cf-1906ca0ce6a5,2024/25,20,167199,Thomas Partey,Thomas Partey,3
2625,cc48ff04-fda2-4ab5-b65d-7a7fe526fb2f,2024/25,157,486672,Moisés Caicedo Corozo,Moisés Caicedo,3
2626,1eb4ac7e-6158-4851-b363-d4ff6070ce72,2024/25,596,510500,João Pedro Ferreira Silva,Jota Silva,3
2627,b340a5b0-42ae-4f2a-8096-1b227edae50a,2024/25,423,215379,Elliot Anderson,Elliot Anderson,3
2628,f67b8250-dee9-4e16-9acc-b8eb04a75bd6,2024/25,594,230001,Noussair Mazraoui,Noussair Mazraoui,2
2629,3858ec1b-1c61-4728-bcf3-15d955a16881,2024/25,420,200089,Joseph Willock,Joe Willock,3
2630,93439586-35e5-42ba-87fc-18707d455db5,2024/25,614,491557,Jenson Metcalfe,,3
2631,2d73beaa-be2a-484c-9dff-1bf7927941e2,2024/25,228,106611,Michael Keane,Michael Keane,2
2632,fa82c104-4bb4-44ea-99ba-197e7b9b54e2,2024/25,592,436893,Julián Araujo Zúñiga,Julián Araujo,2
2633,0e3096fb-1a1e-4f9d-bc05-66005ec9d22b,2024/25,705,622536,Benjamin Arthur,,2
2634,af860212-099b-4083-9c6b-0b667e106d07,2024/25,597,499169,Myles Lewis-Skelly,Myles Lewis-Skelly,3
2635,6d5abde7-1f76-477a-acc0-ca49a9fd4ab3,2024/25,255,169528,Antonee Robinson,Antonee Robinson,2
2636,f1bcd20b-b791-474b-90b7-c5552694b80c,2024/25,46,462381,Filip Marschall,,1
2637,5aaeed89-dd50-43b0-8bd5-0b00ffae7428,2024/25,502,235674,Manor Solomon,Manor Solomon,3
2638,9e76b7ed-f9f6-489f-9c20-123fbe45111e,2024/25,657,588793,Maldini Kacurri,,2
2639,7d6c012b-085f-4746-9ddb-bfea5a0a66ba,2024/25,441,209035,Jonathan Panzo,,2
2640,0c132447-b77a-4ef3-8b76-773466c30a9f,2024/25,252,102057,Raúl Jiménez,Raúl Jiménez,4
2641,066fa6ef-4170-4327-b572-3c2ff226bc15,2024/25,627,496178,Roman Dixon,Roman Dixon,2
2642,755babc2-28eb-47e7-bda6-3c28588e49bf,2024/25,239,159533,Adama Traoré Diarra,Adama Traoré,3
2643,06bb6c3b-9a4c-4452-b53a-aff70107d7af,2024/25,124,243568,Billy Gilmour,Billy Gilmour,3
2644,1c5fa20c-00ba-4c53-9c42-702c7fc4a517,2024/25,575,488464,Caleb Wiley,,2
2645,e50c5cc9-96ec-4516-9832-495fcfe30df1,2024/25,344,17601,Scott Carson,,1
2646,c210e153-763f-4bc6-96a7-063bc363159a,2024/25,547,593001,Enso González,,3
2647,950e3371-a25a-45cf-8725-2c37eea9fd9c,2024/25,470,147611,Paul Onuachu,Paul Onuachu,4
2648,51ce44f0-e7b0-4c9a-b805-231fb853d0c8,2024/25,654,224860,Carlos Soler,Carlos Soler,3
2649,21eefcd3-6c20-4e20-aebf-36f50f38fdd1,2024/25,345,61366,Kevin De Bruyne,Kevin De Bruyne,3
2650,469511da-b743-4641-8d98-42dc51b5e329,2024/25,379,222690,Tyrell Malacia,Tyrell Malacia,2
2651,9603c272-8f64-46b5-9d41-c1a8f99b5b94,2024/25,751,100040854,Vítor Manuel de Oliveira Lopes Pereira,,5
2652,2198aa01-1c6c-4ef2-a972-673503c094f7,2024/25,546,531363,Nathan Fraser,,4
2653,35fc7a46-7e2f-453b-8b2e-b7f3e35f6949,2024/25,71,222683,Justin Kluivert,Justin Kluivert,3
2654,6b8b5582-2403-43d5-86dd-99a590777b9d,2024/25,485,496179,Alfie Devine,,3
2655,78b25f86-58fe-4875-b7a0-38e71d54ad53,2024/25,129,475168,João Pedro Junqueira de Jesus,João Pedro,4
2656,863d933f-eb34-417e-9a08-e4007722bc29,2024/25,229,115382,Neal Maupay,Neal Maupay,4
2657,217fc6f8-7182-4de9-b44a-3c51d0147fb9,2024/25,309,157668,Harry Winks,Harry Winks,3
2658,9604dbe5-ce94-417d-b75f-8c05bc946008,2024/25,757,607464,Michael Kayode,Michael Kayode,2
2659,7958aac6-8834-478e-8351-fcad78301d6d,2024/25,381,195851,Scott McTominay,Scott McTominay,3
2660,07faaa9f-d04e-4f32-bc2d-4a864df774e0,2024/25,446,201440,Hwang Ui-jo,,4
2661,4972db25-bc19-4ce4-b020-4f5a57e3cd90,2024/25,736,100037973,Pep Guardiola,,5
2662,1bfa136f-5bd8-40de-940d-aa8ab06b8e03,2024/25,301,473341,Caleb Okoli,Caleb Okoli,2
2663,65ea922b-e24a-4073-a83f-989d52da023d,2024/25,242,428971,Steven Benda,,1
2664,ab460977-65fb-434c-8333-a420e23169cc,2024/25,336,424876,Dominik Szoboszlai,Dominik Szoboszlai,3
2665,eb6fd9d0-63c5-4080-a5ab-0e9751ec993d,2024/25,528,233963,Konstantinos Mavropanos,Konstantinos Mavropanos,2
2666,a8dc9e82-f136-46ca-add6-dd8d3f7181e1,2024/25,63,158499,Ryan Christie,Ryan Christie,3
2667,7ec8c0ea-b6ee-431a-a977-bbde342865b4,2024/25,28,215711,Leon Bailey,Leon Bailey,3
2668,119bb379-3aef-4f9e-8978-3e27561773b8,2024/25,311,169187,Trent Alexander-Arnold,Trent Alexander-Arnold,2
2669,2f0ea22d-f760-4599-a623-60f4e3be22f1,2024/25,364,493250,Amad Diallo,Amad Diallo Traore,3
2670,fee4cf1a-2a8c-4969-a885-180b70984428,2024/25,477,244845,Nathan Wood-Gordon,Nathan Wood,2
2671,cbbe90dd-5cf3-4eca-a595-c3165a3e994e,2024/25,35,165659,Diego Carlos Santos Silva,Diego Carlos,2
2672,1c660429-4643-421e-a350-ab36f78cb9a1,2024/25,223,232928,James Garner,James Garner,3
2673,809750fd-2ea8-4b4a-bce5-2e692aa3c335,2024/25,31,195546,Emiliano Buendía Stati,Emiliano Buendía,3
2674,9e78f47f-6da8-4013-b7a8-87b63b1e07b6,2024/25,4,219847,Kai Havertz,Kai Havertz,4
2675,c2376744-d688-4b78-8331-b916fe78d2d4,2024/25,373,465527,Hannibal Mejbri,Hannibal Mejbri,3
2676,b45dc1be-2cff-43c5-9659-ce1274c92394,2024/25,155,122074,Marcus Bettinelli,,1
2677,c797fded-0f6a-4bfc-86c9-b4aa6003061b,2024/25,262,173818,Nathan Broadhead,Nathan Broadhead,3
2678,7fc92228-dc92-40c8-8907-f3400530fe23,2024/25,516,164555,Vladimír Coufal,Vladimir Coufal,2
2679,f2114ba7-f7b6-4935-8cce-503ef22d76a7,2024/25,109,507433,Hákon Valdimarsson,Hákon Valdimarsson,1
2680,df86d319-d280-478c-932f-856bd0b3da34,2024/25,140,491598,Cameron Peupion,,3
2681,efcb34ce-b8ec-4f6e-8f4d-3f43931a54f6,2024/25,210,244723,Tyrick Mitchell,Tyrick Mitchell,2
2682,2b89fbfc-2cd4-463a-b820-5ce296c75695,2024/25,775,504296,Coby Ebere,,3
2683,7045407f-356d-48d2-8736-5b310f8e703d,2024/25,102,428580,Frank Onyeka,Frank Onyeka,3
2684,e45d7534-4746-4bad-a959-a6cbf37edec1,2024/25,777,547676,Tyler Fredricson,Tyler Fredricson,2
2685,9264f988-edf6-4115-80fe-5ab6cd0a9b04,2024/25,300,203341,Wilfred Ndidi,Wilfred Ndidi,3
2686,253cb250-29d3-4112-a2f7-3877d5e01783,2024/25,649,499717,Jayden Meghoma,Jayden Meghoma,2
2687,5ab3f06e-434d-4640-952d-0e7e998d761d,2024/25,168,448047,Enzo Fernández,Enzo Fernández,3
2688,619f6e84-31c3-4f9c-a03b-42ad670feee1,2024/25,615,472739,Carl Rushworth,,1
2689,3ce8a9da-92b0-4f78-aab5-c56fd203b57c,2024/25,159,180736,Trevoh Chalobah,Trevoh Chalobah,2
2690,df63b4cc-23db-4b0e-b111-c978b6d7a21f,2024/25,285,225902,Boubakary Soumaré,Boubakary Soumare,3
2691,67150f6f-4550-46e1-ab06-5be560ba9de2,2024/25,424,210156,Taiwo Awoniyi,Taiwo Awoniyi,4
2692,89bd4d8a-948b-40e5-8958-5c47b1c373ec,2024/25,520,109533,Emerson Palmieri dos Santos,Emerson,2
2693,227b061b-86ff-48a9-ac03-db0cfec93961,2024/25,391,179018,Miguel Almirón Rejala,Miguel Almirón,3
2694,cab4e50f-8585-44b5-b295-fad3bc50c15b,2024/25,44,199798,Ezri Konsa Ngoyo,Ezri Konsa Ngoyo,2
2695,37b199cf-d628-4c06-ac80-7337b1908bfb,2024/25,305,244619,Luke Thomas,Luke Thomas,2
2696,8fc63c4c-fe1d-4ba7-b070-dc23c576cc89,2024/25,3,226597,Gabriel Magalhães,Gabriel,2
2697,ca2fad3c-7b24-4564-b856-18eaa1454bb8,2024/25,146,489639,Bart Verbruggen,Bart Verbruggen,1
2698,8e9b9927-a7a9-4302-8cd0-774e1e696c78,2024/25,12,499175,Ethan Nwaneri,Ethan Nwaneri,3
2699,e45a67bc-f818-44b2-86f1-2b2c16924a11,2024/25,123,487117,Evan Ferguson,Evan Ferguson,4
2700,e7dee554-60cc-4615-8474-50c260ae95ef,2024/25,559,200402,Nélson Cabral Semedo,Nélson Semedo,2
2701,59be428e-1815-4299-87d2-45631e20edfd,2024/25,634,626464,Gustavo Nunes Fernandes Gomes,Gustavo Nunes,3
2702,8b635a0b-1d12-4fa1-ac09-216f20e4947c,2024/25,106,513418,Kevin Schade,Kevin Schade,3
2703,56a218b5-0326-4ae2-b2f9-c21ae2995077,2024/25,576,229384,Andy Irving,Andy Irving,3
2704,f6da99d0-3d76-44e8-9a59-110a23a11dce,2024/25,38,476344,Jhon Durán,Jhon Durán,4
2705,ae038a6e-37a4-4610-ba9e-4cb35f66b3bd,2024/25,100,51927,Ben Mee,Ben Mee,2
2706,9c3e5a68-1061-402c-ad21-25b8c26178ff,2024/25,49,149484,Tyrone Mings,Tyrone Mings,2
2707,c20d9923-e246-4057-a326-8691402cb3bd,2024/25,23,116216,Leandro Trossard,Leandro Trossard,3
2708,a93384c0-7470-4437-9549-7000c61f9b36,2024/25,728,530121,Zain Silcott-Duberry,Zain Silcott-Duberry,3
2709,fede430f-ca86-4467-ae60-c0f052711f2c,2024/25,406,564510,Garang Kuol,,3
2710,a5e18fe7-45fc-4d0a-a4f8-ae032850f68a,2024/25,245,219924,Issa Diop,Issa Diop,2
2711,f0a83477-9a84-415d-a7f0-c16f464ca033,2024/25,179,465920,Mykhailo Mudryk,Mykhailo Mudryk,3
2712,f7ea0dfa-3d4d-4280-9635-f443f045977c,2024/25,639,551221,Tommy Setford,,1
2713,9ddeea34-afa6-43b2-9718-40ac87c1da54,2024/25,316,447203,Darwin Núñez Ribeiro,Darwin Núñez,4
2714,e61cb6e8-8eed-43ee-b067-95a55cb4736d,2024/25,761,588555,Elyh Harrison,,1
2715,4b659083-76f4-4acf-94f2-c067fbae05f5,2024/25,645,489706,Justin Devenny,Justin Devenny,3
2716,54793335-03fc-44e7-8318-5da068f63263,2024/25,215,55494,Joel Ward,Joel Ward,2
2717,e4fbf4d6-591b-41f2-8ad4-11bced1b83dc,2024/25,250,120721,Kevin Mbabu,,2
2718,6d3fb615-c3e0-4895-b384-57dcb3dc557e,2024/25,351,223094,Erling Haaland,Erling Haaland,4
2719,7d0ce2be-20f7-4099-add3-2623af5b22d6,2024/25,392,201666,Harvey Barnes,Harvey Barnes,3
2720,56fbd80c-25cf-49fc-a56c-05a17c1e73b7,2024/25,164,520295,David Datro Fofana,,4
2721,8a0b53aa-a122-4ea8-8a32-fb80f11f2cdc,2024/25,339,97032,Virgil van Dijk,Virgil van Dijk,2
2722,c0e3d0b0-8ab9-4301-85e4-ee12d5aa5e8b,2024/25,42,226944,Boubacar Kamara,Boubacar Kamara,3
2723,134b692c-b3a5-477d-ae7b-610a63bac91c,2024/25,448,208912,Joe Worrall,Joe Worrall,2
2724,f80b11d9-0005-4eed-a49f-0b013931db8b,2024/25,549,490721,Hugo Bueno López,Hugo Bueno,2
2725,80c83afd-6865-416d-b5f4-593ad9ed1f47,2024/25,658,606745,Ayden Heaven,Ayden Heaven,2
2726,2a008f35-80d2-45a1-b2c1-2431dec0d8cc,2024/25,177,248857,Noni Madueke,Noni Madueke,3
2727,25b80080-ac68-48b9-bb31-582c69086802,2024/25,699,519321,Alfie Dorrington,Alfie Dorrington,2
2728,b22ccb52-c93b-4386-b625-108d1b8c31ef,2024/25,595,513433,Brajan Gruda,Brajan Gruda,3
2729,b2f42ff2-77b6-4839-85b2-b21d29529489,2024/25,647,530318,Kaden Rodney,Kaden Rodney,3
2730,d61ea56d-0474-4524-a061-9869f4ccbb19,2024/25,366,141746,Bruno Miguel Borges Fernandes,Bruno Fernandes,3
2731,9e503294-677d-4eb6-afa0-2e7ac9ca5e05,2024/25,773,496279,Isaac Heath,,3
2732,c7a4d6d5-531f-45e5-902b-a002babbdb49,2024/25,372,493105,Alejandro Garnacho Ferreyra,Alejandro Garnacho,3
2733,5167d7b8-c362-4ebd-8d34-fc379f6ecaa3,2024/25,503,85971,Son Heung-min,Son Heung-Min,3
2734,99e260cf-09bc-40ed-8597-cd944af87c1e,2024/25,745,100053636,Ruben Filipe Marques Diogo Amorim,,5
2735,0c265a4a-81e6-46d2-b15f-1160dc3515ea,2024/25,50,578545,Kosta Nedeljković,Kosta Nedeljkovic,2
2736,f98faf93-e1aa-4c24-b12c-1140704e92eb,2024/25,79,221466,Marcos Senesi,Marcos Senesi,2
2737,626c564d-91fd-4d3a-aa2f-067cb4e55a0e,2024/25,280,434044,Cieran Slicker,,1
2738,b335ffd3-622f-49c4-a3a3-c24d28da56a4,2024/25,784,647671,Mateus Mané,Mateus Mané,4
2739,5c06b0a2-21e8-4135-9ddb-12dc4df2555e,2024/25,150,532605,Andrey Nascimento dos Santos,Andrey Santos,3
2740,19503768-2c69-4c5d-b12f-316a33e22977,2024/25,717,623095,Min-Hyeok Yang,,3
2741,849e9e22-c994-4e94-b9d8-18e9ac8d9fe6,2024/25,107,502500,Igor Thiago Nascimento Rodrigues,Thiago,4
2742,8212e83e-299a-4fe2-b598-7e466a9e0621,2024/25,368,61256,Carlos Henrique Casimiro,Casemiro,3
2743,003c34bb-f0e8-4fef-9e37-a09243dfdd5e,2024/25,287,197469,Hamza Choudhury,Hamza Choudhury,3
2744,23018d09-1c46-4936-9727-40496371c8b8,2024/25,653,485047,Felipe Rodrigues da Silva,Morato,2
2745,38eac867-ae09-4f4e-9791-9ad2c4572d42,2024/25,244,166477,Timothy Castagne,Timothy Castagne,2
2746,b5e6c9ad-10c2-4bff-9f45-746f6a7b3465,2024/25,13,184029,Martin Ødegaard,Martin Odegaard,3
2747,5d6d7fa0-1871-40aa-95df-b817b19c645a,2024/25,643,518438,Kaelan Casey,Kaelan Casey,2
2748,852b8e99-5abc-4f45-834c-4b82cd761841,2024/25,166,215413,Kiernan Dewsbury-Hall,Kiernan Dewsbury-Hall,3
2749,cfa0cd66-03e4-4dac-b6ab-aaf0a86fddf8,2024/25,548,181284,Gonçalo Manuel Ganchinho Guedes,Gonçalo Guedes,3
2750,398e6afe-d051-47bb-936c-de955dad0612,2024/25,397,90105,Ryan Fraser,Ryan Fraser,3
2751,39cfc7e8-d097-4574-8da1-b39c898aaecc,2024/25,578,466075,Riccardo Calafiori,Riccardo Calafiori,2
2752,63c6ba11-a89d-43b5-aeea-b5cf6d9275f6,2024/25,727,568791,Callan McKenna,,1
2753,27a8f115-c09a-43a6-bcfd-956843ba2268,2024/25,353,121145,João Cavaco Cancelo,,2
2754,9c3386df-0f0e-4850-abc3-108eb7eeb8f8,2024/25,748,100045653,Ivan Juric,,5
2755,958160b8-1c1b-42f6-9926-09bd848b0439,2024/25,264,149929,Wes Burns,Wes Burns,3
2756,67217edb-a846-4ac9-878e-2ddcc1dadfcf,2024/25,268,463034,Liam Delap,Liam Delap,4
2757,060747da-f457-488e-b411-04b14d664ddb,2024/25,9,444145,Gabriel Teodoro Martinelli Silva,Gabriel Martinelli,3
2758,be00977b-d686-4932-8288-db6993f55a4b,2024/25,365,467169,Antony Matheus dos Santos,Antony,3
2759,e8498d0b-a80e-4f2c-a7d5-4744ba79699e,2024/25,714,514254,Diego Gómez,Diego Gómez,3
2760,4ed2bd00-dba2-458c-a4d3-1ffd9fbd8736,2024/25,427,475123,Carlos Miguel dos Santos Pereira,,1
2761,2e5dfd6f-2c8a-4242-bd88-71b571e78ec9,2024/25,652,232112,Manuel Ugarte,Manuel Ugarte,3
2762,bba082dc-e723-455d-ac6d-0d5b4006d6a5,2024/25,120,83299,Lewis Dunk,Lewis Dunk,2
2763,0f18b700-59c1-408d-bebb-69524169d4a4,2024/25,84,229600,Mark Travers,Mark Travers,1
2764,602a32fc-f64c-41ec-93c9-32fc9192864c,2024/25,189,444463,Wesley Fofana,Wesley Fofana,2
2765,23ceeab7-83a7-41b5-895a-8a8ba6669fe0,2024/25,571,510281,Sávio 'Savinho' Moreira de Oliveira,Sávio,3
2766,151b7466-31e5-4463-bf01-23ce093bf31c,2024/25,56,514315,Lino da Cruz Sousa,,2
2767,dc214f24-4ce7-426b-80b2-c4bd06c04aec,2024/25,772,47431,Willian Borges da Silva,Willian,3
2768,2dd27713-180e-4968-9181-39e5436553d5,2024/25,291,218218,Wout Faes,Wout Faes,2
2769,049a7ce0-2122-4c95-b21b-097e3d229319,2024/25,220,177815,Dominic Calvert-Lewin,Dominic Calvert-Lewin,4
2770,ff210445-02b1-4677-9041-2f4d71ca9d5b,2024/25,488,40383,Fraser Forster,Fraser Forster,1
2771,68fbd8c6-06c2-4041-8cc4-a9f44972e367,2024/25,41,469247,Samuel Iling-Junior,,3
2772,8d592497-8619-4bea-9790-8ad55aa81bc6,2024/25,278,74944,Sam Morsy,Sam Morsy,3
2773,f40ca710-a641-4a8e-b003-eb74fd196192,2024/25,459,490503,Samuel Edozie,Samuel Edozie,3
2774,d55f4f7d-068b-4c69-9cf2-de621d1d85ea,2024/25,622,207189,Sander Berge,Sander Berge,3
2775,4db6e7c9-53f0-477b-8730-d48f073fd549,2024/25,30,491287,Enzo Barrenechea,,3
2776,451e115e-1a94-4c54-9b7d-63f25fa9e973,2024/25,358,88248,Stefan Ortega Moreno,Stefan Ortega Moreno,1
2777,d92e7a7e-c294-4520-91d5-da6f8f36fd0a,2024/25,281,231899,Jack Taylor,Jack Taylor,3
2778,a8fc2239-2d31-4147-ab75-d0cac4612342,2024/25,304,436680,Jakub Stolarczyk,Jakub Stolarczyk,1
2779,280eaf50-a1c8-436d-bda2-2eebff373391,2024/25,696,550615,Tyrique George,Tyrique George,3
2780,7b3df638-ac76-4b0d-821d-3998dc55f16e,2024/25,771,609640,Mathis Amougou,Mathis Amougou,3
2781,2113ea99-01a3-4d0f-ab90-8cf8d7a22b52,2024/25,660,432987,Vítezslav Jaros,Vítezslav Jaros,1
2782,02d7c5e2-e436-461b-95e5-853765be5a86,2024/25,532,103192,Kurt Zouma,Kurt Zouma,2
2783,6b8f9b22-9763-481f-9392-5c3cf4070706,2024/25,501,209042,Oliver Skipp,Oliver Skipp,3
2784,0a08f076-b5ad-40a4-ac56-0dd943858329,2024/25,95,207283,Mathias Jensen,Mathias Jensen,3
2785,db5c0678-2734-4ed9-81cb-218e7a0a089b,2024/25,670,577974,Harry Amass,Harry Amass,2
2786,231b8d11-0bb6-4103-9619-3733aba936cb,2024/25,692,611926,Amara Nallo,,2
2787,205638de-4f26-42a1-98b6-f91f0bb35cdb,2024/25,137,243505,Jakub Moder,Jakub Moder,3
2788,e7d847a5-66c9-4796-bcb7-b4211b33bb04,2024/25,135,592031,Yankuba Minteh,Yankuba Minteh,3
2789,66e81d3a-1171-4863-85cf-631953b28472,2024/25,161,478912,Carney Chukwuemeka,Carney Chukwuemeka,3
2790,7f9fcb74-c154-403d-bf02-0acda41108fa,2024/25,741,100044409,Oliver Glasner,,5
2791,a7c6ea10-4548-4496-be01-8385d6b36d66,2024/25,111,508395,Yehor Yarmoliuk,Yehor Yarmolyuk,3
2792,de8ca17b-4a8b-42ea-ba45-9a7ce5271255,2024/25,315,491970,Bobby Clark,,3
2793,2314bccb-dc23-4fe5-815c-e30d5e6f69cf,2024/25,307,93100,Jannik Vestergaard,Jannik Vestergaard,2
2794,2367f968-80af-48da-99cc-896d8e179fc2,2024/25,545,449988,Fábio Silva,Fabio Silva,4
2795,4b2db969-8d0c-4c21-a939-0063ae590662,2024/25,160,172850,Benjamin Chilwell,Ben Chilwell,2
2796,77f852ed-4969-4632-b499-6cfe91ddbe30,2024/25,153,242880,Benoît Badiashile,Benoit Badiashile Mukinayi,2
2797,aada56f0-7a6a-4c3f-8297-9c6560186191,2024/25,283,108813,Christian Walton,Christian Walton,1
2798,1ac76c65-0681-462c-82fa-1d7a480d9d61,2024/25,740,100048548,Enzo Maresca,,5
2799,9dd5d807-1dfd-466a-8479-8ed7e06b22fb,2024/25,551,240299,Joe Hodge,,3
2800,58fbf6e5-9ce2-410c-a1f9-e0d2f4607ad0,2024/25,482,227127,Yves Bissouma,Yves Bissouma,3
2801,5cbd1533-696d-45a7-81e3-3b1ac63b3b48,2024/25,769,531170,Nasser Djiga,Nasser Djiga,2
2802,4bca5822-74d2-4237-a2ee-0de9bd1aa8fb,2024/25,718,500016,Welington Damascena Santos,Welington,2
2803,52ba12ec-f1b5-4b92-bb34-77206ee01245,2024/25,298,154048,Stephy Mavididi,Stephy Mavididi,3
2804,65af5c82-2bf4-4b3c-b0f7-49d30a717146,2024/25,607,472769,Nico O'Reilly,Nico O'Reilly,3
2805,ad03317e-4fb2-4aba-b887-32348bcfcb2f,2024/25,188,503714,Lesley Ugochukwu,Chimuanya Ugochukwu,3
2806,112a1260-0cb2-4248-b27b-68e25d2c087a,2024/25,527,224024,Lucas Tolentino Coelho de Lima,Lucas Paquetá,3
2807,2760c840-5e6f-4b46-87b3-889c2556c5e4,2024/25,451,499724,Samuel Amo-Ameyaw,Samuel Amo-Ameyaw,3
2808,0409a3fd-8cb2-4687-b18b-44b737d361b9,2024/25,746,100038215,Eddie Howe,,5
2809,5eee3996-1d93-4d7b-9e06-d7dcb289c696,2024/25,610,499721,Mikey Moore,Mikey Moore,3
2810,272bfaa8-fc18-42f2-8300-f77ca505a345,2024/25,360,220566,Rodrigo 'Rodri' Hernandez,Rodri,3
2811,d42c2826-d545-4a47-817c-ee3627d4c9ad,2024/25,464,515571,Juan Larios López,,2
2812,2456c5b8-e6c9-4ea3-9269-41f7c6216476,2024/25,437,215136,Neco Williams,Neco Williams,2
2813,2d7896e5-bdbb-4eed-90a1-e8f82a308761,2024/25,585,232185,Ismaïla Sarr,Ismaila Sarr,3
2814,892b4701-4709-4ea8-8946-85020dd7456a,2024/25,130,484658,Kacper Kozłowski,,3
2815,f18cd524-27df-453e-a1ff-a354597fc676,2024/25,535,231057,Jean-Ricner Bellegarde,Jean-Ricner Bellegarde,3
2816,8f1d4346-d35a-4749-8d5f-d2d33fa49863,2024/25,91,118342,Mark Flekken,Mark Flekken,1
2817,00304b5c-9f80-4755-9db6-70fcfb471122,2024/25,194,427623,Chris Richards,Chris Richards,2
2818,caaa5e05-744a-4b07-84ec-85c9f12315a7,2024/25,132,109345,Solomon March,Solly March,3
2819,e9876fd3-9487-44e5-8c9b-9a41dcf1ac2b,2024/25,580,554605,Dean Huijsen,Dean Huijsen,2
2820,cf80e7b0-25b9-4d55-9db8-470f50abcefb,2024/25,496,199249,Sergio Reguilón,Sergio Reguilón,2
2821,4df36947-8e5c-4cb4-8d24-e271e8313642,2024/25,429,513046,Danilo dos Santos de Oliveira,Danilo,3
2822,4dc79854-22a7-4d9a-b7e6-6b6024465d87,2024/25,200,209036,Marc Guéhi,Marc Guehi,2
2823,28f0d67c-3eee-4d55-b744-c63484af671b,2024/25,552,441271,Ki-Jana Hoever,Ki-Jana Hoever,2
2824,3a3343ac-df8a-4423-9c8f-614fa31f7612,2024/25,409,441191,Tino Livramento,Valentino Livramento,2
2825,1ae7f23c-458b-4bbf-8b00-9eb6a8d3a2b2,2024/25,29,88894,Ross Barkley,Ross Barkley,3
2826,0bdc54f5-493f-421e-8dd2-27a46576fb72,2024/25,662,499167,Josh Nichols,,2
2827,2a0ea7f1-7a66-4719-a5d0-82f4f9717c9c,2024/25,750,100046435,Graham Potter,,5
2828,67760d31-31ce-4910-afca-8c729c0210dd,2024/25,708,532535,Thomas Wilson-Brown,,2
2829,d3f202e1-9a00-49d3-99ae-d6f6f2c25e79,2024/25,112,48760,Mathias Jorgensen,,2
2830,85560e36-f11f-4635-b01b-aa5dbbf39dfe,2024/25,553,448089,João Victor Gomes da Silva,João Gomes,3
2831,da7e8c4f-45b6-4982-a72a-27c5837d3b5d,2024/25,68,463981,James Hill,James Hill,2
2832,173cfe8b-f489-4922-8264-22e87c1dfc62,2024/25,218,486385,Norberto Bercique Gomes Betuncal,Beto,4
2833,cd001a15-198a-444e-83bc-06bced7ba49e,2024/25,75,495145,Alex Paulsen,,1
2834,8295176c-01fe-478e-a689-ff94aed0fbd1,2024/25,568,232917,Arijanet Muric,Arijanet Muric,1
2835,167d8179-f5d1-401e-b5c3-0db84283bb81,2024/25,673,556639,Jayce Fitzgerald,,3
2836,3114f8f0-79c0-4955-ae6a-3dc31bfd90e1,2024/25,57,166989,Youri Tielemans,Youri Tielemans,3
2837,64c1604f-20e8-4f70-aca6-234467915cdb,2024/25,395,78916,Dan Burn,Dan Burn,2
2838,bb980a5b-6f4c-4bb4-8f85-9c682f3370c6,2024/25,25,206325,Oleksandr Zinchenko,Oleksandr Zinchenko,2
2839,76b5f523-e1e4-4481-9a18-8d299f9ea58f,2024/25,583,108053,Conor Townsend,Conor Townsend,2
2840,baf2ed33-845d-4a56-9fca-fe13e7b45853,2024/25,579,184349,Ryan Sessegnon,Ryan Sessegnon,2
2841,5105b215-ce6e-4494-93d2-f5aab4a3315a,2024/25,181,213198,Christopher Nkunku,Christopher Nkunku,3
2842,5df08c11-5708-49a1-b677-3a4f70a17f17,2024/25,367,451302,Altay Bayindir,Altay Bayindir,1
2843,3359e9ae-5151-45b4-8e0c-77a2b0623e8d,2024/25,521,37096,Łukasz Fabiański,Lukasz Fabianski,1
2844,afbf49b6-75a5-4592-ab2c-d08295a2a391,2024/25,554,149065,José Malheiro de Sá,José Sá,1
2845,296d29ab-2b45-43d9-b404-bc523810cef2,2024/25,678,547801,Callum Bates,,3
2846,58ecb62d-6842-4969-9c96-1eb5f5a3844e,2024/25,185,215059,Robert Sánchez,Robert Sánchez,1
2847,a25c6999-1ee7-4457-ba58-e393edf3e2e1,2024/25,621,428399,João Félix Sequeira,João Félix,3
2848,3706fb38-9c0f-4fa6-a4d3-69171dad0499,2024/25,530,215439,Tomáš Souček,Tomas Soucek,3
2849,9d100761-36fa-4c80-91ee-fa247d9a415b,2024/25,282,180804,Axel Tuanzebe,Axel Tuanzebe,2
2850,6fd4776f-ee54-4d51-b129-46efc5960c5d,2024/25,586,246301,Jorge Cuenca Barreno,Jorge Cuenca,2
2851,b7d5d127-bdfb-497e-9767-9dee5b80a9eb,2024/25,142,49262,Jason Steele,Jason Steele,1
2852,eb3d8a2a-7b37-4016-9290-68b9cccc21ec,2024/25,659,588796,Ismeal Kabia,,3
2853,58eb5b8f-a3de-4a62-9bd0-8e583a6baa0d,2024/25,5,463748,Karl Hein,,1
2854,d1f5f863-043f-4759-adbe-9489d6df04e1,2024/25,494,172780,James Maddison,James Maddison,3
2855,4eee3faa-33dc-49a8-9bd3-8a2463d975e0,2024/25,257,167074,Kenny Tete,Kenny Tete,2
2856,c5a0cc29-169d-4cbd-944d-d512efd6110f,2024/25,739,100053901,Fabian Hürzeler,,5
2857,bb4f6fba-13e4-4517-94d5-33224b40e9a1,2024/25,221,59949,Séamus Coleman,Seamus Coleman,2
2858,ba35841c-cdd5-4031-b2ad-00f11cc639c9,2024/25,328,118748,Mohamed Salah,Mohamed Salah,3
2859,8da8bba7-8a71-44ec-974f-0ccdec569ba0,2024/25,308,95463,Danny Ward,Danny Ward,1
2860,47e50346-47f4-4225-b164-b93dba66e562,2024/25,357,432714,James McAtee,James McAtee,3
2861,c5fad7e1-f59b-4f5f-a1ec-adb606ea2d58,2024/25,138,574402,Mark O’Mahony,,4
2862,c577c0e4-163e-426f-99fc-cc4f003f9c25,2024/25,681,539721,Ruairi McConville,,2
2863,b017da9f-56f3-43d0-81ba-ba7a3806e0b6,2024/25,122,204214,Pervis Estupiñán,Estupiñán,2
2864,b0c2ffa6-b285-425b-8eb2-c9f652427eb3,2024/25,604,577725,Josh King,Joshua King,3
2865,bc02f96a-825e-4289-a282-913dfd9ec102,2024/25,763,439135,Eiran Cashin,Eiran Cashin,2
2866,c7245ea9-802c-4854-a436-6d2f2e2ddf06,2024/25,178,499309,Marc Guiu Paz,Marc Guiu,4
2867,23ebccb8-ad0e-46f5-97ba-973a103ec1a4,2024/25,734,494779,Albert Grønbæk,Albert Grønbæk,3
2868,25e1b024-b4c4-4732-9894-b39b4415754e,2024/25,82,154566,Dominic Solanke-Mitchell,Dominic Solanke,4
2869,18f7fdd3-0f36-40e5-af7d-f002263d0021,2024/25,738,100050427,Andoni Iraola,,5
2870,2b064b3d-3801-4f5d-b158-269afc136611,2024/25,476,158534,Kyle Walker-Peters,Kyle Walker-Peters,2
2871,68aba9cf-c462-4266-9cc4-2f370d142616,2024/25,737,100037568,Unai Emery,,5
2872,26ad018f-7c27-46e2-af1c-493276052c85,2024/25,541,430871,Matheus Santos Carneiro Da Cunha,Matheus Cunha,4
2873,5c12b7ca-9d61-46d9-93a7-0aa3abd6eea2,2024/25,318,496208,Ben Doak,Ben Doak,3
2874,285a763c-d124-443b-acd8-10f0b8778b8f,2024/25,225,194164,Mason Holgate,Mason Holgate,2
2875,3f7d0d15-bae9-4443-b8fd-602d0b46e83b,2024/25,612,550839,Wilson Odobert,Wilson Odobert,3
2876,fa56513c-1a2f-44df-9b8a-f3d0d91190db,2024/25,272,222625,George Hirst,George Hirst,4
2877,da90bf95-1485-4b1f-a5fc-029e3dc29a7b,2024/25,440,466404,Andrew Omobamidele,,2
2878,7ba0ee40-1601-49e4-8f1b-b9ae33eb4456,2024/25,93,472713,Aaron Hickey,Aaron Hickey,2
2879,8eb9c6d1-4a31-480a-84f6-823341806aef,2024/25,584,204814,Ben Brereton Díaz,Ben Brereton Díaz,3
2880,5d59ecd1-993f-4b38-ab93-5b067bf6f02d,2024/25,668,565858,Killian Cahill,,1
2881,4fc6dec6-7b50-4852-a52b-5ba4c7db9034,2024/25,453,155511,Adam Armstrong,Adam Armstrong,4
2882,159841f0-d0bc-4c77-89c1-ff5886c01ec1,2024/25,716,485055,Antonín Kinsky,Antonín Kinsky,1
2883,d86e3efa-0331-4d5e-94c6-ec063d3fa29e,2024/25,340,211975,Manuel Akanji,Manuel Akanji,2
2884,d8b9c0eb-e865-4c82-937b-618e8ee12bee,2024/25,752,100042830,Thomas Frank,,5
2885,b390871c-5ff9-47b4-9fbc-8069f15ccc95,2024/25,86,191866,Kristoffer Ajer,Kristoffer Ajer,2
2886,1ea6d7fc-080b-4ca4-af8d-d56469226c16,2024/25,630,216616,Dara O'Shea,Dara O'Shea,2
2887,97bf024e-98d7-4f14-9b3f-7f83a23c1d26,2024/25,560,247632,Pedro Lomba Neto,Pedro Neto,3
2888,6fde9f20-8252-414f-a30d-8fc120612036,2024/25,72,223911,Chris Mepham,Chris Mepham,2
2889,0a8ab14f-a374-4492-9acc-0a1cf2fbb119,2024/25,531,101178,James Ward-Prowse,James Ward-Prowse,3
2890,26403f80-aee2-4a3c-8d10-b90390d5855e,2024/25,279,246265,Corrie Ndaba,,2
2891,46b262ba-a864-4a5c-983b-8287c9e1b2c6,2024/25,324,206915,Curtis Jones,Curtis Jones,3
2892,0e7b8ecc-a699-45cb-8993-d5e32832794b,2024/25,149,467779,Mats Wieffer,Mats Wieffer,3
2893,d773f228-5102-4554-a7e4-aadc6a213084,2024/25,60,200785,Tyler Adams,Tyler Adams,3
2894,df260d38-74bc-4db1-b6a1-981114d38c59,2024/25,682,596054,Tom Edozie,Tom Edozie,3
2895,bc66bf7d-e1f5-48c5-b89d-ff0dbd008bd8,2024/25,479,214572,Brandon Austin,Brandon Austin,1
2896,0552be44-9d74-4958-b8ba-3b4d84ed57b9,2024/25,58,178301,Ollie Watkins,Ollie Watkins,4
2897,43614d52-643f-4896-bb81-935141b2adf1,2024/25,270,449429,Jacob Greaves,Jacob Greaves,2
2898,c283ee88-d305-40e4-8002-0308c558c5ae,2024/25,625,59859,Ilkay Gündogan,Ilkay Gündogan,3
2899,d5cb588c-3883-4914-9792-2868f506396e,2024/25,108,144485,Ivan Toney,,4
2900,caea5c3e-561c-4856-b0bd-d1f3a2de121e,2024/25,419,461484,Joe White,,3
2901,dac09667-7631-4ead-95e7-53d1a814d4f1,2024/25,105,226956,Mads Roerslev Rasmussen,Mads Roerslev,2
2902,0674829c-1695-4256-9435-7f330b4a594c,2024/25,710,559962,Jamaldeen Jimoh,Jamaldeen Jimoh,3
2903,a1b1578f-e07b-40cd-aaa3-9e626f20265b,2024/25,456,477386,Armel Bella-Kotchap,Armel Bella Kotchap,2
2904,b4488bc0-e064-48b7-b498-c58aa2b1836f,2024/25,26,106468,Álex Moreno Lopera,Álex Moreno,2
2905,8b74ab57-db22-45f4-80ce-8e5d59b3ce3b,2024/25,99,446008,Bryan Mbeumo,Bryan Mbeumo,3
2906,614dca87-6771-4409-b1d4-230660704518,2024/25,442,210462,Ibrahim Sangaré,Ibrahim Sangare,3
2907,604bd9bd-bb7e-429a-916b-a63b3f098292,2024/25,51,111782,Robin Olsen,Robin Olsen,1
2908,92dd0330-0acf-4b03-81ca-e5bbbef686eb,2024/25,289,245419,Patson Daka,Patson Daka,4
2909,3c643231-db3b-46f4-80f0-a33979f63288,2024/25,349,114283,Jack Grealish,Jack Grealish,3
2910,b93ca236-804e-4f10-b605-353e9f3efadb,2024/25,744,100052173,Arne Slot,,5
2911,59b3d929-b40d-4651-8fcd-5e707a202324,2024/25,40,123354,Kortney Hause,,2
2912,0dbe7e79-cbd1-44c8-b2e3-925b0070aa9b,2024/25,7,85955,Jorge Luiz Frello Filho,Jorginho,3
2913,2c569b38-1dd7-472f-80b7-6ec3828f627e,2024/25,572,550864,Leny Yoro,Leny Yoro,2
2914,843cf64a-f080-4263-a120-b1ac926e7d15,2024/25,719,620408,Joachim Kayi-Sanda,Joachim Kayi-Sanda,2
2915,d6bb65df-f588-4aea-97a2-bcd2c3df9fed,2024/25,631,443261,Jack Clarke,Jack Clarke,3
2916,d12ed8ab-4e09-4a9f-afac-9dcd9501a86b,2024/25,303,194190,Harry Souttar,,2
2917,0f4c04eb-d670-413f-aa27-6ebea80648cb,2024/25,174,514356,Roméo Lavia,Romeo Lavia,3
2918,634e753c-4227-4caf-b615-3f2d349785f9,2024/25,163,179268,Marc Cucurella Saseta,Marc Cucurella,2
2919,e7d3fa84-b7d0-432f-a17b-62dcd50dac2f,2024/25,617,444102,Francisco Evanilson de Lima Barbosa,Evanilson,4
2920,8e34adec-0f08-47ed-8f15-75fa2e47019a,2024/25,603,609873,Harrison Armstrong,Harrison Armstrong,3
2921,83bf64c5-d053-4c9b-88a8-2fe044533999,2024/25,401,219168,Alexander Isak,Alexander Isak,4
2922,df9d9003-755f-4e22-99b7-58ea6b16dc24,2024/25,544,220394,Tommy Doyle,Tommy Doyle,3
2923,27100a56-1d73-4f98-9cab-8092707f2f4c,2024/25,684,611920,Malachi Hardy,,2
2924,44dc201e-dc85-4982-a627-e938ddc48bc0,2024/25,376,184667,Victor Lindelöf,Victor Lindelöf,2
2925,18518340-c700-4515-a0b4-90b371a9686e,2024/25,354,91651,Mateo Kovačić,Mateo Kovacic,3
2926,3c733308-8ffb-4ef6-b24b-81ae97163f7f,2024/25,472,88900,Jack Stephens,Jack Stephens,2
2927,c9df79cf-d31f-41be-8415-dcba7c67b297,2024/25,197,450535,Malcolm Ebiowei,,3
2928,396e1c5f-a102-4af3-a5b7-2d8ca2b3ef6f,2024/25,329,243016,Alexis Mac Allister,Alexis Mac Allister,3
2929,152452e6-1e36-4c7b-b9aa-15d38bd2fcbb,2024/25,342,165809,Bernardo Veiga de Carvalho e Silva,Bernardo Silva,3
2930,ef27dda9-b74d-4e05-a474-3ce88f01963e,2024/25,407,101148,Jamaal Lascelles,Jamaal Lascelles,2
2931,5627a160-9c95-443d-92f6-42bd33cb437c,2024/25,499,482442,Pape Matar Sarr,Pape Sarr,3
2932,74afb9cb-18dd-4e48-aaa1-2267e42b6bf7,2024/25,248,80201,Bernd Leno,Bernd Leno,1
2933,3f65d074-7e83-47f7-9b5e-4c8a429e95ae,2024/25,119,168090,Mahmoud Dahoud,Mahmoud Dahoud,3
2934,106be257-c769-429d-8343-e6a75dd3b6dd,2024/25,187,109646,Tosin Adarabioyo,Tosin Adarabioyo,2
2935,47b4493f-b6d6-4ad3-994f-85fff1906e2e,2024/25,273,524180,Cameron Humphreys,,3
2936,fb90f28e-7da5-4951-9e8a-b8a35718154c,2024/25,598,515597,Lamare Bogarde,Lamare Bogarde,2
2937,1612fa1c-cb9b-4980-837e-d768f86b0886,2024/25,113,535818,Simon Adingra,Simon Adingra,3
2938,0b8ecd30-19a8-4509-9f8d-09deaf8ac2ee,2024/25,767,135720,Kevin Danso,Kevin Danso,2
2939,7183ccec-0ea9-4ec1-bc31-32c5a55bd384,2024/25,284,220583,Luke Woolfenden,Luke Woolfenden,2
2940,a38c8aff-9fa1-4fba-9126-f5d18b077163,2024/25,313,492777,Conor Bradley,Conor Bradley,2
2941,f51c9384-294d-43c3-9361-38f350856675,2024/25,217,121599,Abdoulaye Doucouré,Abdoulaye Doucouré,3
2942,54a322fe-500f-4fe6-8649-8c4ba756995e,2024/25,27,433979,Cameron Archer,Cameron Archer,4
2943,bf428111-cd34-4d6e-afd6-31e7a312dc1d,2024/25,369,216051,José Diogo Dalot Teixeira,Diogo Dalot,2
2944,f551e1b9-1b4f-4ee0-ab12-5b3d29f7f00e,2024/25,53,232653,Jacob Ramsey,Jacob Ramsey,3
2945,fafb8cd0-eb45-4d2f-ab0e-3bafb0e4ec74,2024/25,232,440993,Iliman Ndiaye,Iliman Ndiaye,4
2946,43d10f61-0a63-49f2-9406-cc65de429029,2024/25,636,223541,Federico Chiesa,Federico Chiesa,3
2947,c0b876d5-f9e9-4ea8-af27-9cb7687b1f92,2024/25,240,156689,Andreas Pereira,Andreas Pereira,3
2948,54bb43bc-e7aa-4943-9132-0c76a4090099,2024/25,202,156074,Rob Holding,,2
2949,c12cb1c2-69c1-491d-9f1a-4ff3114525e8,2024/25,760,501620,Dante Cassanova,,2
2950,0aa06c2f-e3d9-4068-9137-b1c6aedaf268,2024/25,599,444172,Will Dennis,,1
2951,fef21c3b-20a9-4632-a6e3-8db0948f2205,2024/25,319,444884,Harvey Elliott,Harvey Elliott,3
2952,a813d09b-3694-4714-b863-bb5997ef8f43,2024/25,415,119471,Fabian Schär,Fabian Schär,2
2953,5e017af1-fb1d-4fd8-ae6b-f20b511544e2,2024/25,510,175941,Alfie Whiteman,,1
2954,6abf2e43-7532-495b-9baa-6d4563ec960a,2024/25,608,496661,Tyler Dibling,Tyler Dibling,3
2955,7cdd3161-7671-44b1-ba34-2c6aab483072,2024/25,337,214285,Konstantinos Tsimikas,Konstantinos Tsimikas,2
2956,dc4e0b8b-414e-4811-ae72-8efdf9531f4d,2024/25,384,488404,Facundo Pellistri Rebollo,Facundo Pellistri,3
2957,c2d6123b-73fb-4d00-8e17-10e665a4d3a3,2024/25,1,438098,Fábio Ferreira Vieira,Fábio Vieira,3
2958,bebb07d8-294d-405e-bf59-07c9bbb7e1d6,2024/25,626,476369,Issa Kaboré,,2
2959,16c6ef10-235f-47b8-91ac-7dae8c0292bc,2024/25,296,481510,Victor Kristiansen,Victor Kristiansen,2
2960,6d2b823b-8112-4409-90ed-91e2a1f03ba8,2024/25,227,222627,João Neves Virgínia,,1
2961,e8a9a06b-9a2b-4bed-bbd1-d6dabfe8384a,2024/25,193,438464,Cheick Doucouré,Cheick Oumar Doucoure,3
2962,53f6428c-e03e-4b83-9596-03cfaf24f761,2024/25,522,82143,Wes Foderingham,Wes Foderingham,1
2963,423ca461-6872-4d4c-a2fa-b78f2c02fe5b,2024/25,756,616059,Jack Porter,,1
2964,cbeb32ec-d8f8-466d-8977-017ce20d9908,2024/25,533,448514,Rayan Aït-Nouri,Rayan Ait Nouri,2
2965,d0f8670d-03c3-4760-8678-d391c9455f38,2024/25,436,575476,Murillo Santiago Costa dos Santos,Murillo,2
2966,b2956a8b-fe92-47c6-b79b-de88325f518c,2024/25,219,480455,Jarrad Branthwaite,Jarrad Branthwaite,2
2967,7eb721cb-3e6b-4f7a-8619-396390087e74,2024/25,632,229164,Chiedozie Ogbene,Chiedozie Ogbene,3
2968,1f21671d-d143-49c8-938f-b90e1b57a10e,2024/25,421,75115,Callum Wilson,Callum Wilson,4
2969,2cb1c2d6-7875-4bca-aaf3-f9a0db2e5f2d,2024/25,637,560248,Bastien Meupiyou,,2
2970,1e46a4d9-cd92-4103-ae5d-7b19e745dcd1,2024/25,461,245719,Taylor Harwood-Bellis,Taylor Harwood-Bellis,2
2971,df90c1df-cea3-4ce1-a852-b6918e5472e0,2024/25,474,219279,Sugawara Yukinari,Yukinari Sugawara,2
2972,d02b81d6-108e-4cfd-b34b-80f3ae2382ca,2024/25,78,437730,Antoine Semenyo,Antoine Semenyo,3
2973,96b53c7a-b0b0-4b20-ab74-46f7d1c4d4d7,2024/25,151,518620,Ângelo Gabriel Borges Damaceno,,3
2974,908014a9-09ff-487d-947e-94b822111b08,2024/25,183,457569,Đorđe Petrović,Djordje Petrovic,1
2975,9f5c0372-965f-4c09-a409-48c6e1ba28fa,2024/25,45,441302,Ian Maatsen,Ian Maatsen,2
2976,b4d3e76d-0620-4853-b965-d10f7cac139e,2024/25,505,487053,Destiny Udogie,Iyenoma Destiny Udogie,2
2977,ab9f50aa-1162-48f7-9b5f-0a4c171aa52b,2024/25,103,450539,Myles Peart-Harris,Myles Peart-Harris,3
2978,0d8faf78-acfd-472f-8579-f67546f00094,2024/25,566,247412,Jørgen Strand Larsen,Jørgen Strand Larsen,4
2979,0ef396fa-0d67-4b34-aab7-dad74779bd84,2024/25,758,567121,Joe Knight,Joe Knight,3
2980,023da49d-2e7d-4907-9df5-f04db9b0fd41,2024/25,431,250199,Nicolás Domínguez,Nicolás Domínguez,3
2981,8c8cc68d-e4da-41c6-8716-a17bb3f8529e,2024/25,15,154561,David Raya Martin,David Raya,1
2982,112a0eb3-0a5b-496b-b396-801917ec861a,2024/25,89,440089,Mikkel Damsgaard,Mikkel Damsgaard,3
2983,83ca5847-cede-4643-8401-ec260ed79816,2024/25,374,21205,Tom Heaton,,1
2984,be4630e8-f0fc-4e45-ac41-d8e594cbe003,2024/25,154,482158,Lucas Bergström,,1
2985,35be4ca9-a98f-41cc-94e9-0c54c64ef3db,2024/25,475,103914,Charlie Taylor,Charlie Taylor,2
2986,bdec436e-5a79-4ed5-9db6-0f5c66eae832,2024/25,733,616222,Vitor de Oliveira Nunes dos Reis,Vitor Reis,2
2987,38de7a0b-149d-47fc-8dc6-1a1765afcdd3,2024/25,454,456350,Gavin Bazunu,,1
2988,dc4a57f5-c41d-4b7c-9911-f8c0143162c6,2024/25,152,109745,Kepa Arrizabalaga,Kepa,1
2989,28e50791-6f91-4e41-bc0f-4b4796f9e300,2024/25,619,454667,Jens Cajuste,Jens Cajuste,3
2990,7f160bcd-c48f-454e-bd10-5d13e7b7a608,2024/25,405,111773,Emil Krafth,Emil Krafth,2
2991,2de4111b-3169-48a3-8e41-c9fc7e174dae,2024/25,148,50175,Danny Welbeck,Danny Welbeck,4
2992,df3a988b-b09d-4529-a70a-6bff596cff56,2024/25,323,441266,Ryan Gravenberch,Ryan Gravenberch,3
2993,540f0a39-6138-42e1-9a82-e9f9e103619e,2024/25,675,447880,Josh Wilson-Esbrand,,2
2994,4e66c283-49f7-466c-8daa-37668cf8f156,2024/25,114,475480,Benicio Baker-Boaitey,,3
2995,e14a60b0-c5c3-482d-9b61-01d92aeaaef5,2024/25,235,111234,Jordan Pickford,Jordan Pickford,1
2996,82fc8e1d-caab-4261-ac47-3ac542bd2c29,2024/25,735,100051017,Mikel Arteta,,5
2997,629fabbd-bbde-4bae-8890-6a04ec8aae9e,2024/25,265,196411,Conor Chaplin,Conor Chaplin,3
2998,e1303f74-c48f-4c2c-a6f4-d83d0b329911,2024/25,238,18892,Ashley Young,Ashley Young,2
2999,78cef93a-5d90-47df-ae43-9951588f6c59,2024/25,483,436234,Bryan Gil Salvatierra,,3
3000,d6be337c-9102-4aba-acf1-a150cba17751,2024/25,438,204822,Omar Richards,,2
3001,9ddf23ec-f1ed-43e6-bd0b-c40e8f383ac3,2024/25,529,210494,Nayef Aguerd,Naif Aguerd,2
3002,8f24ce04-4a4b-4faa-a0c3-0ecb9e6a6d2c,2024/25,172,225796,Reece James,Reece James,2
3003,770bee50-6c71-497a-a0f4-ccfa519c3ab2,2024/25,722,590760,Daniel Adu-Adjei,,4
3004,9a2e293d-d951-470a-9828-b0958d351f6a,2024/25,713,575901,Julio Soler,Julio Soler,2
3005,dc327a0e-c462-4b63-bdb0-a7def1b09ab3,2024/25,542,60232,Craig Dawson,Craig Dawson,2
3006,57d51316-9d56-4d98-9df7-f5fc936704bb,2024/25,413,98747,Nick Pope,Nick Pope,1
3007,eafb38c1-7c4e-4b4b-bba2-85e04dc57ad0,2024/25,143,450434,Deniz Undav,,4
3008,9fc89667-620c-4a07-a188-debfe5bea8dc,2024/25,216,496221,Adam Wharton,Adam Wharton,3
3009,c3d3ae83-1510-42da-9233-2f411397d2cf,2024/25,293,467189,Mads Hermansen,Mads Hermansen,1
3010,02f33067-df2b-4ccc-bf64-f76114dfdd79,2024/25,702,632822,Archie Harris,,2
3011,f27a3540-d5e4-4dfc-864b-1eb803202eeb,2024/25,458,463210,Shea Charles,,3
3012,15a27285-1e19-4e00-970d-f2ca8c65d987,2024/25,515,149519,Maxwel Cornet,Maxwel Cornet,3
3013,00feecc2-b82f-4759-a986-d8c283132ebb,2024/25,563,483081,Rodrigo Martins Gomes,Rodrigo Gomes,3
3014,449e9cef-9d16-4746-b7ed-c80f87304b3e,2024/25,288,94147,Conor Coady,Conor Coady,2
3015,eed618bc-4fff-431a-8342-6e56d6875fda,2024/25,320,158983,Wataru Endo,Wataru Endo,3
3016,fa7f3fbe-f1a1-4944-a63f-c28478e8c6e7,2024/25,77,503139,Alex Scott,Alex Scott,3
3017,7ceade22-f5db-4b3e-ae20-120cd46c67cf,2024/25,350,477424,Joško Gvardiol,Josko Gvardiol,2
3018,b771e153-5d75-49ce-8fbd-e6e1cbda6bd2,2024/25,355,477064,Rico Lewis,Rico Lewis,2
3019,987b1de6-1ff9-4545-a1db-c2953f798aec,2024/25,261,517178,Elkan Baggott,,2
3020,d2348ee8-67e0-4a40-9a5d-c5860ad0a1ea,2024/25,408,194799,Jamal Lewis,,2
3021,497e140c-b603-4399-abb4-81cfb4a38b39,2024/25,557,151086,Mario Lemina,Mario Lemina,3
3022,15e3327c-f62f-4c59-a1e2-01eeabc58e9b,2024/25,22,223723,Tomiyasu Takehiro,Takehiro Tomiyasu,2
3023,b2666900-fae2-4a8d-a1a5-44f03139866a,2024/25,473,230348,Ross Stewart,Ross Stewart,4
3024,2664b42e-3cf1-4aeb-ab02-1b3a3c624d41,2024/25,292,549640,Michael Golding,Michael Golding,3
3025,2fc945e5-d19c-4530-a647-863b0ea4396d,2024/25,361,171314,Rúben Santos Gato Alves Dias,Rúben Dias,2
3026,4ebbd927-7869-42c7-a226-2ad79d9f6b61,2024/25,550,184754,Hwang Hee-chan,Hee-Chan Hwang,3
3027,e73c83e7-3640-43d0-8c0f-f267926827fc,2024/25,691,576637,Godwill Kukonki,,2
3028,97f710e3-4d5b-475f-b4fb-dedf2866e61d,2024/25,399,487838,Lewis Hall,Lewis Hall,2
3029,4acb2de8-282d-41a8-9184-ef6a36d9c1ff,2024/25,561,641221,Pedro Cardoso de Lima,Pedro Lima,2
3030,fae871db-f1d1-46cb-9a37-a68b23418fa7,2024/25,759,535017,Julian Eyestone,,1
3031,c8bc0bf8-aed5-4963-af17-198388b65073,2024/25,184,551230,Renato Palma Veiga,Renato Veiga,3
3032,b40b1695-7a27-4a0a-bd7a-5635abd89983,2024/25,537,510363,Francisco Jorge Tomás Oliveira,Chiquinho,3
3033,8d8a8e65-90ee-4e5e-9e67-279929f6005d,2024/25,147,110735,Adam Webster,Adam Webster,2
3034,02539faa-015d-44f3-9210-cfd5e296a32d,2024/25,191,174874,Joachim Andersen,Joachim Andersen,2
3035,da1637e8-b587-4c57-97e9-29a83d53e283,2024/25,70,544877,Milos Kerkez,Milos Kerkez,2
3036,6491134c-17b9-44b3-a599-bd21c9c5651f,2024/25,765,465694,Nico González,Nico González,3
3037,dfc945e1-aaca-4013-b2b3-96e85b299423,2024/25,382,184341,Mason Mount,Mason Mount,3
3038,d55c24d3-a28a-422f-a250-d478317d3760,2024/25,663,447720,Imari Samuels,,2
3039,dd426201-6b0d-4e17-a9fa-639eeb2ac418,2024/25,491,242898,Brennan Johnson,Brennan Johnson,3
3040,d3ee6450-9e56-4af5-8fd2-7f580e9d4d43,2024/25,131,232792,Tariq Lamptey,Tariq Lamptey,2
3041,dd8d4123-995c-434f-8617-1ca644f6f2d8,2024/25,226,490094,Tim Iroegbunam,Tim Iroegbunam,3
3042,d2f7294c-7df5-479c-9c9b-f550be9dda26,2024/25,327,244731,Luis Díaz,Luis Díaz,3
3043,4847b21e-dbd9-4565-90d5-ae0c6f3b0e88,2024/25,723,550596,Dominic Sadi,,3
3044,c49b3106-4c26-46c9-bbb8-4e132b81910a,2024/25,504,232859,Djed Spence,Djed Spence,2
3045,9dc9d7d5-adb7-4d08-afb8-4b30b62c446d,2024/25,589,91889,Niclas Füllkrug,Niclas Füllkrug,4
3046,f15c7a69-783c-4c78-affb-fdaff1d4c95e,2024/25,721,20066,Wayne Hennessey,,1
3047,359d703f-5c63-4bfe-8ccc-57d4ede0b37c,2024/25,498,221632,Cristian Romero,Cristian Romero,2
3048,a9b733b1-f28a-4ee6-9925-aacc58107500,2024/25,259,153682,Harry Wilson,Harry Wilson,3
3049,f34c6bed-d548-4ed4-8e01-407f36f5ca33,2024/25,676,576980,Zach Marsh,,4
3050,670f1eda-f0ed-4dad-bfdd-1e19d22820c1,2024/25,605,573062,Martial Godo,Martial Godo,3
3051,bec3286a-79d9-4125-ae8e-4c789e476cd5,2024/25,402,114243,Jacob Murphy,Jacob Murphy,3
3052,6ccd22a5-35fa-45f0-8bb0-1fe3f642daf9,2024/25,64,155408,Lewis Cook,Lewis Cook,3
3053,291cf79e-8289-4aea-b433-663239f6c492,2024/25,688,591386,Treymaurice Nyoni,Treymaurice Nyoni,3
3054,7aaf79cc-c65b-4e01-bd0d-fc5bd58bece6,2024/25,214,86417,Jeffrey Schlupp,Jeffrey Schlupp,3
3055,34fd9fbe-964e-4832-8c52-b64dac780c07,2024/25,526,577114,Luis Guilherme Lira dos Santos,Luis Guilherme,3
3056,ae553ab7-226a-49c0-827b-6652d5d1c7a0,2024/25,198,199670,Odsonne Edouard,Odsonne Edouard,4
3057,a57c573b-9e52-4560-8f92-cfbd45ad8f34,2024/25,205,209400,Daichi Kamada,Daichi Kamada,3
3058,a3839c5a-f87e-48df-9a8d-dc0bc957b87b,2024/25,447,60689,Chris Wood,Chris Wood,4
3059,e82f741c-7aaf-4807-bbfc-ce5f4a0d98b9,2024/25,514,178186,Jarrod Bowen,Jarrod Bowen,3
3060,c97ef6e6-01cf-4873-8aa6-2aa9a640ec47,2024/25,158,505187,Cesare Casadei,,3
3061,49acc28c-0579-4ecf-bb09-7844ec2862b6,2024/25,295,220627,James Justin,James Justin,2
3062,08cbab83-8554-41d0-bd69-4cd420eb698c,2024/25,732,578153,Abdukodir Khusanov,Abduqodir Khusanov,2
3063,d6c64626-bc1c-4652-b242-1ae90f58bc0a,2024/25,66,441240,Romain Faivre,,3
3064,835f7409-1fdc-4b05-892f-9c4d3489f140,2024/25,176,204727,Malang Sarr,,2
3065,5595fcf5-6ff7-43b4-808d-b35fd4ef7ffd,2024/25,628,231416,Ferdi Kadioglu,Ferdi Kadioglu,2
3066,e428431a-3fde-4578-a858-ebdd30f20d5b,2024/25,237,491012,Youssef Ramalho Chermiti,Youssef Chermiti,4
3067,a90e569f-158b-4736-a036-aad3596ed5ec,2024/25,457,184386,James Bree,James Bree,2
3068,4e31b963-7b67-4a50-877d-8749e28e0866,2024/25,671,516250,Jacob Wright,,3
3069,a9ad7230-d935-4f38-a564-7f3e9173e3fb,2024/25,302,111931,Ricardo Barbosa Pereira,Ricardo Pereira,2
3070,90e55f29-eaf3-45ba-b6d3-9f50aa3d550f,2024/25,117,536916,Facundo Buonanotte,Facundo Buonanotte,3
3071,a54bf982-f33c-43d5-af92-0c93ea1f7d9b,2024/25,574,578512,Miodrag Pivaš,,2
3072,993cd86c-f958-4193-bb2c-abdb4fab746c,2024/25,460,500926,Ronnie Edwards,Ronnie Edwards,2
3073,159a70a6-77c4-49e0-974f-019d3e6ab615,2024/25,314,244858,Fábio Freitas Gouveia Carvalho,Fabio Carvalho,3
3074,b90def95-9562-42fd-b58c-8fac67adb479,2024/25,247,153133,Alex Iwobi,Alex Iwobi,3
3075,526f0798-fb48-4d7e-a0b0-e557a549553a,2024/25,762,174292,Marco Asensio,Marco Asensio,3
3076,72f5b96e-a3fb-4ce0-9e0d-7e682c23055d,2024/25,695,547692,Samuel Rak-Sakyi,,3
3077,a21fec65-1718-44e4-a9e7-8b4ba2c6abdb,2024/25,755,438234,Omar Marmoush,Omar Marmoush,4
3078,e91b0e7c-8bcf-4793-98ac-a875c987b69e,2024/25,665,461025,Nathan Butler-Oyedeji,Nathan Butler-Oyedeji,4
3079,ea2a7a09-c8ae-430a-bf6f-dd514154e543,2024/25,389,458249,Joshua Zirkzee,Joshua Zirkzee,4
3080,1e61bf4c-9c83-4a69-93cd-4ebf9a80b97e,2024/25,404,235530,Lloyd Kelly,Lloyd Kelly,2
3081,26eaee45-f326-409e-8d39-72d972f14e96,2024/25,236,17761,James Tarkowski,James Tarkowski,2
3082,b917d372-2d17-444e-8384-8d2a9e5f8453,2024/25,110,216646,Yoane Wissa,Yoane Wissa,4
3083,7e50df7b-2666-48ac-85ad-2ed37e8b6dcb,2024/25,439,243345,Lewis O'Brien,,3
3084,6b4855a7-de3e-4a17-8693-c969c940a17d,2024/25,661,592662,Tony Yogane,,3
3085,0f24ddb4-65f2-4527-908d-a89f91277b34,2024/25,359,155405,Kalvin Phillips,Kalvin Phillips,3
3086,0c5a005b-9701-4f88-9686-5ca6d9d6a6d6,2024/25,754,100050995,Ruud van Nistelrooij,,5
3087,250007a4-f432-4598-98bf-4d72fe2bbbaa,2024/25,133,550141,Adrian Mazilu,,3
3088,0b0f5b5e-be7b-478d-aa23-5f619d16e5cb,2024/25,83,201658,Marcus Tavernier,Marcus Tavernier,3
3089,081e023d-f043-4914-9923-7547e9f4e353,2024/25,33,151589,Leander Dendoncker,,3
3090,33567cf6-0cb2-4e77-96d5-18102807b133,2024/25,380,221820,Lisandro Martínez,Lisandro Martínez,2
3091,2d3c3a1d-0246-49a8-b713-fb234c752389,2024/25,16,204480,Declan Rice,Declan Rice,3
3092,508e8ec8-ad8a-4db6-a32a-a6e1e5e02541,2024/25,222,80801,Idrissa Gueye,Idrissa Gueye,3
3093,4dba7c71-3721-48b7-8d06-f7a97d1e654c,2024/25,480,202993,Rodrigo Bentancur,Rodrigo Bentancur,3
3094,84e499c3-6bed-49fa-8949-8b304244139f,2024/25,609,552427,Will Lankshear,Will Lankshear,4
3095,5b4d8bb7-50e8-4325-9fdb-667bc1bc5677,2024/25,321,243298,Cody Gakpo,Cody Gakpo,4
3096,8bf82ce7-d406-4c79-8560-1832322ecfec,2024/25,65,168636,Enes Ünal,Enes Ünal,4
3097,3df9155a-859c-4558-b3e8-ce776b533e4b,2024/25,666,590012,Caleb Kporha,Caleb Kporha,2
3098,d7b7e799-d34b-45a5-9e63-719d4300cb4e,2024/25,523,84939,Danny Ings,Danny Ings,4
3099,ea360a6a-5ac1-4355-965c-9b1552c0b9d1,2024/25,729,574799,Damola Ajayi,,3
3100,c97b0bfd-4b19-4669-941c-8ca9e59fe530,2024/25,507,536908,Alejo Véliz,,4
3101,1eee5051-f16f-4a8e-af4e-028517faa001,2024/25,766,596777,Patrick Dorgu,Patrick Dorgu,2
3102,d3c92dd6-bb68-43a1-99a8-aef14c6d9325,2024/25,774,622758,Aaron Anselmino,,2
3103,2c539cb7-0919-4d3d-9446-d2d5d7f33f9c,2024/25,720,516939,Emmanuel Agbadou,Emmanuel Agbadou,2
3104,c981a842-25d4-406d-adec-d423a19effe3,2024/25,613,490881,Toby Collyer,Toby Collyer,3
3105,39b7e45e-ca67-43b4-bdae-fa110e16bc1a,2024/25,600,509416,Yasin Ayari,Yasin Ayari,3
3106,8c7bb2a4-d4c5-4db8-9de0-f28ada45b0ba,2024/25,435,244930,Alex Mighten,,3
3107,95d950e0-c5f8-4046-8a5e-ec4f084f4a8c,2024/25,518,220585,Flynn Downes,Flynn Downes,3
3108,0479f281-b698-4aba-ac40-86fedaa3eddf,2024/25,254,153366,Harrison Reed,Harrison Reed,3
3109,af5cf8b9-58b1-4bda-a675-3bc289be18a6,2024/25,467,204863,Ryan Manning,Ryan Manning,2
3110,fc704d7e-8009-40bc-abf4-077d5caf1a2a,2024/25,246,515024,Luke Harris,,3
3111,76b77469-699e-4ad8-a35a-05ac25881187,2024/25,697,577016,Josh Acheampong,Josh Acheampong,2
3112,a253d98f-9eca-43f1-9015-5c8511d97c51,2024/25,231,224967,Vitalii Mykolenko,Vitalii Mykolenko,2
3113,c7faa94f-b501-4af9-9045-7f3efb97be86,2024/25,593,209365,Matthijs de Ligt,Matthijs de Ligt,2
3114,2e9ab3a1-b490-479c-ba94-45eeb1b7bca8,2024/25,123456789,503301,Omari Hutchinson,Omari Hutchinson,3
3115,b6a2b8f2-e4f0-45bd-b728-1f7e74cdaf74,2024/25,52,244954,Pau Torres,Pau Torres,2
3116,a8573c60-489b-47da-b482-21fcbb55d536,2024/25,61,444180,Jaidon Anthony,Jaidon Anthony,3
3117,ead63654-eecf-4f63-95af-a1bf48816879,2024/25,640,514287,Sil Swinkels,,2
3118,520b1085-6580-44d1-b65c-7132e209cb65,2024/25,555,429414,Saša Kalajdžić,Sasa Kalajdzic,4
3119,e9cd5ef7-9417-43f8-885e-7fbb625e5f1a,2024/25,299,461587,Kasey McAteer,Kasey McAteer,3
3120,cd5c57a2-8d24-4b10-9104-d67f8b87f85a,2024/25,37,461421,Lewis Dobbin,Lewis Dobbin,3
3121,44dd3d7f-ba03-4b68-8349-7dec6675e565,2024/25,606,532534,Will Alves,Will Alves,3
3122,b4a212e5-2269-4519-9737-c540dad37345,2024/25,581,508479,Filip Jørgensen,Filip Jorgensen,1
3123,b2c4a6df-6c1d-49ff-b4e7-1c6c0212be83,2024/25,32,199796,Matty Cash,Matthew Cash,2
3124,ad3900af-fef7-4545-99c0-dc7158e97e3a,2024/25,648,575034,Ethan Wheatley,,4
3125,f82e53d7-605b-4a3d-8ce6-b28823b60aa1,2024/25,325,200720,Caoimhin Kelleher,Caoimhin Kelleher,1
3126,980c4351-c970-4fb0-afee-8820f742de9e,2024/25,490,132015,Pierre-Emile Højbjerg,Pierre-Emile Højbjerg,3
3127,06c9080d-7207-41f4-a067-fa9ec2164b86,2024/25,512,57531,Michail Antonio,Michail Antonio,4
3128,0be5f79c-8f7a-4516-9509-8e16c25fb451,2024/25,656,537403,Kadan Young,,3
3129,9506b6f4-6706-4010-abbd-cda04f86a649,2024/25,602,591357,Ryan Trevitt,Ryan Trevitt,3
3130,ca8f56a5-50a6-40ee-9d34-b0913f594204,2024/25,731,606798,Andrés García,Andrés García,2
3131,d842734c-dc20-4df7-a6df-b5785833af46,2024/25,175,66749,Romelu Lukaku Bolingoli,,4
3132,b15d2b09-385b-46e8-80b3-c9705da992b9,2024/25,224,221399,Jack Harrison,Jack Harrison,3
3133,6633980b-dbfe-40f9-93c6-6f1d87eb16b8,2024/25,712,541462,Matai Akinmboni,,2
3134,b6a0306c-bb5a-42f2-a3d9-399c51caa345,2024/25,69,523700,Daniel Jebbison,Daniel Jebbison,4
3135,f2134118-abd2-483d-ad81-b37c1203fee6,2024/25,258,245824,Carlos Vinícius Alves Morais,Carlos Vinicius,4
3136,d0086f76-7a71-454e-9047-a5e6095d833c,2024/25,444,114241,Harry Toffolo,Harry Toffolo,2
3137,7cfd35dd-1d68-4835-9e22-170717faf66c,2024/25,87,494041,Ethan Brierley,,3
3138,b05706ef-9a2e-4a33-aad3-c149d2dffee1,2024/25,352,461358,Julián Álvarez,Julián Álvarez,4
3139,0f0a965d-ee11-4b11-8539-80efbdc86031,2024/25,306,101668,Jamie Vardy,Jamie Vardy,4
3140,05a5a6ff-f492-4eb5-9719-6dcdf5e6916d,2024/25,8,440854,Jakub Kiwior,Jakub Kiwior,2
3141,6e1f4c41-bcc9-4373-a593-e5f236ca9994,2024/25,317,194634,Diogo Teixeira da Silva,Diogo Jota,3
3142,a4a003e6-5cb2-45d5-b95c-bd59f2a84743,2024/25,726,488439,Woyo Coulibaly,Woyo Coulibaly,2
3143,faa6df39-9f37-4a86-bb1a-58232e80156e,2024/25,253,82514,Tim Ream,Tim Ream,2
3144,657110e7-2562-4b51-83bf-69551e37f8c1,2024/25,363,58621,Kyle Walker,Kyle Walker,2
3145,9845f271-6a65-4739-b337-4358823c2b28,2024/25,180,517052,Nicolas Jackson,Nicolas Jackson,4
3146,bc7b3008-ecdf-482b-a820-20ef64676b4e,2024/25,432,449434,Anthony Elanga,Anthony Elanga,3
3147,ff3ae152-e9fa-4768-a059-853e3e482bc3,2024/25,356,465351,Matheus Luiz Nunes,Matheus Nunes,3
3148,44241170-8423-49f8-85bb-deb69ddfa48f,2024/25,104,231065,Ethan Pinnock,Ethan Pinnock,2
3149,ec207835-87ee-4056-8795-9b04f054dd05,2024/25,115,535301,Carlos Baleba,Carlos Baleba,3
3150,ae32d960-6ef2-49be-9ddb-fb32ac08929d,2024/25,538,497606,Tawanda Chirewa,Tawanda Chirewa,3
3151,7849794b-38c4-4a91-a8ac-2e75a038bbc4,2024/25,685,589100,Jacob Slater,,2
3152,98a9027f-96af-4214-9516-b319364983a7,2024/25,390,545477,Alex Murphy,Alex Murphy,2
3153,8eab6ae2-9f42-4418-ad51-fa317717924f,2024/25,651,179519,Orel Mangala,Orel Mangala,3
3154,af699421-27dc-4d3b-b21f-7ab72e13a1c1,2024/25,276,94926,Freddie Ladapo,,4
3155,fbeda0b1-fba6-4982-bc64-fcb647bdb4aa,2024/25,207,231747,Jean-Philippe Mateta,Jean-Philippe Mateta,4
3156,493f278e-a61c-4a7b-bfbc-b7ae9d3926fb,2024/25,322,171287,Joseph Gomez,Joseph Gomez,2
3157,c35eea94-ca8c-4a5c-abb5-39a702041a48,2024/25,768,511499,Mathys Tel,Mathys Tel,3
3158,0be15e13-8da5-483c-a42e-ff087947359d,2024/25,213,450542,Jesurun Rak-Sakyi,Jesurun Rak-Sakyi,3
3159,8c7c1299-a97a-4183-b666-eeeee465ec15,2024/25,693,545508,Joseph O'Brien-Whitmarsh,,3
3160,ac9f956e-8a1e-44c5-bada-92041eda09ef,2024/25,182,244851,Cole Palmer,Cole Palmer,3
3161,6c3a5db1-40e5-4713-80e3-ac5a4f93821d,2024/25,269,214964,George Edmundson,George Edmundson,2
3162,1aa8108c-2576-490c-87b8-944057e92dce,2024/25,55,248164,Viljami Sinisalo,,1
3163,cbf71d01-10fb-4ac6-9c80-58557bb4347e,2024/25,156,440323,Armando Broja,Armando Broja,4
3164,316ae259-265d-480f-93fa-4ce0f626e8b7,2024/25,11,205533,Edward Nketiah,Eddie Nketiah,4
3165,0e32e827-44c9-48a2-ba3a-a679b8ba4ca0,2024/25,747,100041808,Nuno Herlander Simões Espírito Santo,,5
3166,82d86330-77c1-4de3-b44c-b66f83e9287c,2024/25,534,476502,Boubacar Traoré,Boubacar Traore,3
3167,f3f1ffd9-dd26-403d-9b15-9a6d582fe278,2024/25,165,617054,Deivid Washington de Souza Eugênio,,4
3168,1c5ff361-4a45-48ba-b2e2-55c967518fac,2024/25,378,516895,Kobbie Mainoo,Kobbie Mainoo,3
3169,dbbbab45-12ce-4799-94fb-9049cf691b9a,2024/25,121,474120,Julio Enciso,Julio Enciso,3
3170,b1c6dee8-393c-44d5-aab5-3369c66cf4a6,2024/25,558,501837,Yerson Mosquera,Yerson Mosquera,2
3171,528f0d18-f132-45d6-a245-4dc41004aa90,2024/25,519,490885,George Earthy,George Earthy,3
3172,fe136669-0afc-44f9-9800-1193f7670ceb,2024/25,186,103955,Raheem Sterling,Raheem Sterling,3
3173,c97405ef-b463-4908-bb8b-f2186b90ba21,2024/25,780,533710,Iwan Morgan,,4
3174,4e9c70cd-90c8-4a6b-b724-f5ea42ed012d,2024/25,43,465390,Kaine Kesler-Hayden,,2
3175,9e499139-1482-4023-9786-1a39a293dddb,2024/25,260,462387,Ali Al-Hamadi,Ali Al-Hamadi,4
3176,4c7e5c2a-dc4d-4126-a8d6-7cc8830fff8a,2024/25,489,547701,Archie Gray,Archie Gray,3
3177,dd74e658-57fa-4e99-ac94-889f064764fa,2024/25,524,214048,Max Kilman,Max Kilman,2
3178,8a5a085d-5110-4f8e-87d3-1fdb384d8533,2024/25,385,176297,Marcus Rashford,Marcus Rashford,3
3179,2e9610c8-836f-402c-804e-0720c93a9009,2024/25,508,184254,Guglielmo Vicario,Guglielmo Vicario,1
3180,881f4ab3-adab-4461-9561-4a736a1d3e31,2024/25,573,227444,Nikola Milenković,Nikola Milenkovic,2
3181,9aec606f-bff2-484a-9d8f-7f4c0fe7dfaa,2024/25,98,249231,Keane Lewis-Potter,Keane Lewis-Potter,3
3182,4991dc0c-e021-4050-a305-fda2b44a000e,2024/25,509,165153,Timo Werner,Timo Werner,3
3183,c8c438ab-f065-4b03-9765-3002b42f3a58,2024/25,486,493125,Radu Drăgușin,Radu Dragusin,2
3184,da40d2fc-9fb1-4653-874a-386c8feae25e,2024/25,587,450070,Crysencio Summerville,Crysencio Summerville,3
3185,a9fbdbd6-784f-4f5f-95a1-f43823a8fbd2,2024/25,677,536109,Ollie Scarles,Oliver Scarles,2
3186,f8d026d5-43d1-43c8-aff8-8855325eeda9,2024/25,452,193204,Joe Ayodele-Aribo,Joe Ayodele-Aribo,3
3187,cb658622-94a6-4c72-8fc3-ee760080b729,2024/25,62,111317,David Brooks,David Brooks,3
3188,443ab941-638e-4c49-8136-c1ffb4ca1857,2024/25,577,463903,Jesper Lindstrøm,Jesper Lindstrom,3
3189,22e7a380-ba57-4e49-a5fe-81f87c540017,2024/25,709,500058,Jayden Danns,Jayden Danns,4
3190,79a8c4cb-57b4-4560-87e0-fb36aa54d359,2024/25,570,531442,Abdul Fatawu,Abdul Fatawu,3
3191,9949992d-a0a0-4d9e-81d6-83b903efc08c,2024/25,567,510362,Toti António Gomes,Toti,2
3192,f614f8c3-7444-4fea-b27a-84434634c3c8,2024/25,96,570241,Kim Ji-soo,Kim Ji-Soo,2
3193,681c11ac-7e56-493e-9ca1-72f90b878d01,2024/25,495,441164,Pedro Porro,Pedro Porro,2
3194,77aa20fe-a919-4504-8264-4367ff1e263b,2024/25,704,613120,Spike Brits,,1
3195,16247559-28c9-47cb-849e-b0c75c2240b7,2024/25,642,509291,André Trindade da Costa Neto,André,3
3196,ec123d90-15ff-49fd-8951-4e654e2bd799,2024/25,466,167888,Joe Lumley,Joe Lumley,1
3197,00b52884-4ac1-4ef9-aa10-735b1f7d561a,2024/25,6,445122,Jurriën Timber,Jurriën Timber,2
3198,9b78a208-c2e8-4f6d-908c-f001fec8c607,2024/25,591,462116,Jean-Clair Todibo,Jean-Clair Todibo,2
3199,673743f6-2b57-4f2d-b024-440a9e0f77ce,2024/25,370,80607,Christian Eriksen,Christian Eriksen,3
3200,4817d2cb-729d-4ed5-80b3-8ba056309bf8,2024/25,569,481624,Jaden Philogene-Bidace,Jaden Philogene-Bidace,3
3201,babad0a4-ef7c-4e3c-804d-048bdc6c91d4,2024/25,497,212319,Richarlison de Andrade,Richarlison,4
3202,1887fa3c-0dc5-448b-9cf6-a4cac5f6ae96,2024/25,371,37642,Jonny Evans,Jonny Evans,2
3203,6980ac7f-0944-4d65-8a0e-5e9655bca90f,2024/25,118,519324,Amario Cozier-Duberry,,3
3204,a069f5be-d6c1-498b-9a29-e6df5d0618de,2024/25,783,439483,Hubert Graczyk,,1
3205,c75af093-e51e-4ddf-b1fd-d1daaf9ec36b,2024/25,430,230251,Emmanuel Dennis,,4
3206,ce62388b-1e0c-4716-9ef9-f66df6b5afd5,2024/25,679,577731,Ben Broggio,,3
3207,6d83c22b-4afc-4ee6-955a-39c3ef6b207e,2024/25,742,100000084,David Moyes,,5
3208,6ac8f5b9-859e-4414-8eb7-ed93d2c022d2,2024/25,707,606774,Remy Rees-Dottin,Remy Rees-Dottin,4
3209,240bd1fe-432e-49d6-83ce-1280bf52b496,2024/25,426,245830,Josh Bowler,,3
3210,959df0a3-8c35-4bae-bb1b-679a38d24321,2024/25,171,482609,Malo Gusto,Malo Gusto,2
3211,bdbdae70-b65b-42ef-8c71-652c3870558c,2024/25,234,243571,Nathan Patterson,Nathan Patterson,2
3212,c3489e6f-c72b-463e-9e6b-19e3668f8c70,2024/25,669,464353,Harvey Davies,,1
3213,88563d26-fdb6-4255-8558-cd35401b1e47,2024/25,267,455084,Leif Davis,Leif Davis,2
3214,e3bf9ac6-1812-4025-b85d-43b5229f43c0,2024/25,782,536238,Ishé Samuels-Smith,,2
3215,fd6c27e7-f130-4343-aa06-b74e8ef628fd,2024/25,36,101188,Lucas Digne,Lucas Digne,2
3216,ddbb6b67-0242-47e5-9af0-072b452429d2,2024/25,233,449871,Amadou Onana,Amadou Onana,3
3217,499022db-4b66-47a6-9be9-f8ba92e29786,2024/25,377,95658,Harry Maguire,Harry Maguire,2
3218,8d8b3693-4c1c-41ff-a2ca-5adf8ab86188,2024/25,94,204580,Vitaly Janelt,Vitaly Janelt,3
3219,2b71ec62-c2bf-4ac3-99ab-166c358d7904,2024/25,513,84182,Alphonse Areola,Alphonse Areola,1
3220,c6e7ac73-23b7-4259-8695-c7198c3c43cc,2024/25,338,444765,Sepp van den Berg,Sepp van den Berg,2
3221,9d7e7d62-8e52-4b74-ba94-c1eb97aba0c6,2024/25,471,214466,Will Smallbone,William Smallbone,3
3222,bfa1586d-9b41-4dc1-adf4-2435f827fd65,2024/25,611,172453,Sam Szmodics,Sammie Szmodics,3
3223,bfd0282a-2b61-49c9-98e7-a2f22f330e82,2024/25,422,159506,Olu Aina,Ola Aina,2
3224,b0076fa1-2d94-4513-82f0-93616a4e0e84,2024/25,19,209289,Emile Smith Rowe,Emile Smith-Rowe,3
3225,24856358-7d92-4e14-b210-690d1379cbce,2024/25,465,200428,Mateusz Lis,,1
3226,87c3b645-1b39-4ff6-8e5c-ee06dd89f269,2024/25,74,533463,Dango Ouattara,Dango Ouattara,3
3227,8a91131c-7abc-4a79-9928-11420d27ee47,2024/25,468,476888,Sékou Mara,,4
3228,eda7c3a0-ea02-4530-9af8-38ded8a21bc9,2024/25,462,504783,Kamaldeen Sulemana,Kamaldeen Sulemana,3
3229,319633eb-126e-4558-bcbe-3f81634f4b5f,2024/25,59,232980,Maximillian Aarons,Max Aarons,2
3230,0770e266-9633-4bd7-9e25-b218ce04a2f4,2024/25,310,116535,Alisson Ramses Becker,Alisson,1
3231,8a50219f-55c4-404b-bc89-9754e0eb85de,2024/25,449,204968,Ryan Yates,Ryan Yates,3
3232,3b1771d3-ae4a-4c50-8b34-023a6d337064,2024/25,562,200600,Daniel Castelo Podence,Daniel Podence,3
3233,eaf2f6bc-da6a-44df-96c7-714275cd1719,2024/25,17,223340,Bukayo Saka,Bukayo Saka,3
3234,357b7d84-e65a-4563-88ab-112294f2872e,2024/25,478,548308,Ashley Phillips,,2
3235,125ec0fc-cbeb-467a-8e71-8f0ada688670,2024/25,88,432830,Nathan Collins,Nathan Collins,2
3236,82672137-05d4-4564-82a0-ccd9a3ed62b1,2024/25,212,531989,David Ozoh,,3
3237,ae95b84b-d709-4d69-8fce-3ad10be29f4e,2024/25,80,224995,Luis Sinisterra Lucumí,Luis Sinisterra,3
3238,a1b20c33-8ecf-4938-9172-30cedbb9dc97,2024/25,209,169593,Remi Matthews,,1
3239,a7f69c5f-2404-4f5c-af99-f4ab747da321,2024/25,90,183656,Pelenda Joshua Dasilva,Josh Dasilva,3
3240,c223afda-87c1-48ff-af73-e6826c02b2c2,2024/25,333,441428,Jarell Quansah,Jarell Quansah,2
3241,09ac0f9f-da53-4612-b17d-c91969bc0623,2024/25,624,40349,Asmir Begovic,,1
3242,781087f1-32b6-4c7e-ae69-ee5ef75ad7d2,2024/25,779,618873,Sékou Koné,,3
3243,c5cedf3c-3401-4c4a-b95a-74dcf8a51156,2024/25,275,222018,Ben Johnson,Ben Johnson,2
3244,e642deb6-f398-4f23-8f6b-4517569c6521,2024/25,481,570526,Lucas Bergvall,Lucas Bergvall,3
3245,517c88fc-d2e4-48f9-a244-13a2f0813e40,2024/25,484,115556,Ben Davies,Ben Davies,2
3246,6532b4fe-afc3-4fea-a648-f7a83cb442db,2024/25,511,213999,Edson Álvarez Velázquez,Edson Álvarez,3
3247,90385cd1-1b4d-4eb7-8f0e-4ec42ec27b40,2024/25,2,205651,Gabriel Fernando de Jesus,Gabriel Jesus,4
3248,46b035ea-3bfc-4c19-8e64-071f99e5ea70,2024/25,92,194010,Rico Henry,Rico Henry,2
3249,7ef17fb1-41aa-4135-840c-78dab8eb0374,2024/25,67,424044,Hamed Traorè,Hamed Junior Traore,3
3250,4a01ead9-a90f-4239-81ba-dfabf4f0011a,2024/25,770,433312,Marshall Munetsi,Marshall Munetsi,3
3251,17e6932b-81bc-4766-bc4e-d808b06dd4c0,2024/25,343,477555,Oscar Bobb,Oscar Bobb,3
3252,a106c077-5b59-42d2-97d3-d938b4530fd4,2024/25,167,220362,Axel Disasi,Axel Disasi,2
3253,f5cd50f9-2e5a-4d0e-b89b-ccc4a01696e4,2024/25,139,445548,Odeluga Offiah,,2
3254,e4e24720-d2ab-4a3b-a489-6cd5d1114cfd,2024/25,14,225321,Aaron Ramsdale,Aaron Ramsdale,1
3255,b7c44e29-4ef6-47a2-954c-0b60eeb245dd,2024/25,251,244042,Rodrigo Muniz Carvalho,Rodrigo Muniz,4
3256,2658a869-5abe-4742-8aee-9b077e84eb37,2024/25,450,502697,Carlos Alcaraz Durán,Carlos Alcaraz,3
3257,f7aa5c64-8487-4dfa-ab29-01c4d8c10eb6,2024/25,230,433154,Dwight McNeil,Dwight McNeil,3
3314,0aa06c2f-e3d9-4068-9137-b1c6aedaf268,2026/27,59,444172,Will Dennis,,1
3359,d41f09ef-6f87-4cc1-9f1a-ee796af3d065,2026/27,107,593174,Kaye Furo,,4
3814,9479d02e-1326-4a32-a3a0-3517f858eeb2,2026/27,274,105666,Jack Butland,,1
3795,5d9ac816-8619-4d2f-b167-9f64ea8e0180,2026/27,534,487676,Trai Hume,Trai Hume,2
3796,640f552c-5304-4212-a861-92b6428b71ad,2026/27,535,201895,Omar Alderete,Omar Alderete,2
3797,a5326f15-e26f-435d-8afa-4162227a9125,2026/27,536,434399,Reinildo Mandava,Reinildo,2
3798,de2f7a1e-0cd0-4e31-a0ac-339781606f30,2026/27,537,519634,Jenson Seelt,Jenson Seelt,2
3799,e3f07bf9-da8a-47b0-b7ea-10e99cb1c7ed,2026/27,538,477547,Leo Fuhr Hjelde,,2
3800,bc328d2f-bd7c-4e75-9a00-4cc0beb398fe,2026/27,539,167512,Luke O'Nien,Luke O'Nien,2
3801,e560e6c4-b226-4e09-9305-e0f0f89ec7c8,2026/27,540,105717,Arthur Masuaku,Arthur Masuaku,2
3802,d4219aa9-a443-42da-a605-2fdf63d60e9d,2026/27,542,484420,Enzo Le Fée,Enzo Le Fée,3
3803,bbbc56f9-32e4-49c6-9feb-a3468e1c684f,2026/27,543,547027,Habib Diarra,Habib Diarra,3
3804,b37ab2f2-36b1-4b02-bfe1-5cf9b94756b1,2026/27,544,84450,Granit Xhaka,Granit Xhaka,3
3805,e102e6cf-97e9-42b1-854a-56adc897ff0f,2026/27,545,577669,Noah Sadiki,Noah Sadiki,3
3806,1612fa1c-cb9b-4980-837e-d768f86b0886,2026/27,546,535818,Simon Adingra,Simon Adingra,3
3807,b8cc856e-9652-4708-8371-9de05b04f0ee,2026/27,547,461199,Romaine Mundle,Romaine Mundle,3
3808,664c3d00-a241-494d-9293-817fabf72bd2,2026/27,548,554197,Chris Rigg,Chris Rigg,3
3809,6200c731-d783-4738-821f-bf7faead0e61,2026/27,549,549912,Chemsdine Talbi,Chemsdine Talbi,3
3810,7c358e50-fa29-4835-ac10-5d6ee8468bc0,2026/27,550,699989,Djiamgone Jocelin Ta Bi,Djiamgone Jocelin Ta Bi,3
3811,f40d8384-4acc-4821-bd89-10a1474e0227,2026/27,551,536661,Nilson Angulo,Nilson Angulo,3
3812,d2aa0676-ff0a-49eb-92f9-d4bae6c7c62e,2026/27,552,441264,Brian Brobbey,Brian Brobbey,4
3813,e6c49be6-27e1-42ce-bc31-fdf83587c25c,2026/27,553,437505,Wilson Isidor,Wilson Isidor,4
3258,8c8cc68d-e4da-41c6-8716-a17bb3f8529e,2026/27,1,154561,David Raya Martín,David Raya,1
3259,dc4a57f5-c41d-4b7c-9911-f8c0143162c6,2026/27,2,109745,Kepa Arrizabalaga Revuelta,Kepa,1
3260,f6bc9a94-bd54-4442-a82b-ff3618209116,2026/27,3,437495,Illan Meslier,,1
3261,8fc63c4c-fe1d-4ba7-b070-dc23c576cc89,2026/27,4,226597,Gabriel dos Santos Magalhães,Gabriel,2
3262,00b52884-4ac1-4ef9-aa10-735b1f7d561a,2026/27,5,445122,Jurriën Timber,Jurriën Timber,2
3263,f9bba49a-202f-4676-8403-89b69aba431e,2026/27,6,462424,William Saliba,William Saliba,2
3264,af860212-099b-4083-9c6b-0b667e106d07,2026/27,7,499169,Myles Lewis-Skelly,Myles Lewis-Skelly,3
3265,39cfc7e8-d097-4574-8da1-b39c898aaecc,2026/27,8,466075,Riccardo Calafiori,Riccardo Calafiori,2
3266,2b9337d7-0164-4b9e-969e-db2f0905a2cc,2026/27,9,448104,Piero Hincapié,Piero Hincapié,2
3267,8702ee2f-195f-4cb2-b2af-95159eaa74d8,2026/27,10,198869,Benjamin White,Ben White,2
3268,5dfc3e0c-26d2-47c0-b444-42500f664a8c,2026/27,11,500040,Cristhian Mosquera,Cristhian Mosquera,2
3269,eaf2f6bc-da6a-44df-96c7-714275cd1719,2026/27,12,223340,Bukayo Saka,Bukayo Saka,3
3270,2d3c3a1d-0246-49a8-b713-fb234c752389,2026/27,13,204480,Declan Rice,Declan Rice,3
3271,8f5b6126-8cee-4eda-9580-a85fb023a7b4,2026/27,14,232413,Eberechi Eze,Eberechi Eze,3
3272,b5e6c9ad-10c2-4bff-9f45-746f6a7b3465,2026/27,15,184029,Martin Ødegaard,Martin Odegaard,3
3273,2a008f35-80d2-45a1-b2c1-2431dec0d8cc,2026/27,16,248857,Noni Madueke,Noni Madueke,3
3274,730a90b3-4b79-474a-98d4-449bcf655b48,2026/27,17,195384,Mikel Merino Zazón,Mikel Merino,3
3275,060747da-f457-488e-b411-04b14d664ddb,2026/27,18,444145,Gabriel Martinelli Silva,Gabriel Martinelli,3
3276,778353c6-4ddf-40e8-a474-96ac57b79dae,2026/27,19,481655,Martín Zubimendi Ibáñez,Martín Zubimendi,3
3277,8454fd25-b5e1-43c0-868e-638cea3bbabb,2026/27,20,616077,Max Dowman,Max Dowman,3
3278,0d1a6874-c8a6-4c75-9e26-6cc146615f85,2026/27,21,128295,Christian Nørgaard,Christian Nørgaard,3
3279,8e9b9927-a7a9-4302-8cd0-774e1e696c78,2026/27,22,499175,Ethan Nwaneri,Ethan Nwaneri,3
3280,c2d6123b-73fb-4d00-8e17-10e665a4d3a3,2026/27,23,438098,Fábio Ferreira Vieira,Fábio Vieira,3
3281,733bd107-f236-4471-9655-f01379c1bcc5,2026/27,24,200641,Reiss Nelson,Reiss Nelson,3
3282,2c0b785d-9175-415e-b7ee-cb10961a60a6,2026/27,25,224117,Viktor Gyökeres,Viktor Gyokeres,4
3283,9e78f47f-6da8-4013-b7a8-87b63b1e07b6,2026/27,26,219847,Kai Havertz,Kai Havertz,4
3284,90385cd1-1b4d-4eb7-8f0e-4ec42ec27b40,2026/27,27,205651,Gabriel Fernando de Jesus,Gabriel Jesus,4
3496,a3afdebc-8bc0-45cd-8af0-a425a85d8262,2026/27,557,439509,Christos Tzolis,,3
3285,84546ac0-47e1-4932-b173-8e0f393efc0d,2026/27,28,98980,Emiliano Martínez Romero,Emiliano Martinez,1
3286,7e66bd94-3d78-463b-b062-cb3bf2da1cce,2026/27,29,72147,Marco Bizot,Marco Bizot,1
3287,fd6c27e7-f130-4343-aa06-b74e8ef628fd,2026/27,30,101188,Lucas Digne,Lucas Digne,2
3288,cab4e50f-8585-44b5-b295-fad3bc50c15b,2026/27,31,199798,Ezri Konsa Ngoyo,Ezri Konsa Ngoyo,2
3289,b2c4a6df-6c1d-49ff-b4e7-1c6c0212be83,2026/27,32,199796,Matty Cash,Matthew Cash,2
3290,9c3e5a68-1061-402c-ad21-25b8c26178ff,2026/27,33,149484,Tyrone Mings,Tyrone Mings,2
3291,b6a2b8f2-e4f0-45bd-b728-1f7e74cdaf74,2026/27,34,244954,Pau Torres,Pau Torres,2
3292,fb90f28e-7da5-4951-9e8a-b8a35718154c,2026/27,35,515597,Lamare Bogarde,Lamare Bogarde,3
3293,9f5c0372-965f-4c09-a409-48c6e1ba28fa,2026/27,36,441302,Ian Maatsen,Ian Maatsen,2
3294,44dc201e-dc85-4982-a627-e938ddc48bc0,2026/27,37,184667,Victor Lindelöf,Victor Lindelöf,2
3295,ca8f56a5-50a6-40ee-9d34-b0913f594204,2026/27,38,606798,Andrés García,Andrés García,2
3296,0c265a4a-81e6-46d2-b15f-1160dc3515ea,2026/27,39,578545,Kosta Nedeljkovic,Kosta Nedeljkovic,2
3297,809750fd-2ea8-4b4a-bce5-2e692aa3c335,2026/27,41,195546,Emiliano Buendía Stati,Emiliano Buendía,3
3298,844f4bef-b076-4494-a416-6620adc76b35,2026/27,42,485337,Evann Guessand,Evann Guessand,3
3299,7ec8c0ea-b6ee-431a-a977-bbde342865b4,2026/27,44,215711,Leon Bailey,Leon Bailey,3
3300,b36cebaf-b61e-47db-baba-dee6e39cfa5b,2026/27,45,122806,John McGinn,John McGinn,3
3301,1ae7f23c-458b-4bbf-8b00-9eb6a8d3a2b2,2026/27,46,88894,Ross Barkley,Ross Barkley,3
3302,c0e3d0b0-8ab9-4301-85e4-ee12d5aa5e8b,2026/27,47,226944,Boubacar Kamara,Boubacar Kamara,3
3303,ddbb6b67-0242-47e5-9af0-072b452429d2,2026/27,48,449871,Amadou Onana,Amadou Onana,3
3304,68fbd8c6-06c2-4041-8cc4-a9f44972e367,2026/27,49,469247,Samuel Iling-Junior,,3
3305,fcb8fa2a-d72a-4a6e-93dc-15b1a2df698a,2026/27,50,645618,Bradley Burrowes,Bradley Burrowes,3
3306,c2cc4a44-59c2-4e9b-b724-7c670e762a77,2026/27,51,577285,George Hemmings,George Hemmings,3
3307,1e921cf9-1036-46eb-998c-afb94a60d6a6,2026/27,52,653481,Alysson Edward Franco da Rocha dos Santos,Alysson Edward,3
3507,a6551287-c0ed-446a-a704-e6a4ff6366d3,2026/27,53,614071,Johan Manzambi,,3
3308,85560e36-f11f-4635-b01b-aa5dbbf39dfe,2026/27,54,448089,Joao Gomes,João Gomes,3
3309,0552be44-9d74-4958-b8ba-3b4d84ed57b9,2026/27,55,178301,Ollie Watkins,Ollie Watkins,4
3310,3be1b83a-42f2-4ae8-a257-d8157749b5c9,2026/27,56,173879,Tammy Abraham,Tammy Abraham,4
3311,c7a4d6d5-531f-45e5-902b-a002babbdb49,2026/27,160,493105,Alejandro Garnacho Ferreyra,Alejandro Garnacho,3
3312,908014a9-09ff-487d-947e-94b822111b08,2026/27,57,457569,Đorđe Petrović,Djordje Petrovic,1
3313,ff210445-02b1-4677-9041-2f4d71ca9d5b,2026/27,58,40383,Fraser Forster,Fraser Forster,1
3315,da7e8c4f-45b6-4982-a72a-27c5837d3b5d,2026/27,60,463981,James Hill,James Hill,2
3316,751e7d9e-fd20-4d31-9e3c-5f8102f2d7c9,2026/27,61,494521,Adrien Truffert,Adrien Truffert,2
3317,96208a93-4ee8-40f6-a03c-a2f5d26c2388,2026/27,62,242882,Bafodé Diakité,Bafode Diakite,2
3318,c6e10f61-8f06-4028-8d03-fe524e615dee,2026/27,63,620487,Veljko Milosavljevic,Veljko Milosavljevic,2
3319,8c59aeca-3be0-48e3-87f3-abc04294867e,2026/27,64,54469,Adam Smith,Adam Smith,2
3320,fa82c104-4bb4-44ea-99ba-197e7b9b54e2,2026/27,65,436893,Julián Araujo Zúñiga,Julián Araujo,2
3321,9a2e293d-d951-470a-9828-b0958d351f6a,2026/27,66,575901,Julio Soler Barreto,Julio Soler,2
3322,0fcb35d0-9ca4-4e84-ae2e-8fb6afb802ef,2026/27,67,499604,Rayan Vitor Simplício Rocha,Rayan,3
3323,0b0f5b5e-be7b-478d-aa23-5f619d16e5cb,2026/27,68,201658,Marcus Tavernier,Marcus Tavernier,3
3324,fa7f3fbe-f1a1-4944-a63f-c28478e8c6e7,2026/27,69,503139,Alex Scott,Alex Scott,3
3325,35fc7a46-7e2f-453b-8b2e-b7f3e35f6949,2026/27,70,222683,Justin Kluivert,Justin Kluivert,3
3326,6ccd22a5-35fa-45f0-8bb0-1fe3f642daf9,2026/27,71,155408,Lewis Cook,Lewis Cook,3
3327,5c12b7ca-9d61-46d9-93a7-0aa3abd6eea2,2026/27,72,496208,Ben Gannon-Doak,Ben Doak,3
3328,d773f228-5102-4554-a7e4-aadc6a213084,2026/27,73,200785,Tyler Adams,Tyler Adams,3
3329,cb658622-94a6-4c72-8fc3-ee760080b729,2026/27,74,111317,David Brooks,David Brooks,3
3330,a8dc9e82-f136-46ca-add6-dd8d3f7181e1,2026/27,75,158499,Ryan Christie,Ryan Christie,3
3331,487f0e75-49d1-4ab9-afe1-0bd8ecd1a25d,2026/27,76,614574,Alex Tóth,Alex Tóth,3
3332,45af936c-cd99-491c-b5c6-905c20a14ba7,2026/27,77,489888,Amine Adli,Amine Adli,3
3333,c7528804-9623-4bdb-ad85-0f62c8d857c4,2026/27,78,560262,Junior Kroupi,Eli Junior Kroupi,3
3334,e7d3fa84-b7d0-432f-a17b-62dcd50dac2f,2026/27,79,444102,Francisco Evanilson de Lima Barbosa,Evanilson,4
3335,8bf82ce7-d406-4c79-8560-1832322ecfec,2026/27,80,168636,Enes Ünal,Enes Ünal,4
3508,adf96c1f-dfb8-49e7-b3eb-b42eaac75092,2026/27,81,561245,Álvaro Rodríguez,,4
3336,f82e53d7-605b-4a3d-8ce6-b28823b60aa1,2026/27,82,200720,Caoimhín Kelleher,Caoimhin Kelleher,1
3337,f2114ba7-f7b6-4935-8cce-503ef22d76a7,2026/27,83,507433,Hákon Rafn Valdimarsson,Hákon Valdimarsson,1
3338,125ec0fc-cbeb-467a-8e71-8f0ada688670,2026/27,84,432830,Nathan Collins,Nathan Collins,2
3339,c6e7ac73-23b7-4259-8695-c7198c3c43cc,2026/27,85,444765,Sepp van den Berg,Sepp van den Berg,2
3340,9aec606f-bff2-484a-9d8f-7f4c0fe7dfaa,2026/27,86,249231,Keane Lewis-Potter,Keane Lewis-Potter,3
3341,b390871c-5ff9-47b4-9fbc-8069f15ccc95,2026/27,87,191866,Kristoffer Ajer,Kristoffer Ajer,2
3342,9604dbe5-ce94-417d-b75f-8c05bc946008,2026/27,88,607464,Michael Kayode,Michael Kayode,2
3343,46b035ea-3bfc-4c19-8e64-071f99e5ea70,2026/27,89,194010,Rico Henry,Rico Henry,2
3344,7ba0ee40-1601-49e4-8f1b-b9ae33eb4456,2026/27,90,472713,Aaron Hickey,Aaron Hickey,2
3345,44241170-8423-49f8-85bb-deb69ddfa48f,2026/27,91,231065,Ethan Pinnock,Ethan Pinnock,2
3346,f614f8c3-7444-4fea-b27a-84434634c3c8,2026/27,92,570241,Kim Ji-soo,Kim Ji-Soo,2
3532,0b055329-aede-4daa-a221-d41a28258217,2026/27,93,513086,Jannik Schuster,,2
3347,8b635a0b-1d12-4fa1-ac09-216f20e4947c,2026/27,94,513418,Kevin Schade,Kevin Schade,3
3348,87c3b645-1b39-4ff6-8e5c-ee06dd89f269,2026/27,95,533463,Dango Ouattara,Dango Ouattara,3
3349,112a0eb3-0a5b-496b-b396-801917ec861a,2026/27,96,440089,Mikkel Damsgaard,Mikkel Damsgaard,3
3350,0a08f076-b5ad-40a4-ac56-0dd943858329,2026/27,97,207283,Mathias Jensen,Mathias Jensen,3
3351,8d8b3693-4c1c-41ff-a2ca-5adf8ab86188,2026/27,98,204580,Vitaly Janelt,Vitaly Janelt,3
3352,fe1675f8-b283-4a0b-b6ae-ac6b2d6c5eca,2026/27,99,543295,Antoni Milambo,Antoni Milambo,3
3353,159a70a6-77c4-49e0-974f-019d3e6ab615,2026/27,100,244858,Fábio Freitas Gouveia Carvalho,Fabio Carvalho,3
3354,ce96ad9b-997d-46d3-a93d-4cb784f16ad1,2026/27,101,56979,Jordan Henderson,Jordan Henderson,3
3355,a7c6ea10-4548-4496-be01-8385d6b36d66,2026/27,102,508395,Yehor Yarmoliuk,Yehor Yarmolyuk,3
3356,a7f69c5f-2404-4f5c-af99-f4ab747da321,2026/27,103,183656,Josh Dasilva,Josh Dasilva,3
3357,a8573c60-489b-47da-b482-21fcbb55d536,2026/27,105,444180,Jaidon Anthony,Jaidon Anthony,3
3358,849e9e22-c994-4e94-b9d8-18e9ac8d9fe6,2026/27,106,502500,Igor Thiago Nascimento Rodrigues,Thiago,4
3360,1f21671d-d143-49c8-938f-b90e1b57a10e,2026/27,108,75115,Callum Wilson,Callum Wilson,4
3361,ca2fad3c-7b24-4564-b856-18eaa1454bb8,2026/27,109,489639,Bart Verbruggen,Bart Verbruggen,1
3362,619f6e84-31c3-4f9c-a03b-42ad670feee1,2026/27,110,472739,Carl Rushworth,,1
3363,b7d5d127-bdfb-497e-9767-9dee5b80a9eb,2026/27,111,49262,Jason Steele,Jason Steele,1
3364,5595fcf5-6ff7-43b4-808d-b35fd4ef7ffd,2026/27,113,231416,Ferdi Kadıoğlu,Ferdi Kadioglu,2
3365,25e894d5-5fe6-4e70-9231-eb41f5fd051f,2026/27,114,204120,Olivier Boscagli,Olivier Boscagli,2
3366,75dcd00b-3ea1-42da-bb8a-25dbb04a0866,2026/27,115,465730,Maxim De Cuyper,Maxim De Cuyper,2
3367,bba082dc-e723-455d-ac6d-0d5b4006d6a5,2026/27,116,83299,Lewis Dunk,Lewis Dunk,2
3368,013d5efd-ec7a-483b-be9f-0a514707655a,2026/27,117,550090,Diego Coppola,Diego Coppola,2
3369,6464d7dc-b00f-4f30-95ef-28e68277b29a,2026/27,118,223434,Igor Julio dos Santos de Paulo,Igor Julio,2
3530,3da55ff0-aee9-4f7d-9b38-ea32b3f7388e,2026/27,120,454490,Michael Svoboda,,2
3370,978b7e27-fc49-4e82-b51b-26bc9a204756,2026/27,121,451340,Mitoma Kaoru,Kaoru Mitoma,3
3371,e7d847a5-66c9-4796-bcb7-b4211b33bb04,2026/27,122,592031,Yankuba Minteh,Yankuba Minteh,3
3372,205e17ad-76e5-4a8a-ba2d-17e068f39ce2,2026/27,123,532529,Jack Hinshelwood,Jack Hinshelwood,3
3373,b118bf52-b844-489f-9dbd-9062311f444a,2026/27,124,60307,Pascal Groß,Pascal Groß,3
3374,9f3cd734-cb60-4861-bcef-5f31aa336b54,2026/27,125,463067,Georginio Rutter,Georginio Rutter,4
3375,b9c2bdf4-908a-4a05-bae4-865a4626ce38,2026/27,126,219249,Matt O'Riley,Matt O'Riley,3
3376,e8498d0b-a80e-4f2c-a7d5-4744ba79699e,2026/27,127,514254,Diego Gómez Amarilla,Diego Gómez,3
3377,90e55f29-eaf3-45ba-b6d3-9f50aa3d550f,2026/27,128,536916,Facundo Buonanotte,Facundo Buonanotte,3
3378,39b7e45e-ca67-43b4-bdae-fa110e16bc1a,2026/27,129,509416,Yasin Ayari,Yasin Ayari,3
3379,0e7b8ecc-a699-45cb-8993-d5e32832794b,2026/27,130,467779,Mats Wieffer,Mats Wieffer,2
3380,ec207835-87ee-4056-8795-9b04f054dd05,2026/27,131,535301,Carlos Baleba,Carlos Baleba,3
3381,3a760bdc-2151-45df-b3e4-518c0d97e81d,2026/27,132,597320,Harry Howell,Harry Howell,3
3382,c6677205-fea4-4d34-a658-598ec89e3c2f,2026/27,133,549074,Tom Watson,Tom Watson,3
3383,13be3147-4bef-4613-8472-82b94f305fcd,2026/27,134,556637,Nehemiah Oriola,Nehemiah Oriola,3
3534,3ccfce61-e241-4de3-a7b8-e543ac63180c,2026/27,135,700308,Zadok Yohanna,,3
3385,d8b398a5-c466-4f3e-82c1-3b674cffb7c8,2026/27,137,608181,Stefanos Tzimas,Stefanos Tzimas,4
3386,78b49aa9-73ed-4667-89db-8fd7b6a24104,2026/27,138,647850,Charalampos Kostoulas,Charalampos Kostoulas,4
3387,e45a67bc-f818-44b2-86f1-2b2c16924a11,2026/27,139,487117,Evan Ferguson,Evan Ferguson,4
3388,2dd169d2-509a-4993-ba91-6349e20df845,2026/27,328,222694,Pascal Struijk,Pascal Struijk,2
3389,918248bd-6402-486f-a13a-0f4250427ee7,2026/27,504,610799,Luka Vušković,,2
3390,dd678e0b-c375-428e-96fa-615f1dc5f283,2026/27,40,244850,Morgan Rogers,Morgan Rogers,3
3384,2de4111b-3169-48a3-8e41-c9fc7e174dae,2026/27,136,50175,Danny Welbeck,Danny Welbeck,4
3391,58ecb62d-6842-4969-9c96-1eb5f5a3844e,2026/27,140,215059,Robert Lynch Sánchez,Robert Sánchez,1
3392,b4a212e5-2269-4519-9737-c540dad37345,2026/27,141,508479,Filip Jörgensen,Filip Jorgensen,1
3393,8f24ce04-4a4b-4faa-a0c3-0ecb9e6a6d2c,2026/27,142,225796,Reece James,Reece James,2
3394,3ce8a9da-92b0-4f78-aab5-c56fd203b57c,2026/27,143,180736,Trevoh Chalobah,Trevoh Chalobah,2
3395,959df0a3-8c35-4bae-bb1b-679a38d24321,2026/27,144,482609,Malo Gusto,Malo Gusto,2
3396,602a32fc-f64c-41ec-93c9-32fc9192864c,2026/27,145,444463,Wesley Fofana,Wesley Fofana,2
3397,77f852ed-4969-4632-b499-6cfe91ddbe30,2026/27,146,242880,Benoît Badiashile Mukinayi,Benoit Badiashile Mukinayi,2
3398,106be257-c769-429d-8343-e6a75dd3b6dd,2026/27,147,109646,Tosin Adarabioyo,Tosin Adarabioyo,2
3399,aae806e0-9c1d-434e-a9db-1e5f5787b3f0,2026/27,148,551210,Jorrel Hato,Jorrel Hato,2
3400,5352a53c-371e-42ed-a345-bdcc7230af37,2026/27,149,460028,Levi Samuels Colwill,Levi Colwill,2
3401,e51d19df-18b0-4a28-8c3b-ea5d199f2252,2026/27,150,574458,Mamadou Sarr,Mamadou Sarr,2
3402,76b77469-699e-4ad8-a35a-05ac25881187,2026/27,151,577016,Josh Acheampong,Josh Acheampong,2
3522,ed7ba084-f76d-4cca-84e1-2fe821840afc,2026/27,152,620109,Marco Palestra,,2
3403,a106c077-5b59-42d2-97d3-d938b4530fd4,2026/27,153,220362,Axel Disasi,Axel Disasi,2
3404,ac9f956e-8a1e-44c5-bada-92041eda09ef,2026/27,154,244851,Cole Palmer,Cole Palmer,3
3405,5ab3f06e-434d-4640-952d-0e7e998d761d,2026/27,155,448047,Enzo Fernández,Enzo Fernández,3
3406,97bf024e-98d7-4f14-9b3f-7f83a23c1d26,2026/27,156,247632,Pedro Lomba Neto,Pedro Neto,3
3590,9e499139-1482-4023-9786-1a39a293dddb,2026/27,322,462387,Ali Al-Hamadi,Ali Al-Hamadi,4
3407,faf51dbf-9abf-4c45-8be3-01866db48561,2026/27,157,624773,Estêvão Almeida de Oliveira Gonçalves,Estêvão,3
3408,07b70ca9-5991-4de8-91e1-48a13b9a2533,2026/27,158,463936,Jamie Bynoe-Gittens,Jamie Bynoe-Gittens,3
3409,cc48ff04-fda2-4ab5-b65d-7a7fe526fb2f,2026/27,159,486672,Moisés Caicedo Corozo,Moisés Caicedo,3
3410,0f4c04eb-d670-413f-aa27-6ebea80648cb,2026/27,161,514356,Roméo Lavia,Romeo Lavia,3
3411,703cf6e8-6b6f-43e6-bb9e-10415ec3bc79,2026/27,163,491007,Dário Luís Essugo,Dário Essugo,3
3529,e1f5691b-37cd-491b-a862-490ef61a0119,2026/27,164,593117,Geovany Quenda,,3
3412,78b25f86-58fe-4875-b7a0-38e71d54ad53,2026/27,165,475168,João Pedro Junqueira de Jesus,João Pedro,4
3413,9845f271-6a65-4739-b337-4358823c2b28,2026/27,166,517052,Nicolas Jackson,Nicolas Jackson,4
3414,67217edb-a846-4ac9-878e-2ddcc1dadfcf,2026/27,167,463034,Liam Delap,Liam Delap,4
3415,c7245ea9-802c-4854-a436-6d2f2e2ddf06,2026/27,168,499309,Marc Guiu Paz,Marc Guiu,4
3416,1593b0e8-5e6e-4ee0-97dc-c59996945458,2026/27,169,567119,Shumaira Mheuka,Shumaira Mheuka,4
3509,85bb0232-13c7-4561-9e37-87525ef2d1ac,2026/27,170,503037,Emmanuel Emegha,,4
3423,564732c7-d213-4b90-bae4-c6bdfdc241e3,2026/27,200,437499,Maxence Lacroix,Maxence Lacroix,2
3984,df2e5ec0-960b-42e4-b9c4-2d0593b49273,2026/27,560,549939,Mike Penders,,1
3985,d3c92dd6-bb68-43a1-99a8-aef14c6d9325,2026/27,561,622758,Aaron Anselmino,,2
3417,7045407f-356d-48d2-8736-5b310f8e703d,2026/27,104,428580,Frank Onyeka,Frank Onyeka,3
3510,9f790490-0384-43cb-85ec-3ef0329999d5,2026/27,171,484389,Oliver Dovin,,1
3451,fda5dda8-86b8-4c67-9fa1-561ec862a590,2026/27,172,110690,Ben Wilson,,1
3512,55dde1e9-253f-4358-b7dd-04a04483243a,2026/27,173,461102,Bobby Thomas,,2
3506,ac1a8798-cc17-4512-a487-6638869cd904,2026/27,174,436761,Liam Kitching,,2
3537,32863b18-983a-48ab-a695-abd7ae88266b,2026/27,175,451284,Milan van Ewijk,,2
3538,05d5fc66-9557-4137-b749-d4a2d10baa98,2026/27,176,173878,Jay Dasilva,,2
3418,4e9c70cd-90c8-4a6b-b724-f5ea42ed012d,2026/27,177,465390,Kaine Kesler-Hayden,,2
3536,878e88d6-d3b7-4b63-9fd3-a2de98e5a2db,2026/27,178,80178,Jake Bidwell,,2
3505,30930387-e095-46a3-9b21-4a91892053bd,2026/27,179,204813,Joel Latibeaudiere,,2
3419,7183ccec-0ea9-4ec1-bc31-32c5a55bd384,2026/27,180,220583,Luke Woolfenden,Luke Woolfenden,2
3502,213ee8e3-f6b3-4dbe-b858-987eca249cfb,2026/27,181,577411,Miguel Brau,,2
3495,d36dca07-1c87-49ce-9d63-ede77d9d37f9,2026/27,182,539142,Aurèle Amenda,,2
3499,fc2d8a43-8060-4aed-b29f-cf76dd07adaa,2026/27,183,480457,Jack Rudoni,,3
3504,d6097561-05a2-4165-b201-b1b48f131d31,2026/27,184,168144,Matt Grimes,,3
3514,245705e4-8140-46db-ab21-ed494f56bfa2,2026/27,185,501459,Tatsuhiro Sakamoto,,3
3513,43fca5e9-98bf-4e96-b034-589814a82205,2026/27,186,241293,Ephron Mason-Clark,,3
3546,b29ca6a6-7d50-4b6b-bcf3-905a154c6b97,2026/27,187,439668,Josh Eccles,,3
3503,c5edb3b5-ad1e-4150-8835-9bd6142d6ad9,2026/27,188,226965,Victor Torp,,3
3493,105466eb-69f8-4909-93e9-01e2fa211ab7,2026/27,189,684268,George Shepherd,,3
3420,d2854813-72ea-4db2-b5a4-1f58d42d0e15,2026/27,190,469272,Loum Tchaouna,Loum Tchaouna,3
3500,caf57261-0eca-46a2-92a6-7146313c8505,2026/27,191,492498,Raphael Borges Rodrigues,,3
3552,9629dc27-2998-44c5-8bb8-4cfdd84e6dd2,2026/27,192,629397,Kaine Andrews,,3
3531,cf142819-7af7-43ec-9fd2-1fe8b63e652a,2026/27,193,176412,Haji Wright,,4
3511,8082bf77-53f1-4071-b7b5-8c6ef6032ae1,2026/27,194,230730,Brandon Thomas-Asante,,4
3524,eef2d3d9-a0d2-45a7-982a-8f1018845250,2026/27,195,218997,Ellis Simms,,4
3516,15d290c0-0896-41e2-939c-33d6ab313f07,2026/27,196,551262,Jahnoah Markelo,,4
3519,7535b09c-7bbe-4a71-b52e-3f514a7c7a8f,2026/27,197,549653,Norman Bassette,,4
3421,35abb6ba-fa65-4591-b6f1-295bd4189044,2026/27,198,172649,Dean Henderson,Dean Henderson,1
3422,110b5e40-012d-40a1-a4f6-7a8dd3577e32,2026/27,199,121709,Walter Benítez,Walter Benítez,1
3424,4a161504-a54e-4f71-980c-76258773e5ea,2026/27,201,247348,Daniel Muñoz Mejía,Daniel Muñoz,2
3425,00304b5c-9f80-4755-9db6-70fcfb471122,2026/27,202,427623,Chris Richards,Chris Richards,2
3426,e8542eaf-c756-4ee5-9398-365773676f59,2026/27,203,651426,Jaydee Canvot,Jaydee Canvot,2
3427,efcb34ce-b8ec-4f6e-8f4d-3f43931a54f6,2026/27,204,244723,Tyrick Mitchell,Tyrick Mitchell,2
3428,9d4c256f-4e58-48e8-85b9-3220349b124f,2026/27,205,218364,Borna Sosa,Borna Sosa,2
3429,054bd8af-0a5f-4812-8702-434f43a0fc84,2026/27,206,515621,Chadi Riad Dnanou,Chadi Riad,2
3518,7c63082d-1d60-4bbc-b471-3f268b8fce67,2026/27,207,242313,Oscar Mingueza,,2
3430,2d7896e5-bdbb-4eed-90a1-e8f82a308761,2026/27,208,232185,Ismaïla Sarr,Ismaila Sarr,3
3431,dd426201-6b0d-4e17-a9fa-639eeb2ac418,2026/27,209,242898,Brennan Johnson,Brennan Johnson,3
3432,9fc89667-620c-4a07-a188-debfe5bea8dc,2026/27,210,496221,Adam Wharton,Adam Wharton,3
3433,d60ca0b4-6c07-4e7e-9dd6-1a8f5bb807cc,2026/27,211,488024,Yéremy Pino Santos,Yeremi Pino,3
3434,f5064d39-0ef6-4eea-8795-9bfa7bcda88d,2026/27,212,108413,Will Hughes,Will Hughes,3
3435,e3a78660-310f-4ed3-b4b7-77beca004592,2026/27,213,152551,Jefferson Lerma Solís,Jefferson Lerma,3
3436,a57c573b-9e52-4560-8f92-cfbd45ad8f34,2026/27,214,209400,Daichi Kamada,Daichi Kamada,3
3437,4b659083-76f4-4acf-94f2-c067fbae05f5,2026/27,215,489706,Justin Devenny,Justin Devenny,3
3438,e5f59f5d-d05a-4bdd-8f1d-3c47725c5b81,2026/27,216,606921,Romain Esse,Romain Esse,3
3439,ad4e763c-77a9-498e-bfdf-c206f8108f4c,2026/27,217,536694,Matheus França de Oliveira,Matheus França,3
3440,e8a9a06b-9a2b-4bed-bbd1-d6dabfe8384a,2026/27,218,438464,Cheick Doucouré,Cheick Oumar Doucoure,3
3441,0be15e13-8da5-483c-a42e-ff087947359d,2026/27,219,450542,Jesurun Rak-Sakyi,Jesurun Rak-Sakyi,3
3442,563ea4ef-6a1c-4f5c-83cf-f5df6b946cc0,2026/27,220,590014,Rio Cardines,,2
3443,4696ed36-622a-46dd-ae4a-f44988d9f0ab,2026/27,221,672492,Joél Drakes-Thomas,Joél Drakes-Thomas,3
3444,0d8faf78-acfd-472f-8579-f67546f00094,2026/27,222,247412,Jørgen Strand Larsen,Jørgen Strand Larsen,4
3445,fbeda0b1-fba6-4982-bc64-fcb647bdb4aa,2026/27,223,231747,Jean-Philippe Mateta,Jean-Philippe Mateta,4
3446,316ae259-265d-480f-93fa-4ce0f626e8b7,2026/27,224,205533,Eddie Nketiah,Eddie Nketiah,4
3447,0da7cad4-0eda-42bd-8235-fddd42a644ef,2026/27,225,660392,Christantus Uche,Christantus Uche,4
3448,a1b20c33-8ecf-4938-9172-30cedbb9dc97,2026/27,555,169593,Remi Matthews,,1
3449,e14a60b0-c5c3-482d-9b61-01d92aeaaef5,2026/27,226,111234,Jordan Pickford,Jordan Pickford,1
3450,0f18b700-59c1-408d-bebb-69524169d4a4,2026/27,227,229600,Mark Travers,Mark Travers,1
3452,f330910f-a62e-4853-bc6f-65d94f877321,2026/27,228,138001,Tom King,Tom King,1
3453,26eaee45-f326-409e-8d39-72d972f14e96,2026/27,229,17761,James Tarkowski,James Tarkowski,2
3454,b2956a8b-fe92-47c6-b79b-de88325f518c,2026/27,230,480455,Jarrad Branthwaite,Jarrad Branthwaite,2
3455,2d73beaa-be2a-484c-9dff-1bf7927941e2,2026/27,231,106611,Michael Keane,Michael Keane,2
3456,dd9fd6a5-55ae-4be3-9d09-f763b9cd3d0f,2026/27,232,512462,Jake O'Brien,Jake O'Brien,2
3457,a253d98f-9eca-43f1-9015-5c8511d97c51,2026/27,233,224967,Vitalii Mykolenko,Vitalii Mykolenko,2
3458,bdbdae70-b65b-42ef-8c71-652c3870558c,2026/27,234,243571,Nathan Patterson,Nathan Patterson,2
3459,a1d3fbc5-6afa-4331-a53c-01fd44bddd7c,2026/27,235,499300,Adam Aznou,,2
3591,e9cd5ef7-9417-43f8-885e-7fbb625e5f1a,2026/27,323,461587,Kasey McAteer,Kasey McAteer,3
3460,852b8e99-5abc-4f45-834c-4b82cd761841,2026/27,236,215413,Kiernan Dewsbury-Hall,Kiernan Dewsbury-Hall,3
3461,fafb8cd0-eb45-4d2f-ab0e-3bafb0e4ec74,2026/27,237,440993,Iliman Ndiaye,Iliman Ndiaye,3
3462,1c660429-4643-421e-a350-ab36f78cb9a1,2026/27,239,232928,James Garner,James Garner,3
3463,dd8d4123-995c-434f-8617-1ca644f6f2d8,2026/27,240,490094,Tim Iroegbunam,Tim Iroegbunam,3
3464,f7aa5c64-8487-4dfa-ab29-01c4d8c10eb6,2026/27,241,433154,Dwight McNeil,Dwight McNeil,3
3465,280eaf50-a1c8-436d-bda2-2eebff373391,2026/27,242,550615,Tyrique George,Tyrique George,3
3466,2658a869-5abe-4742-8aee-9b077e84eb37,2026/27,243,502697,Carlos Alcaraz Durán,Carlos Alcaraz,3
3467,8e34adec-0f08-47ed-8f15-75fa2e47019a,2026/27,244,609873,Harrison Armstrong,Harrison Armstrong,3
3468,6abf2e43-7532-495b-9baa-6d4563ec960a,2026/27,245,496661,Tyler Dibling,Tyler Dibling,3
3469,74591a67-54a5-4eaa-bec2-37a0b6ba973e,2026/27,246,513466,Merlin Röhl,Merlin Röhl,3
3520,9e66c0ab-9d1a-4416-9f12-cc2dd18940da,2026/27,247,244860,Hayden Hackney,,3
3470,173cfe8b-f489-4922-8264-22e87c1dfc62,2026/27,248,486385,Norberto Bercique Gomes Betuncal,Beto,4
3471,49b2de31-efe5-4781-8658-8ef59262a45d,2026/27,249,586309,Thierno Barry,Thierno Barry,4
3472,74afb9cb-18dd-4e48-aaa1-2267e42b6bf7,2026/27,250,80201,Bernd Leno,Bernd Leno,1
3473,299dfcf6-8fe4-418c-8c6f-3903d20c4779,2026/27,251,86873,Benjamin Lecomte,,1
3474,7d302ab3-7eb6-479f-91dc-0cbe50fe9418,2026/27,252,505079,Alfie McNally,,1
3475,02539faa-015d-44f3-9210-cfd5e296a32d,2026/27,253,174874,Joachim Andersen,Joachim Andersen,2
3476,6d5abde7-1f76-477a-acc0-ca49a9fd4ab3,2026/27,254,169528,Antonee Robinson,Antonee Robinson,2
3477,6fd4776f-ee54-4d51-b129-46efc5960c5d,2026/27,255,246301,Jorge Cuenca Barreno,Jorge Cuenca,2
3478,4eee3faa-33dc-49a8-9bd3-8a2463d975e0,2026/27,256,167074,Kenny Tete,Kenny Tete,2
3479,8e1ff5ee-c560-481e-9d65-b7c5dfce6918,2026/27,257,232892,Calvin Bassey,Calvin Bassey,2
3480,38eac867-ae09-4f4e-9791-9ad2c4572d42,2026/27,258,166477,Timothy Castagne,Timothy Castagne,2
3481,b90def95-9562-42fd-b58c-8fac67adb479,2026/27,261,153133,Alex Iwobi,Alex Iwobi,3
3482,b0076fa1-2d94-4513-82f0-93616a4e0e84,2026/27,262,209289,Emile Smith Rowe,Emile Smith-Rowe,3
3483,2c5e3c83-a97a-486a-8107-dcfb3f27e0a5,2026/27,263,560552,Kevin Santos Lopes de Macedo,Kevin,3
3484,17e6932b-81bc-4766-bc4e-d808b06dd4c0,2026/27,264,477555,Oscar Bobb,Oscar Bobb,3
3485,d55f4f7d-068b-4c69-9cf2-de621d1d85ea,2026/27,265,207189,Sander Berge,Sander Berge,3
3486,e1a5293d-11cb-4154-a20c-75d19e4a3ffb,2026/27,266,76357,Tom Cairney,Tom Cairney,3
3487,a9551960-d7f9-4af5-848c-cb5e73d73e6b,2026/27,267,212314,Saša Lukić,Sasa Lukic,3
3488,b0c2ffa6-b285-425b-8eb2-c9f652427eb3,2026/27,268,577725,Josh King,Joshua King,3
3489,baf2ed33-845d-4a56-9fca-fe13e7b45853,2026/27,269,184349,Ryan Sessegnon,Ryan Sessegnon,2
3490,0479f281-b698-4aba-ac40-86fedaa3eddf,2026/27,270,153366,Harrison Reed,Harrison Reed,3
3571,b7c44e29-4ef6-47a2-954c-0b60eeb245dd,2026/27,271,244042,Rodrigo Muniz Carvalho,Rodrigo Muniz,4
3572,44ba52ac-2afe-4eb4-83b0-492817ba10b1,2026/27,272,631786,Jonah Kusi-Asare,Jonah Kusi-Asare,4
3515,2603d8bb-24f5-4e4b-b6ea-8e75ecd804fd,2026/27,273,167825,Dillon Phillips,,1
3517,14709931-a609-4f06-9e07-dcd48229d04a,2026/27,275,494950,Harvey Cartwright,,1
3523,3077c5c8-faea-42b4-b40d-712d8c3f1956,2026/27,276,444307,Thimothée Lo-Tutala,,1
3557,a570a651-667c-43cd-8c93-a8f5f7ca9aec,2026/27,277,108416,John Egan,,2
3568,cf761237-9474-465d-8a62-26304d89e4c9,2026/27,278,501902,Charlie Hughes,,2
3570,d4503d72-224e-461f-8fa6-b412e679eb15,2026/27,279,146426,Semi Ajayi,,2
3569,6be776c5-2d25-4fec-a9af-7671e76c8448,2026/27,280,193278,Lewie Coyle,,2
3558,e2e312e8-2095-42bc-976d-061f7dd24cc7,2026/27,281,433590,Cody Drameh,,2
3544,63f0a34a-dbdf-468d-a4e0-1857239b4436,2026/27,282,232351,Ryan Giles,,2
3560,81071cbd-3a81-46fe-bbe6-3fd07c8c23f9,2026/27,283,449428,Matty Jacob,,2
3533,3ec3017d-d063-4ecc-b432-63abe867433e,2026/27,284,661800,Cathal McCarthy,,2
3554,a50d8c4c-28e7-41f6-b1d4-0b80e16d34c2,2026/27,285,160817,Paddy McNair,,2
3542,708f7179-9742-4cb6-b099-d28e5ca518ae,2026/27,286,540324,Mohamed Belloumi,,3
3559,cc44c265-126d-4095-8692-b0f6ff9deaf3,2026/27,287,232905,Liam Millar,,3
3492,5fd17d2f-25f4-4a42-a3f2-e6a09d563e9c,2026/27,288,171270,Kieran Dowell,,3
3556,72dde63a-2b6a-4e60-a0fd-4f2ee30aca35,2026/27,289,101282,Matt Crooks,,3
3540,dbff7fc3-e231-4499-a532-5b62dbf443a2,2026/27,290,243413,Regan Slater,,3
3555,cb676ac8-a7d2-4dc6-8fdd-bb1ae63d1c7e,2026/27,291,465525,Eliot Matazo,,3
3528,9afceeca-dc82-4196-b3cf-9802a84722b1,2026/27,292,208481,Abdülkadir Ömür,,3
3527,4b72cc76-b054-4a2a-ac6b-0f0107f983f0,2026/27,293,490161,Abu Kamara,,3
3564,c252931f-e2d0-41c5-9116-67dcc0360b27,2026/27,294,553783,Óscar Zambrano,,3
3563,336a573d-80ea-4fe6-8c83-5b2f6ff192e9,2026/27,295,169432,Oli McBurnie,,4
3567,a5a359d7-999e-4b69-871f-08914f0eb104,2026/27,296,213292,David Akintola,,3
3573,4c156eaf-44c1-468d-9757-35331d66ebe7,2026/27,297,470294,Darko Gyabi,,3
3565,737d155a-372e-450d-9340-888fdd147f5a,2026/27,298,500957,Enis Destan,,4
3566,852d68b3-2e77-4eb1-9c6a-b2d7c335f6e3,2026/27,299,534392,Mason Burstow,,4
3574,c932dd05-c46b-4c8e-bffd-ebc3be8f8402,2026/27,556,169359,Matt Targett,Matt Targett,2
3575,a5e18fe7-45fc-4d0a-a4f8-ae032850f68a,2026/27,259,219924,Issa Diop,Issa Diop,2
3576,aada56f0-7a6a-4c3f-8297-9c6560186191,2026/27,300,108813,Christian Walton,Christian Walton,1
3577,605c313b-b25e-41b9-8578-b9e11a545472,2026/27,301,112520,Alex Palmer,Alex Palmer,1
3562,f4a26137-bb1b-4d44-b80f-9498e0755892,2026/27,302,50093,David Button,,1
3525,920a9804-5d45-4827-adeb-85a5a95ea7c6,2026/27,303,183015,Cédric Kipré,,2
3578,1ea6d7fc-080b-4ca4-af8d-d56469226c16,2026/27,304,216616,Dara O'Shea,Dara O'Shea,2
3579,88563d26-fdb6-4255-8558-cd35401b1e47,2026/27,305,455084,Leif Davis,Leif Davis,2
3580,43614d52-643f-4896-bb81-935141b2adf1,2026/27,306,449429,Jacob Greaves,Jacob Greaves,2
3581,c5cedf3c-3401-4c4a-b95a-74dcf8a51156,2026/27,307,222018,Ben Johnson,Ben Johnson,2
3561,a4344bc6-a718-4bdf-ba73-1ed1fb63e26d,2026/27,308,176420,Darnell Furlong,,2
3550,ee767f12-8cf3-42e6-8217-d0a339972e56,2026/27,309,501390,Marcelino Núñez,,3
3549,91250e9e-494d-486f-b365-ae2b5d9c164a,2026/27,310,241117,Azor Matusiwa,,3
3582,958160b8-1c1b-42f6-9926-09bd848b0439,2026/27,311,149929,Wes Burns,Wes Burns,3
3583,d92e7a7e-c294-4520-91d5-da6f8f36fd0a,2026/27,312,231899,Jack Taylor,Jack Taylor,3
3584,d6bb65df-f588-4aea-97a2-bcd2c3df9fed,2026/27,313,443261,Jack Clarke,Jack Clarke,3
3585,7eb721cb-3e6b-4f7a-8619-396390087e74,2026/27,314,229164,Chiedozie Ogbene,Chiedozie Ogbene,3
3586,79a8c4cb-57b4-4560-87e0-fb36aa54d359,2026/27,315,531442,Abdul Fatawu,Abdul Fatawu,3
3497,43c79960-fdfb-4a57-9b3d-8ffeac0d1be9,2026/27,316,543968,Emersonn Correia da Silva,,4
3587,fa56513c-1a2f-44df-9b8a-f3d0d91190db,2026/27,317,222625,George Hirst,George Hirst,4
3588,4817d2cb-729d-4ed5-80b3-8ba056309bf8,2026/27,318,481624,Jaden Philogene,Jaden Philogene-Bidace,3
3589,bfa1586d-9b41-4dc1-adf4-2435f827fd65,2026/27,319,172453,Sam Szmodics,Sammie Szmodics,3
3498,041f7076-2687-41bf-bdd2-75b73ad49f2c,2026/27,320,147675,Chuba Akpom,,4
3548,8edd17ea-a962-43ac-aad8-8cb838fdf8a7,2026/27,321,557012,Sindre Walle Egeli,,4
3547,02b42411-3eaa-4dfb-add0-9d5f4d8db63b,2026/27,324,232457,Anis Mehmeti,,3
3553,67534ff8-6a41-4cb8-b08e-54e149dcbca6,2026/27,554,546600,Kayne van Oevelen,,1
4141,bfc67171-cbc5-49fb-81b9-ee7120af739d,2026/27,564,240514,Kjell Scherpen,,1
3592,a9b733b1-f28a-4ee6-9925-aacc58107500,2026/27,260,153682,Harry Wilson,Harry Wilson,3
3593,342c7c81-08f2-4ead-a6e9-eeb112ad9d48,2026/27,326,201595,Lucas Estella Perri,Lucas Perri,1
3594,a4512a38-c9e8-4276-8cae-77d2afe58aa6,2026/27,327,434752,Jaka Bijol,Jaka Bijol,2
3595,2145cb57-1e29-45d2-bcce-4cd84f6243b5,2026/27,329,214225,Joe Rodon,Joe Rodon,2
3596,a2802682-bc33-4a6b-b2c1-724a93d6830e,2026/27,330,226182,Jayden Bogle,Jayden Bogle,2
3597,08cab054-adb9-4f26-9e36-9f18897f3b16,2026/27,331,243526,Gabriel Gudmundsson,Gabriel Gudmundsson,2
3598,49acc28c-0579-4ecf-bb09-7844ec2862b6,2026/27,332,220627,James Justin,James Justin,2
3599,0be24c77-a34a-4723-a43a-b959d525f313,2026/27,333,437738,Sebastiaan Bornauw,Sebastiaan Bornauw,2
3551,07cf5c74-3ac0-4b06-9dce-f15f566b8090,2026/27,334,522047,Tarik Muharemović,,2
3600,af06eb0f-d679-4b50-b0e1-14cab602991d,2026/27,335,466525,Anton Stach,Anton Stach,3
3601,388f57c9-3041-47f7-8b9a-e517164d0b7b,2026/27,336,435997,Noah Okafor,Noah Okafor,3
3602,469b1e86-8e93-4bb9-8bd0-fd9ddcb1075f,2026/27,337,427637,Brenden Aaronson,Brenden Aaronson,3
3603,7b5cc5b5-7aae-4a8d-9ed1-e567f802cc6a,2026/27,338,199598,Ethan Ampadu,Ethan Ampadu,3
3604,709d3031-90a5-4a10-ace0-73b80225cb0f,2026/27,339,180135,Sean Longstaff,Sean Longstaff,3
3605,534c4433-20e0-4a65-a210-f561bb424741,2026/27,340,462635,Joe Gelhardt,,3
3606,61ca5bdd-7e14-447c-8e47-54b3349e7b09,2026/27,341,492859,Wilfried Gnonto,Wilfried Gnonto,3
3607,b15d2b09-385b-46e8-80b3-c9705da992b9,2026/27,342,221399,Jack Harrison,Jack Harrison,3
3608,8d8f7c6c-be45-45ff-8d3b-b9ae64e07b9e,2026/27,343,200617,Daniel James,Daniel James,3
3609,f61fc53a-22f9-4be7-9679-f9db4c5516d2,2026/27,344,486520,Ilia Gruev,Ilia Gruev,3
3610,f5980244-5e18-4a4d-99d0-95cf10b83b4d,2026/27,345,248056,Tanaka Ao,Ao Tanaka,3
3611,049a7ce0-2122-4c95-b21b-097e3d229319,2026/27,346,177815,Dominic Calvert-Lewin,Dominic Calvert-Lewin,4
3612,f1b76ad1-eb2c-4609-8e11-c4c75a9c0b5d,2026/27,347,174594,Lukas Nmecha,Lukas Nmecha,4
3613,44fe132a-5fa0-4510-9433-1457a994a5a8,2026/27,348,235826,Joël Piroe,Joël Piroe,4
3614,3f7d4955-3c72-41cb-a9d5-b304175a295f,2026/27,349,565297,Mateo Joseph Fernández-Regatillo,,4
3615,0770e266-9633-4bd7-9e25-b218ce04a2f4,2026/27,350,116535,Alisson Becker,Alisson,1
3616,64b1a57c-753c-4b0e-9c5f-86bbaaa374a4,2026/27,351,449027,Giorgi Mamardashvili,Giorgi Mamardashvili,1
3617,84d38cc9-bc39-4672-8b53-faf8a5100a96,2026/27,352,155503,Freddie Woodman,Freddie Woodman,1
3618,c50eefc4-0ce3-4575-83aa-7f746377fb98,2026/27,353,586268,Armin Pecsi,,1
3619,2113ea99-01a3-4d0f-ab90-8cf8d7a22b52,2026/27,354,432987,Vitezslav Jaros,Vítezslav Jaros,1
3620,c3489e6f-c72b-463e-9e6b-19e3668f8c70,2026/27,355,464353,Harvey Davies,,1
3621,8a0b53aa-a122-4ea8-8a32-fb80f11f2cdc,2026/27,356,97032,Virgil van Dijk,Virgil van Dijk,2
3622,85aac69a-bc63-40d0-8755-354a03fd69aa,2026/27,357,216094,Jeremie Frimpong,Jeremie Frimpong,2
3623,da1637e8-b587-4c57-97e9-29a83d53e283,2026/27,358,544877,Milos Kerkez,Milos Kerkez,2
3624,493f278e-a61c-4a7b-bfbc-b7ae9d3926fb,2026/27,359,171287,Joe Gomez,Joseph Gomez,2
3625,a38c8aff-9fa1-4fba-9126-f5d18b077163,2026/27,360,492777,Conor Bradley,Conor Bradley,2
3626,4ec14890-71ba-4e28-af6c-00ce47c8410a,2026/27,361,519440,Wellity Lucky,,2
3526,4610fa2c-4e95-43ae-81e3-f9069fcbfc68,2026/27,362,606702,Jeremy Jacquet,,2
3627,391904fa-ad1d-4b28-9d9a-6dd11809b9e5,2026/27,363,647681,Giovanni Leoni,,2
3628,7cdd3161-7671-44b1-ba34-2c6aab483072,2026/27,364,214285,Kostas Tsimikas,Konstantinos Tsimikas,2
3629,4c6a6f18-c1ea-455d-954f-c922e26a2530,2026/27,365,489580,Calvin Ramsay,,2
3630,327e3d79-232d-4484-b1f1-43aaa0942e81,2026/27,366,494595,Florian Wirtz,Florian Wirtz,3
3631,5b4d8bb7-50e8-4325-9fdb-667bc1bc5677,2026/27,367,243298,Cody Gakpo,Cody Gakpo,3
3632,ab460977-65fb-434c-8333-a420e23169cc,2026/27,368,424876,Dominik Szoboszlai,Dominik Szoboszlai,3
3633,26e44f55-b45e-40e6-9e19-ae50bd7ef048,2026/27,369,611922,Rio Ngumoha,Rio Ngumoha,3
3634,43d10f61-0a63-49f2-9406-cc65de429029,2026/27,370,223541,Federico Chiesa,Federico Chiesa,3
3635,df3a988b-b09d-4529-a70a-6bff596cff56,2026/27,371,441266,Ryan Gravenberch,Ryan Gravenberch,3
3636,396e1c5f-a102-4af3-a5b7-2d8ca2b3ef6f,2026/27,372,243016,Alexis Mac Allister,Alexis Mac Allister,3
3637,46b262ba-a864-4a5c-983b-8287c9e1b2c6,2026/27,373,206915,Curtis Jones,Curtis Jones,3
3638,eed618bc-4fff-431a-8342-6e56d6875fda,2026/27,374,158983,Endo Wataru,Wataru Endo,3
3639,291cf79e-8289-4aea-b433-663239f6c492,2026/27,375,591386,Trey Nyoni,Treymaurice Nyoni,3
3640,93efe74e-3c76-403d-8c67-ed7381cbe208,2026/27,376,535928,Stefan Bajčetić Maquieira,,3
3521,2ab0deda-b17a-4aef-84d9-1722dccdef0b,2026/27,377,551499,Victor Munoz,,3
3641,39590410-de16-4719-b2db-e4bd707cfaa1,2026/27,378,491501,James McConnell,,3
3642,83bf64c5-d053-4c9b-88a8-2fe044533999,2026/27,379,219168,Alexander Isak,Alexander Isak,4
3643,84b69e98-390d-476c-9d22-4fff6ced5ad0,2026/27,380,510663,Hugo Ekitiké,Hugo Ekitike,4
3535,8685235e-13e5-4d66-9de5-9a799c8a08a7,2026/27,381,514514,Lewis Koumas,,3
3644,22e7a380-ba57-4e49-a5fe-81f87c540017,2026/27,382,500058,Jayden Danns,Jayden Danns,4
3645,fef21c3b-20a9-4632-a6e3-8db0948f2205,2026/27,383,444884,Harvey Elliott,Harvey Elliott,3
3646,3c643231-db3b-46f4-80f0-a33979f63288,2026/27,238,114283,Jack Grealish,Jack Grealish,3
3647,da4d28b6-6b8e-41c9-b410-11fd8543dfb8,2026/27,384,204936,Gianluigi Donnarumma,Gianluigi Donnarumma,1
3648,72c2916b-461c-41b9-aad4-0cfbd4866cc5,2026/27,385,432720,James Trafford,James Trafford,1
3649,b45dc1be-2cff-43c5-9659-ce1274c92394,2026/27,386,122074,Marcus Bettinelli,,1
3650,65af5c82-2bf4-4b3c-b0f7-49d30a717146,2026/27,387,472769,Nico O'Reilly,Nico O'Reilly,2
3651,4dc79854-22a7-4d9a-b7e6-6b6024465d87,2026/27,388,209036,Marc Guéhi,Marc Guehi,2
3652,ff3ae152-e9fa-4768-a059-853e3e482bc3,2026/27,389,465351,Matheus Nunes,Matheus Nunes,2
3653,2fc945e5-d19c-4530-a647-863b0ea4396d,2026/27,390,171314,Rúben dos Santos Gato Alves Dias,Rúben Dias,2
3654,7ceade22-f5db-4b3e-ae20-120cd46c67cf,2026/27,391,477424,Joško Gvardiol,Josko Gvardiol,2
3655,cbeb32ec-d8f8-466d-8977-017ce20d9908,2026/27,392,448514,Rayan Aït-Nouri,Rayan Ait Nouri,2
3656,08cbab83-8554-41d0-bd69-4cd420eb698c,2026/27,393,578153,Abdukodir Khusanov,Abduqodir Khusanov,2
3657,9bcc4be0-a5b6-401f-9fa3-49f78f0f7594,2026/27,394,494307,Max Alleyne,Max Alleyne,2
3658,b771e153-5d75-49ce-8fbd-e6e1cbda6bd2,2026/27,395,477064,Rico Lewis,Rico Lewis,2
3659,bdec436e-5a79-4ed5-9db6-0f5c66eae832,2026/27,396,616222,Vitor de Oliveira Nunes dos Reis,Vitor Reis,2
3660,d02b81d6-108e-4cfd-b34b-80f3ae2382ca,2026/27,397,437730,Antoine Semenyo,Antoine Semenyo,3
3661,7299a365-c7d3-4fae-983c-d6b980719a1d,2026/27,398,209244,Phil Foden,Phil Foden,3
3662,a9964c35-21a3-4eff-a609-0b960532b723,2026/27,399,466052,Rayan Cherki,Mathis Cherki,3
3663,5556734b-d1e3-4f5e-94c7-813cd4bcdd56,2026/27,400,248875,Jérémy Doku,Jéremy Doku,3
3664,a21fec65-1718-44e4-a9e7-8b4ba2c6abdb,2026/27,401,438234,Omar Marmoush,Omar Marmoush,4
3665,272bfaa8-fc18-42f2-8300-f77ca505a345,2026/27,402,220566,Rodrigo 'Rodri' Hernandez Cascante,Rodri,3
3666,23ceeab7-83a7-41b5-895a-8a8ba6669fe0,2026/27,403,510281,Sávio Moreira de Oliveira,Sávio,3
3667,48976bbe-e0a6-4695-b993-e2231c2bddfe,2026/27,404,433036,Tijjani Reijnders,Tijjani Reijnders,3
3668,6491134c-17b9-44b3-a599-bd21c9c5651f,2026/27,405,465694,Nico González Iglesias,Nico González,3
3669,18518340-c700-4515-a0b4-90b371a9686e,2026/27,406,91651,Mateo Kovačić,Mateo Kovacic,3
3670,761dd69f-17b5-4966-96a2-76277e08c754,2026/27,407,575204,Claudio Echeverri,Claudio Echeverri,3
3671,0f24ddb4-65f2-4527-908d-a89f91277b34,2026/27,408,155405,Kalvin Phillips,Kalvin Phillips,3
3672,2acd128c-7464-4303-aba2-44a9f4c8cd47,2026/27,409,590039,Divine Mukasa,Divine Mukasa,3
3491,c647944c-f0e3-49ce-82ed-353de29fbf59,2026/27,410,649208,Jeremy Monga,Jeremy Monga,3
3673,6d3fb615-c3e0-4895-b384-57dcb3dc557e,2026/27,411,223094,Erling Haaland,Erling Haaland,4
3674,b340a5b0-42ae-4f2a-8096-1b227edae50a,2026/27,481,215379,Elliot Anderson,Elliot Anderson,3
3675,3114f8f0-79c0-4955-ae6a-3dc31bfd90e1,2026/27,43,166989,Youri Tielemans,Youri Tielemans,3
3676,5c06b0a2-21e8-4135-9ddb-12dc4df2555e,2026/27,162,532605,Andrey Nascimento dos Santos,Andrey Santos,3
3677,bfa7b9dc-bd5a-4874-8671-c0ed83dfeb0c,2026/27,325,59735,Karl Darlow,Karl Darlow,1
3678,bb7748e2-2ef7-4421-8859-c247f34a47c3,2026/27,412,465247,Senne Lammens,Senne Lammens,1
3679,5df08c11-5708-49a1-b677-3a4f70a17f17,2026/27,413,451302,Altay Bayındır,Altay Bayindir,1
3680,83ca5847-cede-4643-8401-ec260ed79816,2026/27,414,21205,Tom Heaton,,1
3681,1eee5051-f16f-4a8e-af4e-028517faa001,2026/27,415,596777,Patrick Dorgu,Patrick Dorgu,3
3682,c7faa94f-b501-4af9-9045-7f3efb97be86,2026/27,416,209365,Matthijs de Ligt,Matthijs de Ligt,2
3683,bf428111-cd34-4d6e-afd6-31e7a312dc1d,2026/27,417,216051,Diogo Dalot Teixeira,Diogo Dalot,2
3684,499022db-4b66-47a6-9be9-f8ba92e29786,2026/27,418,95658,Harry Maguire,Harry Maguire,2
3685,33567cf6-0cb2-4e77-96d5-18102807b133,2026/27,419,221820,Lisandro Martínez,Lisandro Martínez,2
3686,2c569b38-1dd7-472f-80b7-6ec3828f627e,2026/27,420,550864,Leny Yoro,Leny Yoro,2
3687,80c83afd-6865-416d-b5f4-593ad9ed1f47,2026/27,421,606745,Ayden Heaven,Ayden Heaven,2
3688,f67b8250-dee9-4e16-9acc-b8eb04a75bd6,2026/27,422,230001,Noussair Mazraoui,Noussair Mazraoui,2
3689,794ce9ff-d47d-43c0-b13c-1e48807bc608,2026/27,423,106760,Luke Shaw,Luke Shaw,2
3690,db5c0678-2734-4ed9-81cb-218e7a0a089b,2026/27,424,577974,Harry Amass,Harry Amass,2
3691,e45d7534-4746-4bad-a959-a6cbf37edec1,2026/27,425,547676,Tyler Fredricson,Tyler Fredricson,2
3692,d61ea56d-0474-4524-a061-9869f4ccbb19,2026/27,426,141746,Bruno Borges Fernandes,Bruno Fernandes,3
3693,8b74ab57-db22-45f4-80ce-8e5d59b3ce3b,2026/27,427,446008,Bryan Mbeumo,Bryan Mbeumo,3
3694,26ad018f-7c27-46e2-af1c-493276052c85,2026/27,428,430871,Matheus Santos Carneiro da Cunha,Matheus Cunha,3
3695,8a5a085d-5110-4f8e-87d3-1fdb384d8533,2026/27,429,176297,Marcus Rashford,Marcus Rashford,3
3696,dfc945e1-aaca-4013-b2b3-96e85b299423,2026/27,430,184341,Mason Mount,Mason Mount,3
3697,2f0ea22d-f760-4599-a623-60f4e3be22f1,2026/27,431,493250,Amad Diallo,Amad Diallo Traore,3
3698,1c5ff361-4a45-48ba-b2e2-55c967518fac,2026/27,432,516895,Kobbie Mainoo,Kobbie Mainoo,3
3699,2e5dfd6f-2c8a-4242-bd88-71b571e78ec9,2026/27,433,232112,Manuel Ugarte Ribeiro,Manuel Ugarte,3
3700,73c21faa-876a-417f-bfbd-b5433eae68c3,2026/27,434,547037,Jack Fletcher,Jack Fletcher,3
3701,a455a99c-7d01-45c4-a87b-9a60e64d8d46,2026/27,435,576628,Shea Lacey,Shea Lacey,3
3702,c981a842-25d4-406d-adec-d423a19effe3,2026/27,436,490881,Toby Collyer,Toby Collyer,3
3703,ff5ce571-a1e3-41d5-b275-b30305063708,2026/27,437,576620,Bendito Mantato,Bendito Mantato,3
3704,bd8e0743-5b08-4f54-8d1e-c20451e3ded3,2026/27,438,519913,Tyler Fletcher,Tyler Fletcher,3
3705,85119164-5ae7-4f6f-80b1-092a42162193,2026/27,439,485711,Benjamin Sesko,Benjamin Sesko,4
3706,ea2a7a09-c8ae-430a-bf6f-dd514154e543,2026/27,440,458249,Joshua Zirkzee,Joshua Zirkzee,4
3707,394f611e-73b5-4779-8110-c73e3593c90f,2026/27,441,596047,Chido Obi,Chido Obi-Martin,4
3708,57d51316-9d56-4d98-9df7-f5fc936704bb,2026/27,442,98747,Nick Pope,Nick Pope,1
3709,ebb5d965-7b31-4fcd-b112-cec4474abe3e,2026/27,443,81441,Mark Gillespie,,1
3541,7ffb3735-d09d-4551-bd5f-c0b26652d232,2026/27,444,554578,Ewen Jaouen,,1
3710,ef6b540e-642d-4b54-95d8-a1c563ddd79e,2026/27,445,465642,Malick Thiaw,Malick Thiaw,2
3711,a813d09b-3694-4714-b863-bb5997ef8f43,2026/27,446,119471,Fabian Schär,Fabian Schär,2
3712,71e04b79-f1a7-4123-8130-bae9732ba772,2026/27,447,220237,Sven Botman,Sven Botman,2
3713,64c1604f-20e8-4f70-aca6-234467915cdb,2026/27,448,78916,Dan Burn,Dan Burn,2
3714,97f710e3-4d5b-475f-b4fb-dedf2866e61d,2026/27,449,487838,Lewis Hall,Lewis Hall,2
3715,3a3343ac-df8a-4423-9c8f-614fa31f7612,2026/27,450,441191,Tino Livramento,Valentino Livramento,2
3716,98a9027f-96af-4214-9516-b319364983a7,2026/27,451,545477,Alex Murphy,Alex Murphy,2
3717,701caef7-4a05-4908-8c32-05de68526194,2026/27,452,208706,Bruno Guimarães Rodriguez Moura,Bruno Guimarães,3
3718,7d0ce2be-20f7-4099-add3-2623af5b22d6,2026/27,453,201666,Harvey Barnes,Harvey Barnes,3
3719,bc7b3008-ecdf-482b-a820-20ef64676b4e,2026/27,454,449434,Anthony Elanga,Anthony Elanga,3
3720,f551e1b9-1b4f-4ee0-ab12-5b3d29f7f00e,2026/27,456,232653,Jacob Ramsey,Jacob Ramsey,3
3721,bec3286a-79d9-4125-ae8e-4c789e476cd5,2026/27,457,114243,Jacob Murphy,Jacob Murphy,3
3722,423e1b12-0219-4921-9347-0631bb645a1c,2026/27,458,180974,Joelinton Cássio Apolinário de Lira,Joelinton,3
3723,fd38c29c-1522-4d3d-a93e-66cb66d14a11,2026/27,459,547719,Lewis Miley,Lewis Miley,3
3724,3858ec1b-1c61-4728-bcf3-15d955a16881,2026/27,460,200089,Joe Willock,Joe Willock,3
3501,82db57af-5251-4f94-8bfb-4caccc305893,2026/27,461,611665,Bazoumana Touré,,3
3494,23c57a77-9d43-4dd3-b7ed-eff7990d0f78,2026/27,462,636852,Sean Steur,,3
3725,c04f867b-36d2-434d-a473-384c086a4651,2026/27,463,470313,Nick Woltemade,Nick Woltemade,4
3726,b917d372-2d17-444e-8384-8d2a9e5f8453,2026/27,464,216646,Yoane Wissa,Yoane Wissa,4
3727,d7c96669-436e-4944-b54d-59695cfd26c6,2026/27,465,538207,William Osula,William Osula,4
3728,c8edcf75-9425-4ebc-90b1-3bf2f679e115,2026/27,466,599303,Sean Neave,,4
3729,8c847126-728a-47e6-8521-13af156a6181,2026/27,467,85633,Matz Sels,Matz Sels,1
3730,4147179e-ef8a-4411-90ae-c1e6f013aab9,2026/27,468,221389,John Victor Maciel Furtado,John Victor,1
3731,2456c5b8-e6c9-4ea3-9269-41f7c6216476,2026/27,469,215136,Neco Williams,Neco Williams,2
3732,23018d09-1c46-4936-9727-40496371c8b8,2026/27,470,485047,Felipe Rodrigues da Silva,Morato,2
3733,881f4ab3-adab-4461-9561-4a736a1d3e31,2026/27,471,227444,Nikola Milenković,Nikola Milenkovic,2
3734,d0f8670d-03c3-4760-8678-d391c9455f38,2026/27,472,575476,Murillo Costa dos Santos,Murillo,2
3735,bfd0282a-2b61-49c9-98e7-a2f22f330e82,2026/27,473,159506,Ola Aina,Ola Aina,2
3736,7cbdcb07-d703-40df-98b5-5e101234a66e,2026/27,474,575458,Jair Paula da Cunha Filho,Jair,2
3737,492147bd-d7b8-464e-9e3b-af7bb5a4a224,2026/27,475,500151,Nicolò Savona,Nicolò Savona,2
3738,d6be337c-9102-4aba-acf1-a150cba17751,2026/27,476,204822,Omar Richards,,2
3739,aecff7a0-6062-45b5-86d7-0c3961793ed6,2026/27,477,549067,Zach Abbott,Zach Abbott,2
3740,99f870a9-636c-448f-b815-32781c98a884,2026/27,478,470315,Luca Netz,Luca Netz,2
3545,c0e05294-9695-4889-b88d-30745e5f990b,2026/27,479,538638,Tyler Bindon,,2
3741,3f381c8a-eeae-4940-9b06-ea05f752e310,2026/27,480,222531,Morgan Gibbs-White,Morgan Gibbs-White,3
3742,6bd06b24-334f-4fdb-9746-1d98ccfcfe3f,2026/27,482,209046,Callum Hudson-Odoi,Callum Hudson-Odoi,3
3743,45f173af-3825-4fe8-a590-5d88bd90b2c4,2026/27,483,456512,Dan Ndoye,Dan Ndoye,3
3744,2e9ab3a1-b490-479c-ba94-45eeb1b7bca8,2026/27,484,503301,Omari Hutchinson,Omari Hutchinson,3
3745,440cb15b-01cb-471a-a5d8-92ce0759188d,2026/27,485,476887,Dilane Bakwa,Dilane Bakwa,3
3746,47e50346-47f4-4225-b164-b93dba66e562,2026/27,486,432714,James McAtee,James McAtee,3
3747,023da49d-2e7d-4907-9df5-f04db9b0fd41,2026/27,487,250199,Nicolás Domínguez,Nicolás Domínguez,3
3748,614dca87-6771-4409-b1d4-230660704518,2026/27,488,210462,Ibrahim Sangaré,Ibrahim Sangare,3
3749,8a50219f-55c4-404b-bc89-9754e0eb85de,2026/27,489,204968,Ryan Yates,Ryan Yates,3
3750,a3839c5a-f87e-48df-9a8d-dc0bc957b87b,2026/27,490,60689,Chris Wood,Chris Wood,4
3751,f54fb77a-5b11-4bc9-826b-aaa232a30ff1,2026/27,491,482973,Igor Jesus Maciel da Cruz,Igor Jesus,4
3752,67150f6f-4550-46e1-ab06-5be560ba9de2,2026/27,492,210156,Taiwo Awoniyi,Taiwo Awoniyi,4
3753,62bd7bd2-92b2-48fb-8a6a-117defecfe5e,2026/27,493,465680,Arnaud Kalimuendo,Arnaud Kalimuendo Muinga,4
3543,8d36e841-77f0-471f-8482-149a7513e00a,2026/27,558,204561,Xaver Schlager,,3
3754,954cea21-640d-4ae9-80ba-685f406277dc,2026/27,112,469142,Jan Paul van Hecke,Jan Paul van Hecke,2
3755,6530cfe0-7569-4842-bbcf-bb9dfee916c9,2026/27,455,432422,Sandro Tonali,Sandro Tonali,3
3756,2e9610c8-836f-402c-804e-0720c93a9009,2026/27,494,184254,Guglielmo Vicario,Guglielmo Vicario,1
3757,bc66bf7d-e1f5-48c5-b89d-ff0dbd008bd8,2026/27,495,214572,Brandon Austin,Brandon Austin,1
3758,159841f0-d0bc-4c77-89c1-ff5886c01ec1,2026/27,496,485055,Antonín Kinský,Antonín Kinsky,1
3759,c291d224-8f96-4a24-b524-cd665cdab83a,2026/27,497,67089,Martin Dubravka,Martin Dubravka,1
3760,f98faf93-e1aa-4c24-b12c-1140704e92eb,2026/27,498,221466,Marcos Senesi Barón,Marcos Senesi,2
3761,681c11ac-7e56-493e-9ca1-72f90b878d01,2026/27,499,441164,Pedro Porro Sauceda,Pedro Porro,2
3762,359d703f-5c63-4bfe-8ccc-57d4ede0b37c,2026/27,500,221632,Cristian Romero,Cristian Romero,2
3763,0b8ecd30-19a8-4509-9f8d-09deaf8ac2ee,2026/27,501,135720,Kevin Danso,Kevin Danso,2
3764,ef0771b9-26c5-4915-8dea-392a26f45cbe,2026/27,502,122798,Andrew Robertson,Andrew Robertson,2
3765,86a8b7af-747c-4791-8f50-dc0403622b73,2026/27,503,491279,Micky van de Ven,Micky van de Ven,2
3766,c49b3106-4c26-46c9-bbb8-4e132b81910a,2026/27,505,232859,Djed Spence,Djed Spence,2
3767,b4d3e76d-0620-4853-b965-d10f7cac139e,2026/27,506,487053,Destiny Udogie,Iyenoma Destiny Udogie,2
3768,357b7d84-e65a-4563-88ab-112294f2872e,2026/27,507,548308,Ashley Phillips,,2
3769,517c88fc-d2e4-48f9-a244-13a2f0813e40,2026/27,508,115556,Ben Davies,Ben Davies,2
3770,34bb5bca-8ae3-4ddb-8361-41da8c3dc2c3,2026/27,509,640419,Jun'ai Byfield,Jun'ai Byfield,2
3771,b5a7034d-e9e5-4cd8-839a-22efab30c311,2026/27,510,499716,James Rowswell,James Rowswell,2
3772,538499c9-8845-4af1-9ba4-20c8f37dff9a,2026/27,511,616221,João Victor de Souza Menezes,Souza,2
3773,3155f865-690c-4281-b00c-fce26e784489,2026/27,512,460842,Mohammed Kudus,Mohammed Kudus,3
3774,608f0e7e-848a-4d91-a61f-c97d4916834c,2026/27,513,493362,Xavi Simons,Xavi Simons,3
3775,c35eea94-ca8c-4a5c-abb5-39a702041a48,2026/27,514,511499,Mathys Tel,Mathys Tel,3
3776,d1f5f863-043f-4759-adbe-9489d6df04e1,2026/27,515,172780,James Maddison,James Maddison,3
3777,4dba7c71-3721-48b7-8d06-f7a97d1e654c,2026/27,516,202993,Rodrigo Bentancur,Rodrigo Bentancur,3
3778,3f7d0d15-bae9-4443-b8fd-602d0b46e83b,2026/27,517,550839,Wilson Odobert,Wilson Odobert,3
3779,5627a160-9c95-443d-92f6-42bd33cb437c,2026/27,518,482442,Pape Matar Sarr,Pape Sarr,3
3780,84fa1217-2dbe-4acc-a446-1f78327fe989,2026/27,519,232787,Conor Gallagher,Conor Gallagher,3
3781,e642deb6-f398-4f23-8f6b-4517569c6521,2026/27,520,570526,Lucas Bergvall,Lucas Bergvall,3
3782,7c870cd7-9d1e-4b81-bd53-117b5ce27c54,2026/27,521,445044,Dejan Kulusevski,Dejan Kulusevski,3
3783,4c7e5c2a-dc4d-4126-a8d6-7cc8830fff8a,2026/27,522,547701,Archie Gray,Archie Gray,3
3784,5eee3996-1d93-4d7b-9e06-d7dcb289c696,2026/27,523,499721,Mikey Moore,Mikey Moore,3
3785,fe994675-7f34-4277-b6f3-6e738a132d08,2026/27,524,499726,Callum Olusesi,Callum Olusesi,3
3786,47914f38-fdf2-4070-a8e0-34617f66da30,2026/27,525,551226,Mateus Fernandes,Mateus Fernandes,3
3787,25e1b024-b4c4-4732-9894-b39b4415754e,2026/27,526,154566,Dominic Solanke-Mitchell,Dominic Solanke,4
3788,babad0a4-ef7c-4e3c-804d-048bdc6c91d4,2026/27,527,212319,Richarlison de Andrade,Richarlison,4
3789,6eb78588-fb64-4370-9014-57f422cbdcd4,2026/27,528,490145,Dane Scarlett,Dane Scarlett,4
3790,53719956-8c27-4a5d-8dc9-c13ba9c77e3a,2026/27,529,498016,Robin Roefs,Robin Roefs,1
3791,6c23d615-5f8e-4b9e-9c94-ce4a37ac31be,2026/27,530,232571,Anthony Patterson,,1
3792,2203a9c7-e0af-4fae-9246-040b64f08202,2026/27,531,515046,Melker Ellborg,Melker Ellborg,1
3793,4a0710a2-b07d-4519-9416-714f8642b646,2026/27,532,223827,Daniel Ballard,Dan Ballard,2
3794,32c9ecd1-ba4e-448e-91d8-2e503e65b2e8,2026/27,533,200834,Nordi Mukiele,Nordi Mukiele,2
3539,e13c3f18-d442-4728-bb7a-744b00078e27,2026/27,541,93605,Thomas Meunier,,2
4375,ba435193-0f1d-4cb5-92a5-3958bb9cb196,2026/27,566,483067,António João Pereira de Albuquerque Tavares da Silva,,2
4376,93debe30-10a2-4401-b2fd-ee58114431f4,2026/27,565,513545,Mamadou Sangaré,,3
4377,494bd88b-ae19-4272-8ca6-f9d8d975cc20,2026/27,119,451490,João Pedro Loureiro da Costa,,2
4378,80f41acc-04d3-4b01-81eb-2c3c0fb04e11,2026/27,563,445028,Hidemasa Morita,,3
4379,e8ee98fa-4541-40c1-9494-17f4142a3a2b,2026/27,562,442967,Daizen Maeda,,3
4380,a0ce1702-1742-44a4-9697-b9c0e70323ec,2026/27,559,632794,Aladji Bamba,,3
4381,fa948cca-eac6-487d-a64b-86e7811e45d2,2026/27,567,470551,Lukás Hornícek,,1
