player_id,team_id,start_date,end_date
023da49d-2e7d-4907-9df5-f04db9b0fd41,1bbfff09-22e6-4971-a0fd-023e99c73df0,2023-09-18 18:45:00+00,
0552be44-9d74-4958-b8ba-3b4d84ed57b9,8350ce70-d89b-4e0a-a5f0-1bea417647b8,2020-09-21 17:00:00+00,
0a08f076-b5ad-40a4-ac56-0dd943858329,312de382-16d0-4709-a1a2-5b3836e371d6,2021-08-13 19:00:00+00,
0fcb35d0-9ca4-4e84-ae2e-8fb6afb802ef,4bc42e2a-a630-47d5-95b3-21e67deba946,2026-01-31 15:00:00+00,
1474abcc-b607-4ad4-a5ac-61315e2e36d6,bfa79885-47f6-40b9-a2a8-e3621b71b00e,2024-01-21 14:00:00+00,2026-08-22 00:00:00+00
2203a9c7-e0af-4fae-9246-040b64f08202,fb3fd3a3-f72f-4bb0-8430-d03c65fc42e4,2026-02-07 15:00:00+00,
25e1b024-b4c4-4732-9894-b39b4415754e,bc07075d-b661-4e83-8d89-594f6969f966,2016-10-15 11:30:00+00,2017-08-12 11:30:00+00
25e1b024-b4c4-4732-9894-b39b4415754e,88bd03e8-2c07-4b80-943d-168273bf11d8,2017-08-12 11:30:00+00,2019-02-02 17:30:00+00
25e1b024-b4c4-4732-9894-b39b4415754e,4bc42e2a-a630-47d5-95b3-21e67deba946,2019-02-02 17:30:00+00,2024-08-19 19:00:00+00
25e1b024-b4c4-4732-9894-b39b4415754e,c36859ee-41f5-4436-b074-52bf466bd03c,2024-08-19 19:00:00+00,
26403f80-aee2-4a3c-8d10-b90390d5855e,807d15a6-48f7-45cb-9c7d-d765dec9ef0c,2024-08-17 11:30:00+00,2026-08-22 00:00:00+00
2658a869-5abe-4742-8aee-9b077e84eb37,298e371c-41d1-497f-b9af-fd2deed6562c,2023-01-14 15:00:00+00,2025-02-01 15:00:00+00
2658a869-5abe-4742-8aee-9b077e84eb37,fbfe564e-8109-41b8-a949-f7efc0f209b5,2025-02-01 15:00:00+00,
272bfaa8-fc18-42f2-8300-f77ca505a345,1f0aeb7b-4ade-4beb-9842-a9fe08d61bdb,2019-08-10 11:30:00+00,
2acd128c-7464-4303-aba2-44a9f4c8cd47,1f0aeb7b-4ade-4beb-9842-a9fe08d61bdb,2025-09-14 15:30:00+00,
2d3c3a1d-0246-49a8-b713-fb234c752389,bfa79885-47f6-40b9-a2a8-e3621b71b00e,2016-12-26 15:00:00+00,2023-08-12 12:00:00+00
2d3c3a1d-0246-49a8-b713-fb234c752389,362fd116-c81c-454a-bbbf-9224362fbaf7,2023-08-12 12:00:00+00,
2d73beaa-be2a-484c-9dff-1bf7927941e2,400ce689-140a-4090-a2b3-9f1efcf49197,2016-08-13 14:00:00+00,2017-08-12 14:00:00+00
2d73beaa-be2a-484c-9dff-1bf7927941e2,fbfe564e-8109-41b8-a949-f7efc0f209b5,2017-08-12 14:00:00+00,
2e17063c-4c61-48a4-9071-8656d80b8d86,fb3fd3a3-f72f-4bb0-8430-d03c65fc42e4,2025-08-16 14:00:00+00,2026-08-22 00:00:00+00
3114f8f0-79c0-4955-ae6a-3dc31bfd90e1,6ea6e724-cd4d-44de-a150-b80147978e68,2019-02-03 14:05:00+00,2023-08-12 16:30:00+00
3114f8f0-79c0-4955-ae6a-3dc31bfd90e1,8350ce70-d89b-4e0a-a5f0-1bea417647b8,2023-08-12 16:30:00+00,
31d931b3-f4b5-4f98-92ad-9c612108061d,83b99f75-b3a6-4f41-8f23-9b571d69e375,2023-02-04 15:00:00+00,2026-08-22 00:00:00+00
342c7c81-08f2-4ead-a6e9-eeb112ad9d48,6c53158c-9b35-43be-8924-e380139e75f2,2025-08-18 19:00:00+00,
36b875ed-889a-4d7f-a5e7-f57bb5b23e4e,e5c8cbe9-e464-412a-8498-71d0771063a1,2023-08-14 19:00:00+00,2026-08-22 00:00:00+00
499022db-4b66-47a6-9be9-f8ba92e29786,046d2b51-3060-4bea-9687-32605ad18897,2016-08-13 11:30:00+00,2017-08-11 18:45:00+00
499022db-4b66-47a6-9be9-f8ba92e29786,6ea6e724-cd4d-44de-a150-b80147978e68,2017-08-11 18:45:00+00,2019-08-11 15:30:00+00
499022db-4b66-47a6-9be9-f8ba92e29786,e5c8cbe9-e464-412a-8498-71d0771063a1,2019-08-11 15:30:00+00,
4a0710a2-b07d-4519-9416-714f8642b646,fb3fd3a3-f72f-4bb0-8430-d03c65fc42e4,2025-08-16 14:00:00+00,
4a161504-a54e-4f71-980c-76258773e5ea,553e758c-d6be-4a04-8016-6d3e9c1ef7d5,2024-01-30 20:00:00+00,
4ed2bd00-dba2-458c-a4d3-1ffd9fbd8736,1bbfff09-22e6-4971-a0fd-023e99c73df0,2024-08-17 14:00:00+00,2026-08-22 00:00:00+00
556508c1-c458-487f-859f-5ecb7a845062,400ce689-140a-4090-a2b3-9f1efcf49197,2025-08-16 14:00:00+00,2026-08-22 00:00:00+00
5bc96f0a-9920-48bb-af9e-27451b4bc2b8,400ce689-140a-4090-a2b3-9f1efcf49197,2021-08-21 11:30:00+00,2026-08-22 00:00:00+00
5d6d7fa0-1871-40aa-95df-b817b19c645a,bfa79885-47f6-40b9-a2a8-e3621b71b00e,2023-02-19 16:30:00+00,2026-08-22 00:00:00+00
5fd17d2f-25f4-4a42-a3f2-e6a09d563e9c,9f3c5423-fc19-4dce-a0c2-e807ecfd64d5,2021-08-14 16:30:00+00,
68142031-e47a-4b3f-aa62-8fc82cfabcb7,bc07075d-b661-4e83-8d89-594f6969f966,2026-05-09 11:30:00+00,2026-08-22 00:00:00+00
701caef7-4a05-4908-8c32-05de68526194,2415f952-0e39-45fa-8b3d-7174113bc844,2022-02-08 19:45:00+00,
71e04b79-f1a7-4123-8130-bae9732ba772,2415f952-0e39-45fa-8b3d-7174113bc844,2022-08-06 14:00:00+00,
730a90b3-4b79-474a-98d4-449bcf655b48,362fd116-c81c-454a-bbbf-9224362fbaf7,2024-08-31 11:30:00+00,
7327cc8d-a821-456b-946c-dd5374f643eb,c36859ee-41f5-4436-b074-52bf466bd03c,2026-02-01 16:30:00+00,2026-08-22 00:00:00+00
7d0ce2be-20f7-4099-add3-2623af5b22d6,6ea6e724-cd4d-44de-a150-b80147978e68,2018-04-14 14:00:00+00,2023-08-12 16:30:00+00
7d0ce2be-20f7-4099-add3-2623af5b22d6,2415f952-0e39-45fa-8b3d-7174113bc844,2023-08-12 16:30:00+00,
7e50df7b-2666-48ac-85ad-2ed37e8b6dcb,1bbfff09-22e6-4971-a0fd-023e99c73df0,2022-08-06 14:00:00+00,2026-08-22 00:00:00+00
950e3371-a25a-45cf-8725-2c37eea9fd9c,298e371c-41d1-497f-b9af-fd2deed6562c,2023-02-04 15:00:00+00,2026-08-22 00:00:00+00
993cd86c-f958-4193-bb2c-abdb4fab746c,298e371c-41d1-497f-b9af-fd2deed6562c,2024-08-17 14:00:00+00,2026-08-22 00:00:00+00
9e503294-677d-4eb6-afa0-2e7ac9ca5e05,fbfe564e-8109-41b8-a949-f7efc0f209b5,2025-02-01 15:00:00+00,2026-08-22 00:00:00+00
a253d98f-9eca-43f1-9015-5c8511d97c51,fbfe564e-8109-41b8-a949-f7efc0f209b5,2022-01-02 14:00:00+00,
a25c6999-1ee7-4457-ba58-e393edf3e2e1,bc07075d-b661-4e83-8d89-594f6969f966,2023-01-05 20:00:00+00,2026-08-22 00:00:00+00
a4685873-562e-4e63-8bd6-d964a8342518,1bbfff09-22e6-4971-a0fd-023e99c73df0,2026-05-24 15:00:00+00,2026-08-22 00:00:00+00
af699421-27dc-4d3b-b21f-7ab72e13a1c1,807d15a6-48f7-45cb-9c7d-d765dec9ef0c,2024-08-17 11:30:00+00,2026-08-22 00:00:00+00
bb4f6fba-13e4-4517-94d5-33224b40e9a1,fbfe564e-8109-41b8-a949-f7efc0f209b5,2016-08-13 14:00:00+00,2026-08-22 00:00:00+00
c797fded-0f6a-4bfc-86c9-b4aa6003061b,fbfe564e-8109-41b8-a949-f7efc0f209b5,2021-03-01 20:00:00+00,2024-08-17 11:30:00+00
c797fded-0f6a-4bfc-86c9-b4aa6003061b,807d15a6-48f7-45cb-9c7d-d765dec9ef0c,2024-08-17 11:30:00+00,2026-08-22 00:00:00+00
c7faa94f-b501-4af9-9045-7f3efb97be86,e5c8cbe9-e464-412a-8498-71d0771063a1,2024-08-16 19:00:00+00,
c8edcf75-9425-4ebc-90b1-3bf2f679e115,2415f952-0e39-45fa-8b3d-7174113bc844,2025-03-10 20:00:00+00,
c9182152-dade-4124-a3b4-35ca86288c6c,fb3fd3a3-f72f-4bb0-8430-d03c65fc42e4,2025-08-16 14:00:00+00,2026-08-22 00:00:00+00
d2348ee8-67e0-4a40-9a5d-c5860ad0a1ea,2415f952-0e39-45fa-8b3d-7174113bc844,2020-09-12 19:00:00+00,2026-08-22 00:00:00+00
d7b7e799-d34b-45a5-9e63-719d4300cb4e,88bd03e8-2c07-4b80-943d-168273bf11d8,2016-08-14 15:00:00+00,2020-09-12 14:00:00+00
d7b7e799-d34b-45a5-9e63-719d4300cb4e,298e371c-41d1-497f-b9af-fd2deed6562c,2018-08-12 12:30:00+00,2021-08-14 14:00:00+00
d7b7e799-d34b-45a5-9e63-719d4300cb4e,8350ce70-d89b-4e0a-a5f0-1bea417647b8,2021-08-14 14:00:00+00,2023-01-21 15:00:00+00
d7b7e799-d34b-45a5-9e63-719d4300cb4e,bfa79885-47f6-40b9-a2a8-e3621b71b00e,2023-01-21 15:00:00+00,2026-08-22 00:00:00+00
df90c1df-cea3-4ce1-a852-b6918e5472e0,298e371c-41d1-497f-b9af-fd2deed6562c,2024-08-17 14:00:00+00,2026-08-22 00:00:00+00
e5f59f5d-d05a-4bdd-8f1d-3c47725c5b81,553e758c-d6be-4a04-8016-6d3e9c1ef7d5,2025-01-26 14:00:00+00,
ea360a6a-5ac1-4355-965c-9b1552c0b9d1,c36859ee-41f5-4436-b074-52bf466bd03c,2025-01-19 14:00:00+00,2026-08-22 00:00:00+00
ec123d90-15ff-49fd-8951-4e654e2bd799,298e371c-41d1-497f-b9af-fd2deed6562c,2024-08-17 14:00:00+00,2026-08-22 00:00:00+00
f1bcd20b-b791-474b-90b7-c5552694b80c,8350ce70-d89b-4e0a-a5f0-1bea417647b8,2021-12-14 19:45:00+00,2026-08-22 00:00:00+00
f6bc9a94-bd54-4442-a82b-ff3618209116,6c53158c-9b35-43be-8924-e380139e75f2,2020-09-12 16:30:00+00,
f7aa5c64-8487-4dfa-ab29-01c4d8c10eb6,400ce689-140a-4090-a2b3-9f1efcf49197,2018-05-13 14:00:00+00,2022-08-06 16:30:00+00
f7aa5c64-8487-4dfa-ab29-01c4d8c10eb6,fbfe564e-8109-41b8-a949-f7efc0f209b5,2022-08-06 16:30:00+00,
f9bba49a-202f-4676-8403-89b69aba431e,362fd116-c81c-454a-bbbf-9224362fbaf7,2020-09-12 11:30:00+00,
00304b5c-9f80-4755-9db6-70fcfb471122,553e758c-d6be-4a04-8016-6d3e9c1ef7d5,2022-08-05 19:00:00+00,
0409a3fd-8cb2-4687-b18b-44b737d361b9,2415f952-0e39-45fa-8b3d-7174113bc844,2025-01-25 15:00:00+00,2026-08-22 00:00:00+00
0490c4f8-083a-4462-b202-ab60e507362d,400ce689-140a-4090-a2b3-9f1efcf49197,2023-08-27 13:00:00+00,2026-08-22 00:00:00+00
060747da-f457-488e-b411-04b14d664ddb,362fd116-c81c-454a-bbbf-9224362fbaf7,2019-08-11 13:00:00+00,
077808be-c653-4c78-ae95-999d586127c5,c36859ee-41f5-4436-b074-52bf466bd03c,2025-09-13 16:30:00+00,2026-08-22 00:00:00+00
081e023d-f043-4914-9923-7547e9f4e353,83b99f75-b3a6-4f41-8f23-9b571d69e375,2020-09-14 17:00:00+00,2022-09-03 16:30:00+00
081e023d-f043-4914-9923-7547e9f4e353,8350ce70-d89b-4e0a-a5f0-1bea417647b8,2022-09-03 16:30:00+00,2026-08-22 00:00:00+00
0a2ec5df-a9c6-434d-829a-042a0d21682f,30d953db-392e-45e9-a514-036a7f00c912,2024-02-18 14:00:00+00,
0dbe7e79-cbd1-44c8-b2e3-925b0070aa9b,bc07075d-b661-4e83-8d89-594f6969f966,2018-08-11 14:00:00+00,2023-02-04 12:30:00+00
0dbe7e79-cbd1-44c8-b2e3-925b0070aa9b,362fd116-c81c-454a-bbbf-9224362fbaf7,2023-02-04 12:30:00+00,2026-08-22 00:00:00+00
0ef396fa-0d67-4b34-aab7-dad74779bd84,30d953db-392e-45e9-a514-036a7f00c912,2025-02-01 12:30:00+00,2026-08-22 00:00:00+00
159a70a6-77c4-49e0-974f-019d3e6ab615,00f7a08d-8096-49b3-839a-b438b1158e01,2021-05-01 16:30:00+00,2022-08-06 11:30:00+00
159a70a6-77c4-49e0-974f-019d3e6ab615,88bd03e8-2c07-4b80-943d-168273bf11d8,2022-08-06 11:30:00+00,2024-08-18 13:00:00+00
159a70a6-77c4-49e0-974f-019d3e6ab615,312de382-16d0-4709-a1a2-5b3836e371d6,2024-08-18 13:00:00+00,
15e3327c-f62f-4c59-a1e2-01eeabc58e9b,362fd116-c81c-454a-bbbf-9224362fbaf7,2021-09-11 14:00:00+00,
17e6932b-81bc-4766-bc4e-d808b06dd4c0,1f0aeb7b-4ade-4beb-9842-a9fe08d61bdb,2023-08-11 19:00:00+00,2026-02-01 14:00:00+00
17e6932b-81bc-4766-bc4e-d808b06dd4c0,00f7a08d-8096-49b3-839a-b438b1158e01,2026-02-01 14:00:00+00,
1887fa3c-0dc5-448b-9cf6-a4cac5f6ae96,b80f8033-02ba-4cac-aa67-ef90d045f174,2016-08-13 14:00:00+00,2018-08-10 19:00:00+00
1887fa3c-0dc5-448b-9cf6-a4cac5f6ae96,6ea6e724-cd4d-44de-a150-b80147978e68,2018-08-10 19:00:00+00,2023-09-03 15:30:00+00
1887fa3c-0dc5-448b-9cf6-a4cac5f6ae96,e5c8cbe9-e464-412a-8498-71d0771063a1,2023-09-03 15:30:00+00,2026-08-22 00:00:00+00
19446b56-6f52-401f-8bdc-6e5cd56bd471,4bc42e2a-a630-47d5-95b3-21e67deba946,2023-02-04 15:00:00+00,2026-08-22 00:00:00+00
19503768-2c69-4c5d-b12f-316a33e22977,c36859ee-41f5-4436-b074-52bf466bd03c,2025-01-15 20:00:00+00,2026-08-22 00:00:00+00
1e61bf4c-9c83-4a69-93cd-4ebf9a80b97e,4bc42e2a-a630-47d5-95b3-21e67deba946,2019-08-10 14:00:00+00,2024-08-17 14:00:00+00
1e61bf4c-9c83-4a69-93cd-4ebf9a80b97e,2415f952-0e39-45fa-8b3d-7174113bc844,2024-08-17 14:00:00+00,2026-08-22 00:00:00+00
1f21671d-d143-49c8-938f-b90e1b57a10e,4bc42e2a-a630-47d5-95b3-21e67deba946,2016-08-14 12:30:00+00,2020-09-12 19:00:00+00
1f21671d-d143-49c8-938f-b90e1b57a10e,2415f952-0e39-45fa-8b3d-7174113bc844,2020-09-12 19:00:00+00,2025-08-16 14:00:00+00
1f21671d-d143-49c8-938f-b90e1b57a10e,bfa79885-47f6-40b9-a2a8-e3621b71b00e,2025-08-16 14:00:00+00,
21f95d65-4e8e-4bca-9cf9-b538ac33b2bd,312de382-16d0-4709-a1a2-5b3836e371d6,2021-08-13 19:00:00+00,2026-08-22 00:00:00+00
241bad0e-8d84-406c-88c3-040c8b9a8de7,4bc42e2a-a630-47d5-95b3-21e67deba946,2022-08-13 14:00:00+00,2024-08-31 11:30:00+00
241bad0e-8d84-406c-88c3-040c8b9a8de7,362fd116-c81c-454a-bbbf-9224362fbaf7,2024-08-31 11:30:00+00,2025-08-15 19:00:00+00
241bad0e-8d84-406c-88c3-040c8b9a8de7,4bc42e2a-a630-47d5-95b3-21e67deba946,2025-08-15 19:00:00+00,2026-08-22 00:00:00+00
250007a4-f432-4598-98bf-4d72fe2bbbaa,30d953db-392e-45e9-a514-036a7f00c912,2024-08-17 14:00:00+00,2026-08-22 00:00:00+00
25b80080-ac68-48b9-bb31-582c69086802,c36859ee-41f5-4436-b074-52bf466bd03c,2023-11-11 12:30:00+00,2026-08-22 00:00:00+00
27ef929f-dc05-43ae-b7a3-b1e79f21b545,c36859ee-41f5-4436-b074-52bf466bd03c,2025-11-08 12:30:00+00,2026-08-22 00:00:00+00
296d29ab-2b45-43d9-b404-bc523810cef2,fbfe564e-8109-41b8-a949-f7efc0f209b5,2024-11-09 15:00:00+00,2026-08-22 00:00:00+00
2a008f35-80d2-45a1-b2c1-2431dec0d8cc,bc07075d-b661-4e83-8d89-594f6969f966,2023-02-03 20:00:00+00,2025-08-17 15:30:00+00
2a008f35-80d2-45a1-b2c1-2431dec0d8cc,362fd116-c81c-454a-bbbf-9224362fbaf7,2025-08-17 15:30:00+00,
2e5dfd6f-2c8a-4242-bd88-71b571e78ec9,e5c8cbe9-e464-412a-8498-71d0771063a1,2024-09-14 11:30:00+00,
320c3b76-7ee1-42cc-a9c7-a54804af8ddd,fb3fd3a3-f72f-4bb0-8430-d03c65fc42e4,2025-09-13 14:00:00+00,2026-08-22 00:00:00+00
3858ec1b-1c61-4728-bcf3-15d955a16881,362fd116-c81c-454a-bbbf-9224362fbaf7,2018-03-11 13:30:00+00,2021-02-02 20:15:00+00
3858ec1b-1c61-4728-bcf3-15d955a16881,2415f952-0e39-45fa-8b3d-7174113bc844,2021-02-02 20:15:00+00,
3b9090fd-c44a-4113-b1be-4e97fb690015,e5c8cbe9-e464-412a-8498-71d0771063a1,2025-08-17 15:30:00+00,2026-08-22 00:00:00+00
4872d622-de0b-477e-82ce-ab2619781460,553e758c-d6be-4a04-8016-6d3e9c1ef7d5,2026-01-07 19:30:00+00,2026-08-22 00:00:00+00
5627a160-9c95-443d-92f6-42bd33cb437c,c36859ee-41f5-4436-b074-52bf466bd03c,2022-08-06 14:00:00+00,
56a218b5-0326-4ae2-b2f9-c21ae2995077,bfa79885-47f6-40b9-a2a8-e3621b71b00e,2024-08-17 16:30:00+00,2026-08-22 00:00:00+00
5c12b7ca-9d61-46d9-93a7-0aa3abd6eea2,88bd03e8-2c07-4b80-943d-168273bf11d8,2022-11-12 15:00:00+00,2025-08-23 14:00:00+00
5c12b7ca-9d61-46d9-93a7-0aa3abd6eea2,4bc42e2a-a630-47d5-95b3-21e67deba946,2025-08-23 14:00:00+00,
5d9ac816-8619-4d2f-b167-9f64ea8e0180,fb3fd3a3-f72f-4bb0-8430-d03c65fc42e4,2025-08-16 14:00:00+00,
614dca87-6771-4409-b1d4-230660704518,1bbfff09-22e6-4971-a0fd-023e99c73df0,2023-09-18 18:45:00+00,
664c3d00-a241-494d-9293-817fabf72bd2,fb3fd3a3-f72f-4bb0-8430-d03c65fc42e4,2025-08-16 14:00:00+00,
68aba9cf-c462-4266-9cc4-2f370d142616,8350ce70-d89b-4e0a-a5f0-1bea417647b8,2025-01-26 16:30:00+00,2026-08-22 00:00:00+00
6e1f4c41-bcc9-4373-a593-e5f236ca9994,83b99f75-b3a6-4f41-8f23-9b571d69e375,2018-08-11 16:30:00+00,2020-09-28 19:00:00+00
6e1f4c41-bcc9-4373-a593-e5f236ca9994,88bd03e8-2c07-4b80-943d-168273bf11d8,2020-09-28 19:00:00+00,2026-08-22 00:00:00+00
709d3031-90a5-4a10-ace0-73b80225cb0f,2415f952-0e39-45fa-8b3d-7174113bc844,2018-08-26 15:00:00+00,2025-08-18 19:00:00+00
709d3031-90a5-4a10-ace0-73b80225cb0f,6c53158c-9b35-43be-8924-e380139e75f2,2025-08-18 19:00:00+00,
770bee50-6c71-497a-a0f4-ccfa519c3ab2,4bc42e2a-a630-47d5-95b3-21e67deba946,2023-01-14 17:30:00+00,2026-08-22 00:00:00+00
77cea9fb-b868-43b2-9beb-87e8d91dd610,88bd03e8-2c07-4b80-943d-168273bf11d8,2016-08-14 15:00:00+00,2023-08-12 14:00:00+00
77cea9fb-b868-43b2-9beb-87e8d91dd610,30d953db-392e-45e9-a514-036a7f00c912,2023-08-12 14:00:00+00,2026-08-22 00:00:00+00
7c870cd7-9d1e-4b81-bd53-117b5ce27c54,c36859ee-41f5-4436-b074-52bf466bd03c,2022-02-09 19:45:00+00,
7cb6336a-336a-45cd-8c7c-36e4e503dca9,bc07075d-b661-4e83-8d89-594f6969f966,2022-12-27 17:30:00+00,2025-08-16 14:00:00+00
7cb6336a-336a-45cd-8c7c-36e4e503dca9,400ce689-140a-4090-a2b3-9f1efcf49197,2025-08-16 14:00:00+00,2026-08-22 00:00:00+00
81fc2872-eb98-4f18-afed-6013f0bc66a1,fbfe564e-8109-41b8-a949-f7efc0f209b5,2021-04-12 19:15:00+00,2026-08-22 00:00:00+00
835f7409-1fdc-4b05-892f-9c4d3489f140,bc07075d-b661-4e83-8d89-594f6969f966,2021-08-14 14:00:00+00,2026-08-22 00:00:00+00
86a8b7af-747c-4791-8f50-dc0403622b73,c36859ee-41f5-4436-b074-52bf466bd03c,2023-08-13 13:00:00+00,
88fc83b5-bf09-4936-8834-f9d9d476350d,bfa79885-47f6-40b9-a2a8-e3621b71b00e,2026-01-06 20:00:00+00,2026-08-22 00:00:00+00
97f710e3-4d5b-475f-b4fb-dedf2866e61d,bc07075d-b661-4e83-8d89-594f6969f966,2022-01-02 16:30:00+00,2023-08-27 15:30:00+00
97f710e3-4d5b-475f-b4fb-dedf2866e61d,2415f952-0e39-45fa-8b3d-7174113bc844,2023-08-27 15:30:00+00,
a5326f15-e26f-435d-8afa-4162227a9125,fb3fd3a3-f72f-4bb0-8430-d03c65fc42e4,2025-08-16 14:00:00+00,
a570a651-667c-43cd-8c93-a8f5f7ca9aec,adedb695-f98a-4e53-b340-353d00ce7c52,2020-09-14 17:00:00+00,
a5e18fe7-45fc-4d0a-a4f8-ae032850f68a,bfa79885-47f6-40b9-a2a8-e3621b71b00e,2018-08-12 12:30:00+00,2022-08-13 14:00:00+00
a5e18fe7-45fc-4d0a-a4f8-ae032850f68a,00f7a08d-8096-49b3-839a-b438b1158e01,2022-08-13 14:00:00+00,
b5a7034d-e9e5-4cd8-839a-22efab30c311,c36859ee-41f5-4436-b074-52bf466bd03c,2025-11-08 12:30:00+00,
b695d829-61fd-4513-8199-4ab553767fb5,1f0aeb7b-4ade-4beb-9842-a9fe08d61bdb,2025-09-27 14:00:00+00,2026-08-22 00:00:00+00
bd24fd1b-4cc3-4e5b-94df-1325598ea4eb,4bc42e2a-a630-47d5-95b3-21e67deba946,2024-11-30 15:00:00+00,2026-08-22 00:00:00+00
be00977b-d686-4932-8288-db6993f55a4b,e5c8cbe9-e464-412a-8498-71d0771063a1,2022-09-04 15:30:00+00,2026-08-22 00:00:00+00
c48c5c98-df72-4edd-acd0-85450e59269a,1bbfff09-22e6-4971-a0fd-023e99c73df0,2024-08-17 14:00:00+00,2026-08-22 00:00:00+00
c49b3106-4c26-46c9-bbb8-4e132b81910a,c36859ee-41f5-4436-b074-52bf466bd03c,2022-08-06 14:00:00+00,
c6677205-fea4-4d34-a658-598ec89e3c2f,30d953db-392e-45e9-a514-036a7f00c912,2025-08-16 14:00:00+00,
c9e3f549-7fdb-4998-986c-9ccd76921c41,298e371c-41d1-497f-b9af-fd2deed6562c,2025-04-12 14:00:00+00,2026-08-22 00:00:00+00
ca8f56a5-50a6-40ee-9d34-b0913f594204,8350ce70-d89b-4e0a-a5f0-1bea417647b8,2025-01-26 16:30:00+00,
d2f7294c-7df5-479c-9c9b-f550be9dda26,88bd03e8-2c07-4b80-943d-168273bf11d8,2022-02-10 19:45:00+00,2026-08-22 00:00:00+00
ddbb6b67-0242-47e5-9af0-072b452429d2,fbfe564e-8109-41b8-a949-f7efc0f209b5,2022-08-13 11:30:00+00,2024-08-17 16:30:00+00
ddbb6b67-0242-47e5-9af0-072b452429d2,8350ce70-d89b-4e0a-a5f0-1bea417647b8,2024-08-17 16:30:00+00,
df2e5ec0-960b-42e4-b9c4-2d0593b49273,bc07075d-b661-4e83-8d89-594f6969f966,2025-08-17 13:00:00+00,
df3a988b-b09d-4529-a70a-6bff596cff56,88bd03e8-2c07-4b80-943d-168273bf11d8,2023-09-16 11:30:00+00,
e1303f74-c48f-4c2c-a6f4-d83d0b329911,e5c8cbe9-e464-412a-8498-71d0771063a1,2016-08-14 12:30:00+00,2021-08-14 14:00:00+00
e1303f74-c48f-4c2c-a6f4-d83d0b329911,8350ce70-d89b-4e0a-a5f0-1bea417647b8,2021-08-14 14:00:00+00,2023-08-12 14:00:00+00
e1303f74-c48f-4c2c-a6f4-d83d0b329911,fbfe564e-8109-41b8-a949-f7efc0f209b5,2023-08-12 14:00:00+00,2026-08-22 00:00:00+00
e45a67bc-f818-44b2-86f1-2b2c16924a11,30d953db-392e-45e9-a514-036a7f00c912,2021-12-15 19:30:00+00,2025-02-15 15:00:00+00
e45a67bc-f818-44b2-86f1-2b2c16924a11,bfa79885-47f6-40b9-a2a8-e3621b71b00e,2025-02-15 15:00:00+00,2025-08-16 14:00:00+00
e45a67bc-f818-44b2-86f1-2b2c16924a11,30d953db-392e-45e9-a514-036a7f00c912,2025-08-16 14:00:00+00,
e7d847a5-66c9-4796-bcb7-b4211b33bb04,30d953db-392e-45e9-a514-036a7f00c912,2024-08-17 14:00:00+00,
ead63654-eecf-4f63-95af-a1bf48816879,8350ce70-d89b-4e0a-a5f0-1bea417647b8,2023-02-12 16:30:00+00,2026-08-22 00:00:00+00
eb844860-49db-4984-a05d-0b0e30d7371f,fb3fd3a3-f72f-4bb0-8430-d03c65fc42e4,2025-08-16 14:00:00+00,2026-08-22 00:00:00+00
ef0771b9-26c5-4915-8dea-392a26f45cbe,046d2b51-3060-4bea-9687-32605ad18897,2016-08-13 11:30:00+00,2017-08-12 11:30:00+00
ef0771b9-26c5-4915-8dea-392a26f45cbe,88bd03e8-2c07-4b80-943d-168273bf11d8,2017-08-12 11:30:00+00,
f34c6bed-d548-4ed4-8e01-407f36f5ca33,553e758c-d6be-4a04-8016-6d3e9c1ef7d5,2024-11-09 15:00:00+00,2026-08-22 00:00:00+00
013d5efd-ec7a-483b-be9f-0a514707655a,30d953db-392e-45e9-a514-036a7f00c912,2025-08-16 14:00:00+00,
02d7c5e2-e436-461b-95e5-853765be5a86,bc07075d-b661-4e83-8d89-594f6969f966,2016-08-15 19:00:00+00,2017-08-12 14:00:00+00
02d7c5e2-e436-461b-95e5-853765be5a86,00f2aba7-b2c2-41d9-bfb6-d699954d00c4,2017-08-12 14:00:00+00,2018-08-18 14:00:00+00
02d7c5e2-e436-461b-95e5-853765be5a86,fbfe564e-8109-41b8-a949-f7efc0f209b5,2018-08-18 14:00:00+00,2019-08-11 15:30:00+00
02d7c5e2-e436-461b-95e5-853765be5a86,bc07075d-b661-4e83-8d89-594f6969f966,2019-08-11 15:30:00+00,2021-08-28 14:00:00+00
02d7c5e2-e436-461b-95e5-853765be5a86,bfa79885-47f6-40b9-a2a8-e3621b71b00e,2021-08-28 14:00:00+00,2026-08-22 00:00:00+00
0770e266-9633-4bd7-9e25-b218ce04a2f4,88bd03e8-2c07-4b80-943d-168273bf11d8,2018-08-12 12:30:00+00,
0772d2e7-67aa-4543-8045-03d7408dd2ea,fb3fd3a3-f72f-4bb0-8430-d03c65fc42e4,2025-08-16 14:00:00+00,2026-08-22 00:00:00+00
0f4c04eb-d670-413f-aa27-6ebea80648cb,1f0aeb7b-4ade-4beb-9842-a9fe08d61bdb,2021-09-18 14:00:00+00,2022-08-06 14:00:00+00
0f4c04eb-d670-413f-aa27-6ebea80648cb,298e371c-41d1-497f-b9af-fd2deed6562c,2022-08-06 14:00:00+00,2023-08-20 15:30:00+00
0f4c04eb-d670-413f-aa27-6ebea80648cb,bc07075d-b661-4e83-8d89-594f6969f966,2023-08-20 15:30:00+00,
112a1260-0cb2-4248-b27b-68e25d2c087a,bfa79885-47f6-40b9-a2a8-e3621b71b00e,2022-08-31 18:45:00+00,2026-08-22 00:00:00+00
119bb379-3aef-4f9e-8978-3e27561773b8,88bd03e8-2c07-4b80-943d-168273bf11d8,2016-08-14 15:00:00+00,2026-08-22 00:00:00+00
1bcdf584-5210-45d0-bc11-2f10c7c5f15c,30d953db-392e-45e9-a514-036a7f00c912,2024-08-17 14:00:00+00,2026-08-22 00:00:00+00
1fc7bcd4-95a7-4375-8fc6-717d8724ae57,e5c8cbe9-e464-412a-8498-71d0771063a1,2026-04-18 19:00:00+00,2026-08-22 00:00:00+00
291cf79e-8289-4aea-b433-663239f6c492,88bd03e8-2c07-4b80-943d-168273bf11d8,2023-11-12 14:00:00+00,
2b165e18-79e4-486a-8b52-f84663014f56,312de382-16d0-4709-a1a2-5b3836e371d6,2021-10-16 16:30:00+00,2026-08-22 00:00:00+00
2b9337d7-0164-4b9e-969e-db2f0905a2cc,362fd116-c81c-454a-bbbf-9224362fbaf7,2025-09-13 11:30:00+00,
2d7896e5-bdbb-4eed-90a1-e8f82a308761,6809cae2-8277-4d7a-a00c-ead4afe20192,2019-08-10 14:00:00+00,2024-08-18 13:00:00+00
2d7896e5-bdbb-4eed-90a1-e8f82a308761,553e758c-d6be-4a04-8016-6d3e9c1ef7d5,2024-08-18 13:00:00+00,
35be4ca9-a98f-41cc-94e9-0c54c64ef3db,400ce689-140a-4090-a2b3-9f1efcf49197,2017-08-12 14:00:00+00,2024-08-17 14:00:00+00
35be4ca9-a98f-41cc-94e9-0c54c64ef3db,298e371c-41d1-497f-b9af-fd2deed6562c,2024-08-17 14:00:00+00,2026-08-22 00:00:00+00
3a3343ac-df8a-4423-9c8f-614fa31f7612,bc07075d-b661-4e83-8d89-594f6969f966,2021-05-08 16:30:00+00,2021-08-14 14:00:00+00
3a3343ac-df8a-4423-9c8f-614fa31f7612,298e371c-41d1-497f-b9af-fd2deed6562c,2021-08-14 14:00:00+00,2023-08-12 16:30:00+00
3a3343ac-df8a-4423-9c8f-614fa31f7612,2415f952-0e39-45fa-8b3d-7174113bc844,2023-08-12 16:30:00+00,
3b730726-1e3e-4d2a-9bc3-61177fb5d031,4bc42e2a-a630-47d5-95b3-21e67deba946,2016-08-14 12:30:00+00,2017-01-14 17:30:00+00
3b730726-1e3e-4d2a-9bc3-61177fb5d031,bc07075d-b661-4e83-8d89-594f6969f966,2017-01-14 17:30:00+00,2017-08-12 14:00:00+00
3b730726-1e3e-4d2a-9bc3-61177fb5d031,4bc42e2a-a630-47d5-95b3-21e67deba946,2017-08-12 14:00:00+00,2020-09-21 19:15:00+00
3b730726-1e3e-4d2a-9bc3-61177fb5d031,1f0aeb7b-4ade-4beb-9842-a9fe08d61bdb,2020-09-21 19:15:00+00,2026-08-22 00:00:00+00
3c733308-8ffb-4ef6-b24b-81ae97163f7f,298e371c-41d1-497f-b9af-fd2deed6562c,2016-08-13 14:00:00+00,2022-09-03 14:00:00+00
3c733308-8ffb-4ef6-b24b-81ae97163f7f,4bc42e2a-a630-47d5-95b3-21e67deba946,2022-09-03 14:00:00+00,2024-08-17 14:00:00+00
3c733308-8ffb-4ef6-b24b-81ae97163f7f,298e371c-41d1-497f-b9af-fd2deed6562c,2024-08-17 14:00:00+00,2026-08-22 00:00:00+00
44dc201e-dc85-4982-a627-e938ddc48bc0,e5c8cbe9-e464-412a-8498-71d0771063a1,2017-08-13 15:00:00+00,2025-09-13 14:00:00+00
44dc201e-dc85-4982-a627-e938ddc48bc0,8350ce70-d89b-4e0a-a5f0-1bea417647b8,2025-09-13 14:00:00+00,
46b035ea-3bfc-4c19-8e64-071f99e5ea70,312de382-16d0-4709-a1a2-5b3836e371d6,2021-08-13 19:00:00+00,
48976bbe-e0a6-4695-b993-e2231c2bddfe,1f0aeb7b-4ade-4beb-9842-a9fe08d61bdb,2025-08-16 16:30:00+00,
4df36947-8e5c-4cb4-8d24-e271e8313642,1bbfff09-22e6-4971-a0fd-023e99c73df0,2023-01-21 15:00:00+00,2026-08-22 00:00:00+00
51ce44f0-e7b0-4c9a-b805-231fb853d0c8,bfa79885-47f6-40b9-a2a8-e3621b71b00e,2024-09-14 14:00:00+00,2026-08-22 00:00:00+00
5ba36b87-0826-4e5e-a854-754167085581,fb3fd3a3-f72f-4bb0-8430-d03c65fc42e4,2025-08-16 14:00:00+00,2026-08-22 00:00:00+00
5d59ecd1-993f-4b38-ab93-5b067bf6f02d,30d953db-392e-45e9-a514-036a7f00c912,2024-10-26 14:00:00+00,2026-08-22 00:00:00+00
5df08c11-5708-49a1-b677-3a4f70a17f17,e5c8cbe9-e464-412a-8498-71d0771063a1,2023-09-03 15:30:00+00,
605c313b-b25e-41b9-8578-b9e11a545472,807d15a6-48f7-45cb-9c7d-d765dec9ef0c,2025-02-15 15:00:00+00,
629fabbd-bbde-4bae-8890-6a04ec8aae9e,807d15a6-48f7-45cb-9c7d-d765dec9ef0c,2024-08-17 11:30:00+00,2026-08-22 00:00:00+00
62bd7bd2-92b2-48fb-8a6a-117defecfe5e,1bbfff09-22e6-4971-a0fd-023e99c73df0,2025-08-24 13:00:00+00,
6464d7dc-b00f-4f30-95ef-28e68277b29a,30d953db-392e-45e9-a514-036a7f00c912,2023-08-12 14:00:00+00,2025-09-13 16:30:00+00
6464d7dc-b00f-4f30-95ef-28e68277b29a,bfa79885-47f6-40b9-a2a8-e3621b71b00e,2025-09-13 16:30:00+00,2026-01-31 15:00:00+00
6464d7dc-b00f-4f30-95ef-28e68277b29a,30d953db-392e-45e9-a514-036a7f00c912,2026-01-31 15:00:00+00,
6491134c-17b9-44b3-a599-bd21c9c5651f,1f0aeb7b-4ade-4beb-9842-a9fe08d61bdb,2025-02-15 15:00:00+00,
65af5c82-2bf4-4b3c-b0f7-49d30a717146,1f0aeb7b-4ade-4beb-9842-a9fe08d61bdb,2023-05-21 15:00:00+00,
6774c343-7a31-4046-9f75-d8368d985e16,553e758c-d6be-4a04-8016-6d3e9c1ef7d5,2026-01-01 17:30:00+00,2026-08-22 00:00:00+00
6f855388-9213-4e1b-b7b6-87b8bf1f7444,fbfe564e-8109-41b8-a949-f7efc0f209b5,2025-01-15 19:30:00+00,2026-08-22 00:00:00+00
72ed2f11-f5b4-440d-992c-b69044c742cd,8350ce70-d89b-4e0a-a5f0-1bea417647b8,2023-02-12 16:30:00+00,2026-08-22 00:00:00+00
781087f1-32b6-4c7e-ae69-ee5ef75ad7d2,e5c8cbe9-e464-412a-8498-71d0771063a1,2025-02-16 16:30:00+00,2026-08-22 00:00:00+00
7b3df638-ac76-4b0d-821d-3998dc55f16e,bc07075d-b661-4e83-8d89-594f6969f966,2025-02-14 20:00:00+00,2026-08-22 00:00:00+00
809750fd-2ea8-4b4a-bce5-2e692aa3c335,9f3c5423-fc19-4dce-a0c2-e807ecfd64d5,2019-08-09 19:00:00+00,2021-08-14 14:00:00+00
809750fd-2ea8-4b4a-bce5-2e692aa3c335,8350ce70-d89b-4e0a-a5f0-1bea417647b8,2021-08-14 14:00:00+00,
85aac69a-bc63-40d0-8755-354a03fd69aa,88bd03e8-2c07-4b80-943d-168273bf11d8,2025-08-15 19:00:00+00,
895f52bd-21ff-4984-b8ff-1da590f0f6d6,c36859ee-41f5-4436-b074-52bf466bd03c,2025-08-16 14:00:00+00,2026-08-22 00:00:00+00
8a0b53aa-a122-4ea8-8a32-fb80f11f2cdc,298e371c-41d1-497f-b9af-fd2deed6562c,2016-08-13 14:00:00+00,2018-01-01 15:00:00+00
8a0b53aa-a122-4ea8-8a32-fb80f11f2cdc,88bd03e8-2c07-4b80-943d-168273bf11d8,2018-01-01 15:00:00+00,
8da8bba7-8a71-44ec-974f-0ccdec569ba0,88bd03e8-2c07-4b80-943d-168273bf11d8,2017-08-27 15:00:00+00,2020-09-13 13:00:00+00
8da8bba7-8a71-44ec-974f-0ccdec569ba0,6ea6e724-cd4d-44de-a150-b80147978e68,2020-09-13 13:00:00+00,2026-08-22 00:00:00+00
8f1d4346-d35a-4749-8d5f-d2d33fa49863,312de382-16d0-4709-a1a2-5b3836e371d6,2023-08-13 13:00:00+00,2026-08-22 00:00:00+00
96e5f281-158d-4a4d-8dee-93ed027fa325,553e758c-d6be-4a04-8016-6d3e9c1ef7d5,2016-12-14 20:00:00+00,2019-08-11 15:30:00+00
96e5f281-158d-4a4d-8dee-93ed027fa325,e5c8cbe9-e464-412a-8498-71d0771063a1,2019-08-11 15:30:00+00,2024-08-17 16:30:00+00
96e5f281-158d-4a4d-8dee-93ed027fa325,bfa79885-47f6-40b9-a2a8-e3621b71b00e,2024-08-17 16:30:00+00,2026-08-22 00:00:00+00
9949992d-a0a0-4d9e-81d6-83b903efc08c,83b99f75-b3a6-4f41-8f23-9b571d69e375,2022-01-15 15:00:00+00,2026-08-22 00:00:00+00
a228ca2d-32c8-45e6-8063-6e6b888eb965,fb3fd3a3-f72f-4bb0-8430-d03c65fc42e4,2025-08-16 14:00:00+00,2026-08-22 00:00:00+00
a4344bc6-a718-4bdf-ba73-1ed1fb63e26d,b80f8033-02ba-4cac-aa67-ef90d045f174,2020-09-13 13:00:00+00,
a9964c35-21a3-4eff-a609-0b960532b723,1f0aeb7b-4ade-4beb-9842-a9fe08d61bdb,2025-08-16 16:30:00+00,
ab9f50aa-1162-48f7-9b5f-0a4c171aa52b,312de382-16d0-4709-a1a2-5b3836e371d6,2021-12-26 20:00:00+00,2026-08-22 00:00:00+00
aecff7a0-6062-45b5-86d7-0c3961793ed6,1bbfff09-22e6-4971-a0fd-023e99c73df0,2024-12-29 15:00:00+00,
b494f3b5-3cfe-4a72-b033-70c177835129,400ce689-140a-4090-a2b3-9f1efcf49197,2025-08-16 14:00:00+00,2026-08-22 00:00:00+00
b6a2b8f2-e4f0-45bd-b728-1f7e74cdaf74,8350ce70-d89b-4e0a-a5f0-1bea417647b8,2023-08-12 16:30:00+00,
b8cc856e-9652-4708-8371-9de05b04f0ee,c36859ee-41f5-4436-b074-52bf466bd03c,2023-03-11 15:00:00+00,2025-08-16 14:00:00+00
b8cc856e-9652-4708-8371-9de05b04f0ee,fb3fd3a3-f72f-4bb0-8430-d03c65fc42e4,2025-08-16 14:00:00+00,
b9c2bdf4-908a-4a05-bae4-865a4626ce38,30d953db-392e-45e9-a514-036a7f00c912,2024-08-31 11:30:00+00,
bc66bf7d-e1f5-48c5-b89d-ff0dbd008bd8,c36859ee-41f5-4436-b074-52bf466bd03c,2021-12-19 16:30:00+00,
bf750c15-c9ca-42de-92cd-60fd2e5f995f,83b99f75-b3a6-4f41-8f23-9b571d69e375,2023-01-22 14:00:00+00,2026-08-22 00:00:00+00
bfc67171-cbc5-49fb-81b9-ee7120af739d,30d953db-392e-45e9-a514-036a7f00c912,2021-08-14 14:00:00+00,
bfd0282a-2b61-49c9-98e7-a2f22f330e82,bc07075d-b661-4e83-8d89-594f6969f966,2016-08-15 19:00:00+00,2020-10-04 13:00:00+00
bfd0282a-2b61-49c9-98e7-a2f22f330e82,00f7a08d-8096-49b3-839a-b438b1158e01,2020-10-04 13:00:00+00,2023-08-12 12:00:00+00
bfd0282a-2b61-49c9-98e7-a2f22f330e82,1bbfff09-22e6-4971-a0fd-023e99c73df0,2023-08-12 12:00:00+00,
c62e7cd9-965a-4a3a-9647-229ae006068b,83b99f75-b3a6-4f41-8f23-9b571d69e375,2026-02-07 15:00:00+00,2026-08-22 00:00:00+00
c7a4d6d5-531f-45e5-902b-a002babbdb49,e5c8cbe9-e464-412a-8498-71d0771063a1,2022-04-16 14:00:00+00,2025-09-13 19:00:00+00
c7a4d6d5-531f-45e5-902b-a002babbdb49,bc07075d-b661-4e83-8d89-594f6969f966,2025-09-13 19:00:00+00,
cab4e50f-8585-44b5-b295-fad3bc50c15b,8350ce70-d89b-4e0a-a5f0-1bea417647b8,2019-08-10 16:30:00+00,
caea5c3e-561c-4856-b0bd-d1f3a2de121e,2415f952-0e39-45fa-8b3d-7174113bc844,2021-09-11 14:00:00+00,2026-08-22 00:00:00+00
cb658622-94a6-4c72-8fc3-ee760080b729,4bc42e2a-a630-47d5-95b3-21e67deba946,2018-08-11 14:00:00+00,
ceabde74-5487-468d-b432-f8940c5af8e4,400ce689-140a-4090-a2b3-9f1efcf49197,2025-08-16 14:00:00+00,2026-08-22 00:00:00+00
d038aa1f-d61b-4957-ae14-813f44862f63,6c53158c-9b35-43be-8924-e380139e75f2,2021-04-25 13:00:00+00,2026-08-22 00:00:00+00
d2854813-72ea-4db2-b5a4-1f58d42d0e15,400ce689-140a-4090-a2b3-9f1efcf49197,2025-08-16 14:00:00+00,
dd678e0b-c375-428e-96fa-615f1dc5f283,8350ce70-d89b-4e0a-a5f0-1bea417647b8,2024-02-03 17:30:00+00,
e2e312e8-2095-42bc-976d-061f7dd24cc7,6c53158c-9b35-43be-8924-e380139e75f2,2021-05-01 14:00:00+00,
e4e24720-d2ab-4a3b-a489-6cd5d1114cfd,4bc42e2a-a630-47d5-95b3-21e67deba946,2017-05-21 14:00:00+00,2020-09-14 17:00:00+00
e4e24720-d2ab-4a3b-a489-6cd5d1114cfd,adedb695-f98a-4e53-b340-353d00ce7c52,2020-09-14 17:00:00+00,2021-08-22 15:30:00+00
e4e24720-d2ab-4a3b-a489-6cd5d1114cfd,362fd116-c81c-454a-bbbf-9224362fbaf7,2021-08-22 15:30:00+00,2024-08-31 14:00:00+00
e4e24720-d2ab-4a3b-a489-6cd5d1114cfd,298e371c-41d1-497f-b9af-fd2deed6562c,2024-08-31 14:00:00+00,2025-08-16 11:30:00+00
e4e24720-d2ab-4a3b-a489-6cd5d1114cfd,2415f952-0e39-45fa-8b3d-7174113bc844,2025-08-16 11:30:00+00,2026-08-22 00:00:00+00
e656fc13-f025-4478-9384-9b26fcf40b8c,bfa79885-47f6-40b9-a2a8-e3621b71b00e,2026-03-22 14:15:00+00,2026-08-22 00:00:00+00
f3c4d980-7893-46c2-b459-47f43451dad7,400ce689-140a-4090-a2b3-9f1efcf49197,2023-08-11 19:00:00+00,2026-08-22 00:00:00+00
f5064d39-0ef6-4eea-8795-9bfa7bcda88d,6809cae2-8277-4d7a-a00c-ead4afe20192,2017-08-12 11:30:00+00,2021-08-28 14:00:00+00
f5064d39-0ef6-4eea-8795-9bfa7bcda88d,553e758c-d6be-4a04-8016-6d3e9c1ef7d5,2021-08-28 14:00:00+00,
01b1421f-9874-4630-a023-e175c6c710d1,00f7a08d-8096-49b3-839a-b438b1158e01,2025-09-13 14:00:00+00,2026-08-22 00:00:00+00
0410c4b4-c5ae-4964-9c28-23c0514a101b,00f7a08d-8096-49b3-839a-b438b1158e01,2025-12-22 20:00:00+00,2026-08-22 00:00:00+00
0724a32b-dee2-4dc8-aeef-99df3f5c293f,2415f952-0e39-45fa-8b3d-7174113bc844,2025-12-26 20:00:00+00,2026-08-22 00:00:00+00
0951e249-0fa6-4e11-9e2d-d1d2156f8c7f,298e371c-41d1-497f-b9af-fd2deed6562c,2018-01-21 16:00:00+00,2023-08-11 19:00:00+00
0951e249-0fa6-4e11-9e2d-d1d2156f8c7f,400ce689-140a-4090-a2b3-9f1efcf49197,2023-08-11 19:00:00+00,2026-08-22 00:00:00+00
0aa06c2f-e3d9-4068-9137-b1c6aedaf268,4bc42e2a-a630-47d5-95b3-21e67deba946,2022-08-06 14:00:00+00,
0b0f5b5e-be7b-478d-aa23-5f619d16e5cb,4bc42e2a-a630-47d5-95b3-21e67deba946,2022-08-06 14:00:00+00,
0f24ddb4-65f2-4527-908d-a89f91277b34,6c53158c-9b35-43be-8924-e380139e75f2,2020-09-12 16:30:00+00,2022-08-07 15:30:00+00
0f24ddb4-65f2-4527-908d-a89f91277b34,1f0aeb7b-4ade-4beb-9842-a9fe08d61bdb,2022-08-07 15:30:00+00,2024-02-01 19:30:00+00
0f24ddb4-65f2-4527-908d-a89f91277b34,bfa79885-47f6-40b9-a2a8-e3621b71b00e,2024-02-01 19:30:00+00,2024-08-17 11:30:00+00
0f24ddb4-65f2-4527-908d-a89f91277b34,807d15a6-48f7-45cb-9c7d-d765dec9ef0c,2024-08-17 11:30:00+00,2025-08-16 16:30:00+00
0f24ddb4-65f2-4527-908d-a89f91277b34,1f0aeb7b-4ade-4beb-9842-a9fe08d61bdb,2025-08-16 16:30:00+00,
13be3147-4bef-4613-8472-82b94f305fcd,30d953db-392e-45e9-a514-036a7f00c912,2025-10-18 14:00:00+00,
15a27285-1e19-4e00-970d-f2ca8c65d987,400ce689-140a-4090-a2b3-9f1efcf49197,2021-09-13 19:00:00+00,2022-08-14 13:00:00+00
15a27285-1e19-4e00-970d-f2ca8c65d987,bfa79885-47f6-40b9-a2a8-e3621b71b00e,2022-08-14 13:00:00+00,2024-08-31 14:00:00+00
15a27285-1e19-4e00-970d-f2ca8c65d987,298e371c-41d1-497f-b9af-fd2deed6562c,2024-08-31 14:00:00+00,2025-08-16 14:00:00+00
15a27285-1e19-4e00-970d-f2ca8c65d987,bfa79885-47f6-40b9-a2a8-e3621b71b00e,2025-08-16 14:00:00+00,2026-08-22 00:00:00+00
1a6336d2-5c95-42e9-aef2-3500c474ac39,1bbfff09-22e6-4971-a0fd-023e99c73df0,2026-05-10 13:00:00+00,2026-08-22 00:00:00+00
2760c840-5e6f-4b46-87b3-889c2556c5e4,298e371c-41d1-497f-b9af-fd2deed6562c,2023-05-28 15:30:00+00,2026-08-22 00:00:00+00
28f0d67c-3eee-4d55-b744-c63484af671b,83b99f75-b3a6-4f41-8f23-9b571d69e375,2020-09-27 18:00:00+00,2026-08-22 00:00:00+00
2b71ec62-c2bf-4ac3-99ab-166c358d7904,00f7a08d-8096-49b3-839a-b438b1158e01,2020-09-12 11:30:00+00,2021-08-15 13:00:00+00
2b71ec62-c2bf-4ac3-99ab-166c358d7904,bfa79885-47f6-40b9-a2a8-e3621b71b00e,2021-08-15 13:00:00+00,2026-08-22 00:00:00+00
2c539cb7-0919-4d3d-9446-d2d5d7f33f9c,83b99f75-b3a6-4f41-8f23-9b571d69e375,2025-01-15 19:30:00+00,2026-08-22 00:00:00+00
2d43fc58-918d-4162-ab81-ca56878f2e46,e5c8cbe9-e464-412a-8498-71d0771063a1,2024-03-09 12:30:00+00,2026-08-22 00:00:00+00
2dd27713-180e-4968-9181-39e5436553d5,6ea6e724-cd4d-44de-a150-b80147978e68,2022-09-04 13:00:00+00,2026-08-22 00:00:00+00
2f0ea22d-f760-4599-a623-60f4e3be22f1,e5c8cbe9-e464-412a-8498-71d0771063a1,2021-01-27 20:15:00+00,
320fe051-d0b5-4c7d-984b-d719a2196470,c36859ee-41f5-4436-b074-52bf466bd03c,2016-08-13 14:00:00+00,2022-01-15 15:00:00+00
320fe051-d0b5-4c7d-984b-d719a2196470,2415f952-0e39-45fa-8b3d-7174113bc844,2022-01-15 15:00:00+00,2026-08-22 00:00:00+00
33d26514-c254-46a5-a204-3edc654ad7a1,fb3fd3a3-f72f-4bb0-8430-d03c65fc42e4,2026-03-14 15:00:00+00,2026-08-22 00:00:00+00
391904fa-ad1d-4b28-9d9a-6dd11809b9e5,88bd03e8-2c07-4b80-943d-168273bf11d8,2025-08-25 19:00:00+00,
39590410-de16-4719-b2db-e4bd707cfaa1,88bd03e8-2c07-4b80-943d-168273bf11d8,2023-08-13 15:30:00+00,
413566b4-ae82-4c80-aa8e-6885f89b0d3a,88bd03e8-2c07-4b80-943d-168273bf11d8,2020-10-24 19:00:00+00,2026-08-22 00:00:00+00
43614d52-643f-4896-bb81-935141b2adf1,807d15a6-48f7-45cb-9c7d-d765dec9ef0c,2024-08-17 11:30:00+00,
47b4493f-b6d6-4ad3-994f-85fff1906e2e,807d15a6-48f7-45cb-9c7d-d765dec9ef0c,2024-08-17 11:30:00+00,2026-08-22 00:00:00+00
4972db25-bc19-4ce4-b020-4f5a57e3cd90,1f0aeb7b-4ade-4beb-9842-a9fe08d61bdb,2025-01-25 17:30:00+00,2026-08-22 00:00:00+00
4acb2de8-282d-41a8-9184-ef6a36d9c1ff,83b99f75-b3a6-4f41-8f23-9b571d69e375,2024-08-17 14:00:00+00,2026-08-22 00:00:00+00
4c6a6f18-c1ea-455d-954f-c922e26a2530,88bd03e8-2c07-4b80-943d-168273bf11d8,2022-08-06 11:30:00+00,
4db6e7c9-53f0-477b-8730-d48f073fd549,8350ce70-d89b-4e0a-a5f0-1bea417647b8,2024-08-17 16:30:00+00,2026-08-22 00:00:00+00
4e88efdd-64b0-46e7-a45c-243bdff94aca,6ea6e724-cd4d-44de-a150-b80147978e68,2024-08-31 14:00:00+00,2026-08-22 00:00:00+00
4ebbd927-7869-42c7-a226-2ad79d9f6b61,83b99f75-b3a6-4f41-8f23-9b571d69e375,2021-09-11 14:00:00+00,2026-08-22 00:00:00+00
5dfc3e0c-26d2-47c0-b444-42500f664a8c,362fd116-c81c-454a-bbbf-9224362fbaf7,2025-08-17 15:30:00+00,
634e753c-4227-4caf-b615-3f2d349785f9,30d953db-392e-45e9-a514-036a7f00c912,2021-09-11 14:00:00+00,2022-08-06 16:30:00+00
634e753c-4227-4caf-b615-3f2d349785f9,bc07075d-b661-4e83-8d89-594f6969f966,2022-08-06 16:30:00+00,2026-08-22 00:00:00+00
64b1a57c-753c-4b0e-9c5f-86bbaaa374a4,88bd03e8-2c07-4b80-943d-168273bf11d8,2025-08-15 19:00:00+00,
66e81d3a-1171-4863-85cf-631953b28472,8350ce70-d89b-4e0a-a5f0-1bea417647b8,2021-02-21 14:05:00+00,2022-08-06 16:30:00+00
66e81d3a-1171-4863-85cf-631953b28472,bc07075d-b661-4e83-8d89-594f6969f966,2022-08-06 16:30:00+00,2026-08-22 00:00:00+00
673743f6-2b57-4f2d-b024-440a9e0f77ce,c36859ee-41f5-4436-b074-52bf466bd03c,2016-08-13 14:00:00+00,2022-02-09 19:45:00+00
673743f6-2b57-4f2d-b024-440a9e0f77ce,312de382-16d0-4709-a1a2-5b3836e371d6,2022-02-09 19:45:00+00,2022-08-07 13:00:00+00
673743f6-2b57-4f2d-b024-440a9e0f77ce,e5c8cbe9-e464-412a-8498-71d0771063a1,2022-08-07 13:00:00+00,2026-08-22 00:00:00+00
67813629-ed25-456c-b9b0-7e930f1bdc21,4fb06250-6389-4868-9248-1434356257be,2017-03-18 17:30:00+00,2021-09-13 19:00:00+00
67813629-ed25-456c-b9b0-7e930f1bdc21,400ce689-140a-4090-a2b3-9f1efcf49197,2021-09-13 19:00:00+00,2026-08-22 00:00:00+00
6c23d615-5f8e-4b9e-9c94-ce4a37ac31be,fb3fd3a3-f72f-4bb0-8430-d03c65fc42e4,2025-08-16 14:00:00+00,
6d83c22b-4afc-4ee6-955a-39c3ef6b207e,fbfe564e-8109-41b8-a949-f7efc0f209b5,2025-01-25 15:00:00+00,2026-08-22 00:00:00+00
703cf6e8-6b6f-43e6-bb9e-10415ec3bc79,bc07075d-b661-4e83-8d89-594f6969f966,2025-08-17 13:00:00+00,
7958aac6-8834-478e-8351-fcad78301d6d,e5c8cbe9-e464-412a-8498-71d0771063a1,2017-04-30 11:00:00+00,2026-08-22 00:00:00+00
7b5cc5b5-7aae-4a8d-9ed1-e567f802cc6a,bc07075d-b661-4e83-8d89-594f6969f966,2017-10-21 11:30:00+00,2020-09-14 17:00:00+00
7b5cc5b5-7aae-4a8d-9ed1-e567f802cc6a,adedb695-f98a-4e53-b340-353d00ce7c52,2020-09-14 17:00:00+00,2021-08-14 14:00:00+00
7b5cc5b5-7aae-4a8d-9ed1-e567f802cc6a,bc07075d-b661-4e83-8d89-594f6969f966,2021-08-14 14:00:00+00,2025-08-18 19:00:00+00
7b5cc5b5-7aae-4a8d-9ed1-e567f802cc6a,6c53158c-9b35-43be-8924-e380139e75f2,2025-08-18 19:00:00+00,
7dae3789-efe3-4b18-8337-da34318d94f5,312de382-16d0-4709-a1a2-5b3836e371d6,2026-03-21 20:00:00+00,2026-08-22 00:00:00+00
843cf64a-f080-4263-a120-b1ac926e7d15,298e371c-41d1-497f-b9af-fd2deed6562c,2025-01-16 20:00:00+00,2026-08-22 00:00:00+00
8702ee2f-195f-4cb2-b2af-95159eaa74d8,30d953db-392e-45e9-a514-036a7f00c912,2020-09-14 19:15:00+00,2021-08-13 19:00:00+00
8702ee2f-195f-4cb2-b2af-95159eaa74d8,362fd116-c81c-454a-bbbf-9224362fbaf7,2021-08-13 19:00:00+00,
8c7bb2a4-d4c5-4db8-9de0-f28ada45b0ba,1bbfff09-22e6-4971-a0fd-023e99c73df0,2022-08-06 14:00:00+00,2026-08-22 00:00:00+00
93439586-35e5-42ba-87fc-18707d455db5,fbfe564e-8109-41b8-a949-f7efc0f209b5,2023-12-16 17:30:00+00,2026-08-22 00:00:00+00
9479d02e-1326-4a32-a3a0-3517f858eeb2,00f2aba7-b2c2-41d9-bfb6-d699954d00c4,2016-08-13 14:00:00+00,2020-10-24 14:00:00+00
9479d02e-1326-4a32-a3a0-3517f858eeb2,553e758c-d6be-4a04-8016-6d3e9c1ef7d5,2020-10-24 14:00:00+00,2023-01-14 12:30:00+00
9479d02e-1326-4a32-a3a0-3517f858eeb2,e5c8cbe9-e464-412a-8498-71d0771063a1,2023-01-14 12:30:00+00,
9845f271-6a65-4739-b337-4358823c2b28,bc07075d-b661-4e83-8d89-594f6969f966,2023-08-13 15:30:00+00,
9d100761-36fa-4c80-91ee-fa247d9a415b,e5c8cbe9-e464-412a-8498-71d0771063a1,2017-04-01 14:00:00+00,2021-08-14 14:00:00+00
9d100761-36fa-4c80-91ee-fa247d9a415b,8350ce70-d89b-4e0a-a5f0-1bea417647b8,2021-08-14 14:00:00+00,2022-01-15 17:30:00+00
9d100761-36fa-4c80-91ee-fa247d9a415b,e5c8cbe9-e464-412a-8498-71d0771063a1,2022-01-15 17:30:00+00,2024-08-17 11:30:00+00
9d100761-36fa-4c80-91ee-fa247d9a415b,807d15a6-48f7-45cb-9c7d-d765dec9ef0c,2024-08-17 11:30:00+00,2025-08-16 14:00:00+00
9d100761-36fa-4c80-91ee-fa247d9a415b,400ce689-140a-4090-a2b3-9f1efcf49197,2025-08-16 14:00:00+00,2026-08-22 00:00:00+00
9f3cd734-cb60-4861-bcef-5f31aa336b54,6c53158c-9b35-43be-8924-e380139e75f2,2023-01-22 14:00:00+00,2024-08-24 11:30:00+00
9f3cd734-cb60-4861-bcef-5f31aa336b54,30d953db-392e-45e9-a514-036a7f00c912,2024-08-24 11:30:00+00,
a4550d4e-f6f6-4bc2-ba98-59bb9d17b54b,8350ce70-d89b-4e0a-a5f0-1bea417647b8,2025-08-23 14:00:00+00,2026-08-22 00:00:00+00
a8dc9e82-f136-46ca-add6-dd8d3f7181e1,4bc42e2a-a630-47d5-95b3-21e67deba946,2022-08-06 14:00:00+00,
af5e5726-fb1e-4fdb-8879-a28afd3dde17,362fd116-c81c-454a-bbbf-9224362fbaf7,2022-08-05 19:00:00+00,2023-08-12 12:00:00+00
af5e5726-fb1e-4fdb-8879-a28afd3dde17,1bbfff09-22e6-4971-a0fd-023e99c73df0,2023-08-12 12:00:00+00,2024-09-01 12:30:00+00
af5e5726-fb1e-4fdb-8879-a28afd3dde17,553e758c-d6be-4a04-8016-6d3e9c1ef7d5,2024-09-01 12:30:00+00,2025-08-17 13:00:00+00
af5e5726-fb1e-4fdb-8879-a28afd3dde17,1bbfff09-22e6-4971-a0fd-023e99c73df0,2025-08-17 13:00:00+00,2026-08-22 00:00:00+00
b0c2ffa6-b285-425b-8eb2-c9f652427eb3,00f7a08d-8096-49b3-839a-b438b1158e01,2024-08-16 19:00:00+00,
b6732bbc-09ba-4c3e-a535-861fd96488bc,1bbfff09-22e6-4971-a0fd-023e99c73df0,2023-09-18 18:45:00+00,2024-08-17 14:00:00+00
b6732bbc-09ba-4c3e-a535-861fd96488bc,2415f952-0e39-45fa-8b3d-7174113bc844,2024-08-17 14:00:00+00,2026-08-22 00:00:00+00
b917d372-2d17-444e-8384-8d2a9e5f8453,312de382-16d0-4709-a1a2-5b3836e371d6,2021-08-13 19:00:00+00,2025-09-13 14:00:00+00
b917d372-2d17-444e-8384-8d2a9e5f8453,2415f952-0e39-45fa-8b3d-7174113bc844,2025-09-13 14:00:00+00,
b93ca236-804e-4f10-b605-353e9f3efadb,88bd03e8-2c07-4b80-943d-168273bf11d8,2025-01-25 15:00:00+00,2026-08-22 00:00:00+00
bbbc56f9-32e4-49c6-9feb-a3468e1c684f,fb3fd3a3-f72f-4bb0-8430-d03c65fc42e4,2025-08-16 14:00:00+00,
bec0f8f2-2df7-40e7-87e2-c25495599010,2415f952-0e39-45fa-8b3d-7174113bc844,2017-08-13 12:30:00+00,2026-08-22 00:00:00+00
c12cb1c2-69c1-491d-9f1a-4ff3114525e8,c36859ee-41f5-4436-b074-52bf466bd03c,2025-02-02 14:00:00+00,2026-08-22 00:00:00+00
c2d6123b-73fb-4d00-8e17-10e665a4d3a3,362fd116-c81c-454a-bbbf-9224362fbaf7,2022-08-05 19:00:00+00,
c3d3ae83-1510-42da-9233-2f411397d2cf,6ea6e724-cd4d-44de-a150-b80147978e68,2024-08-19 19:00:00+00,2025-08-16 14:00:00+00
c3d3ae83-1510-42da-9233-2f411397d2cf,bfa79885-47f6-40b9-a2a8-e3621b71b00e,2025-08-16 14:00:00+00,2026-08-22 00:00:00+00
c4815505-10e4-4202-9b11-259a19ba8117,88bd03e8-2c07-4b80-943d-168273bf11d8,2021-10-30 14:00:00+00,2026-08-22 00:00:00+00
c6e7ac73-23b7-4259-8695-c7198c3c43cc,88bd03e8-2c07-4b80-943d-168273bf11d8,2022-08-06 11:30:00+00,2024-08-25 15:30:00+00
c6e7ac73-23b7-4259-8695-c7198c3c43cc,312de382-16d0-4709-a1a2-5b3836e371d6,2024-08-25 15:30:00+00,
c8bc0bf8-aed5-4963-af17-198388b65073,bc07075d-b661-4e83-8d89-594f6969f966,2024-08-18 15:30:00+00,2026-08-22 00:00:00+00
ce62388b-1e0c-4716-9ef9-f66df6b5afd5,8350ce70-d89b-4e0a-a5f0-1bea417647b8,2024-11-23 15:00:00+00,2026-08-22 00:00:00+00
cf80e7b0-25b9-4d55-9db8-470f50abcefb,c36859ee-41f5-4436-b074-52bf466bd03c,2020-09-27 13:00:00+00,2023-09-03 15:30:00+00
cf80e7b0-25b9-4d55-9db8-470f50abcefb,e5c8cbe9-e464-412a-8498-71d0771063a1,2023-09-03 15:30:00+00,2024-01-20 17:30:00+00
cf80e7b0-25b9-4d55-9db8-470f50abcefb,312de382-16d0-4709-a1a2-5b3836e371d6,2024-01-20 17:30:00+00,2024-08-19 19:00:00+00
cf80e7b0-25b9-4d55-9db8-470f50abcefb,c36859ee-41f5-4436-b074-52bf466bd03c,2024-08-19 19:00:00+00,2026-08-22 00:00:00+00
d12ed8ab-4e09-4a9f-afac-9dcd9501a86b,00f2aba7-b2c2-41d9-bfb6-d699954d00c4,2017-09-23 14:00:00+00,2023-02-04 15:00:00+00
d12ed8ab-4e09-4a9f-afac-9dcd9501a86b,6ea6e724-cd4d-44de-a150-b80147978e68,2023-02-04 15:00:00+00,2026-08-22 00:00:00+00
d5cb588c-3883-4914-9792-2868f506396e,312de382-16d0-4709-a1a2-5b3836e371d6,2021-08-13 19:00:00+00,2026-08-22 00:00:00+00
dd74e658-57fa-4e99-ac94-889f064764fa,83b99f75-b3a6-4f41-8f23-9b571d69e375,2018-12-26 12:30:00+00,2024-08-17 16:30:00+00
dd74e658-57fa-4e99-ac94-889f064764fa,bfa79885-47f6-40b9-a2a8-e3621b71b00e,2024-08-17 16:30:00+00,2026-08-22 00:00:00+00
e102e6cf-97e9-42b1-854a-56adc897ff0f,fb3fd3a3-f72f-4bb0-8430-d03c65fc42e4,2025-08-16 14:00:00+00,
e4fbf4d6-591b-41f2-8ad4-11bced1b83dc,00f7a08d-8096-49b3-839a-b438b1158e01,2022-08-06 11:30:00+00,2026-08-22 00:00:00+00
e560e6c4-b226-4e09-9305-e0f0f89ec7c8,bfa79885-47f6-40b9-a2a8-e3621b71b00e,2016-08-15 19:00:00+00,2025-08-16 14:00:00+00
e560e6c4-b226-4e09-9305-e0f0f89ec7c8,fb3fd3a3-f72f-4bb0-8430-d03c65fc42e4,2025-08-16 14:00:00+00,
e7dee554-60cc-4615-8474-50c260ae95ef,83b99f75-b3a6-4f41-8f23-9b571d69e375,2020-09-27 18:00:00+00,2026-08-22 00:00:00+00
eef2d3d9-a0d2-45a7-982a-8f1018845250,fbfe564e-8109-41b8-a949-f7efc0f209b5,2020-11-01 14:00:00+00,
f40d8384-4acc-4821-bd89-10a1474e0227,fb3fd3a3-f72f-4bb0-8430-d03c65fc42e4,2026-02-07 15:00:00+00,
fe136669-0afc-44f9-9800-1193f7670ceb,1f0aeb7b-4ade-4beb-9842-a9fe08d61bdb,2016-08-13 16:30:00+00,2022-08-06 16:30:00+00
fe136669-0afc-44f9-9800-1193f7670ceb,bc07075d-b661-4e83-8d89-594f6969f966,2022-08-06 16:30:00+00,2024-08-31 11:30:00+00
fe136669-0afc-44f9-9800-1193f7670ceb,362fd116-c81c-454a-bbbf-9224362fbaf7,2024-08-31 11:30:00+00,2026-08-22 00:00:00+00
00feecc2-b82f-4759-a986-d8c283132ebb,83b99f75-b3a6-4f41-8f23-9b571d69e375,2024-08-17 14:00:00+00,2026-08-22 00:00:00+00
09ac0f9f-da53-4612-b17d-c91969bc0623,fbfe564e-8109-41b8-a949-f7efc0f209b5,2024-08-24 14:00:00+00,2026-08-22 00:00:00+00
0be15e13-8da5-483c-a42e-ff087947359d,553e758c-d6be-4a04-8016-6d3e9c1ef7d5,2021-04-10 16:30:00+00,
0be24c77-a34a-4723-a43a-b959d525f313,6c53158c-9b35-43be-8924-e380139e75f2,2025-08-18 19:00:00+00,
1612fa1c-cb9b-4980-837e-d768f86b0886,30d953db-392e-45e9-a514-036a7f00c912,2023-08-12 14:00:00+00,2025-08-16 14:00:00+00
1612fa1c-cb9b-4980-837e-d768f86b0886,fb3fd3a3-f72f-4bb0-8430-d03c65fc42e4,2025-08-16 14:00:00+00,
18518340-c700-4515-a0b4-90b371a9686e,bc07075d-b661-4e83-8d89-594f6969f966,2018-08-11 14:00:00+00,2023-08-11 19:00:00+00
18518340-c700-4515-a0b4-90b371a9686e,1f0aeb7b-4ade-4beb-9842-a9fe08d61bdb,2023-08-11 19:00:00+00,
1b54ff2c-d9c9-4a82-95b1-83e795a5883e,807d15a6-48f7-45cb-9c7d-d765dec9ef0c,2024-08-17 11:30:00+00,2026-08-22 00:00:00+00
2113ea99-01a3-4d0f-ab90-8cf8d7a22b52,88bd03e8-2c07-4b80-943d-168273bf11d8,2024-09-21 14:00:00+00,
22917443-6744-4177-bcf2-288cc523b2d4,00f7a08d-8096-49b3-839a-b438b1158e01,2025-01-26 19:00:00+00,2026-08-22 00:00:00+00
2314bccb-dc23-4fe5-815c-e30d5e6f69cf,298e371c-41d1-497f-b9af-fd2deed6562c,2018-08-12 12:30:00+00,2021-08-14 14:00:00+00
2314bccb-dc23-4fe5-815c-e30d5e6f69cf,6ea6e724-cd4d-44de-a150-b80147978e68,2021-08-14 14:00:00+00,2026-08-22 00:00:00+00
2367f968-80af-48da-99cc-896d8e179fc2,83b99f75-b3a6-4f41-8f23-9b571d69e375,2020-09-14 17:00:00+00,2026-08-22 00:00:00+00
440cb15b-01cb-471a-a5d8-92ce0759188d,1bbfff09-22e6-4971-a0fd-023e99c73df0,2025-09-13 11:30:00+00,
44fe132a-5fa0-4510-9433-1457a994a5a8,6c53158c-9b35-43be-8924-e380139e75f2,2025-08-18 19:00:00+00,
4711c6c7-796d-4590-8718-5c0c137bf953,fb3fd3a3-f72f-4bb0-8430-d03c65fc42e4,2025-08-16 14:00:00+00,2026-08-22 00:00:00+00
49b2de31-efe5-4781-8658-8ef59262a45d,fbfe564e-8109-41b8-a949-f7efc0f209b5,2025-08-18 19:00:00+00,
4bca5822-74d2-4237-a2ee-0de9bd1aa8fb,298e371c-41d1-497f-b9af-fd2deed6562c,2025-01-16 20:00:00+00,2026-08-22 00:00:00+00
5475cca1-baf6-4309-a30c-584b716f39d2,1bbfff09-22e6-4971-a0fd-023e99c73df0,2026-02-01 14:00:00+00,2026-08-22 00:00:00+00
55276dfb-832f-427c-a193-450715bf5569,8350ce70-d89b-4e0a-a5f0-1bea417647b8,2023-04-15 11:30:00+00,2026-08-22 00:00:00+00
56fbd80c-25cf-49fc-a56c-05a17c1e73b7,bc07075d-b661-4e83-8d89-594f6969f966,2023-01-05 20:00:00+00,2024-01-31 19:30:00+00
56fbd80c-25cf-49fc-a56c-05a17c1e73b7,400ce689-140a-4090-a2b3-9f1efcf49197,2024-01-31 19:30:00+00,2024-08-18 15:30:00+00
56fbd80c-25cf-49fc-a56c-05a17c1e73b7,bc07075d-b661-4e83-8d89-594f6969f966,2024-08-18 15:30:00+00,2026-08-22 00:00:00+00
5daf2c6c-97ba-41a1-96ae-09570f44f903,30d953db-392e-45e9-a514-036a7f00c912,2023-04-15 14:00:00+00,2026-08-22 00:00:00+00
61fd040a-2a9b-4046-bf92-682d3b5ee405,fbfe564e-8109-41b8-a949-f7efc0f209b5,2021-01-27 20:15:00+00,2026-08-22 00:00:00+00
626c564d-91fd-4d3a-aa2f-067cb4e55a0e,1f0aeb7b-4ade-4beb-9842-a9fe08d61bdb,2021-10-16 14:00:00+00,2024-08-17 11:30:00+00
626c564d-91fd-4d3a-aa2f-067cb4e55a0e,807d15a6-48f7-45cb-9c7d-d765dec9ef0c,2024-08-17 11:30:00+00,2026-08-22 00:00:00+00
6ccd22a5-35fa-45f0-8bb0-1fe3f642daf9,4bc42e2a-a630-47d5-95b3-21e67deba946,2016-08-14 12:30:00+00,
72f5b96e-a3fb-4ce0-9e0d-7e682c23055d,bc07075d-b661-4e83-8d89-594f6969f966,2024-12-15 19:00:00+00,2026-08-22 00:00:00+00
78b25f86-58fe-4875-b7a0-38e71d54ad53,6809cae2-8277-4d7a-a00c-ead4afe20192,2020-01-12 14:00:00+00,2023-08-12 14:00:00+00
78b25f86-58fe-4875-b7a0-38e71d54ad53,30d953db-392e-45e9-a514-036a7f00c912,2023-08-12 14:00:00+00,2025-08-17 13:00:00+00
78b25f86-58fe-4875-b7a0-38e71d54ad53,bc07075d-b661-4e83-8d89-594f6969f966,2025-08-17 13:00:00+00,
7cfd35dd-1d68-4835-9e22-170717faf66c,312de382-16d0-4709-a1a2-5b3836e371d6,2023-08-26 14:00:00+00,2026-08-22 00:00:00+00
7f9fcb74-c154-403d-bf02-0acda41108fa,553e758c-d6be-4a04-8016-6d3e9c1ef7d5,2025-01-26 14:00:00+00,2026-08-22 00:00:00+00
7faf460c-8585-4cd3-9c2b-0529b074b7a8,83b99f75-b3a6-4f41-8f23-9b571d69e375,2024-09-15 15:30:00+00,2026-08-22 00:00:00+00
8e605721-6cde-4dac-8b83-eff0db4372f1,e5c8cbe9-e464-412a-8498-71d0771063a1,2023-08-14 19:00:00+00,2026-08-22 00:00:00+00
8f24ce04-4a4b-4faa-a0c3-0ecb9e6a6d2c,bc07075d-b661-4e83-8d89-594f6969f966,2019-08-11 15:30:00+00,
90e55f29-eaf3-45ba-b6d3-9f50aa3d550f,30d953db-392e-45e9-a514-036a7f00c912,2023-01-03 19:45:00+00,2024-08-19 19:00:00+00
90e55f29-eaf3-45ba-b6d3-9f50aa3d550f,6ea6e724-cd4d-44de-a150-b80147978e68,2024-08-19 19:00:00+00,2025-08-16 14:00:00+00
90e55f29-eaf3-45ba-b6d3-9f50aa3d550f,30d953db-392e-45e9-a514-036a7f00c912,2025-08-16 14:00:00+00,2025-09-13 19:00:00+00
90e55f29-eaf3-45ba-b6d3-9f50aa3d550f,bc07075d-b661-4e83-8d89-594f6969f966,2025-09-13 19:00:00+00,2026-01-17 15:00:00+00
90e55f29-eaf3-45ba-b6d3-9f50aa3d550f,6c53158c-9b35-43be-8924-e380139e75f2,2026-01-17 15:00:00+00,
948b65ef-e9d3-403a-87af-0473b44c428d,1f0aeb7b-4ade-4beb-9842-a9fe08d61bdb,2025-09-14 15:30:00+00,2026-08-22 00:00:00+00
954cea21-640d-4ae9-80ba-685f406277dc,30d953db-392e-45e9-a514-036a7f00c912,2022-08-07 13:00:00+00,
99f870a9-636c-448f-b815-32781c98a884,1bbfff09-22e6-4971-a0fd-023e99c73df0,2026-02-06 20:00:00+00,
9ddeea34-afa6-43b2-9718-40ac87c1da54,88bd03e8-2c07-4b80-943d-168273bf11d8,2022-08-06 11:30:00+00,2026-08-22 00:00:00+00
9f5c0372-965f-4c09-a409-48c6e1ba28fa,bc07075d-b661-4e83-8d89-594f6969f966,2023-08-13 15:30:00+00,2024-08-17 16:30:00+00
9f5c0372-965f-4c09-a409-48c6e1ba28fa,8350ce70-d89b-4e0a-a5f0-1bea417647b8,2024-08-17 16:30:00+00,
a106c077-5b59-42d2-97d3-d938b4530fd4,bc07075d-b661-4e83-8d89-594f6969f966,2023-08-13 15:30:00+00,2025-02-15 15:00:00+00
a106c077-5b59-42d2-97d3-d938b4530fd4,8350ce70-d89b-4e0a-a5f0-1bea417647b8,2025-02-15 15:00:00+00,2026-02-07 15:00:00+00
a106c077-5b59-42d2-97d3-d938b4530fd4,bfa79885-47f6-40b9-a2a8-e3621b71b00e,2026-02-07 15:00:00+00,
a78de008-6ea6-4db6-88fc-94b74016f042,6c53158c-9b35-43be-8924-e380139e75f2,2025-08-18 19:00:00+00,2026-08-22 00:00:00+00
a7c6ea10-4548-4496-be01-8385d6b36d66,312de382-16d0-4709-a1a2-5b3836e371d6,2023-10-21 14:00:00+00,
a9551960-d7f9-4af5-848c-cb5e73d73e6b,00f7a08d-8096-49b3-839a-b438b1158e01,2023-02-03 20:00:00+00,
ad3900af-fef7-4545-99c0-dc7158e97e3a,e5c8cbe9-e464-412a-8498-71d0771063a1,2024-04-13 16:30:00+00,2026-08-22 00:00:00+00
b2f42ff2-77b6-4839-85b2-b21d29529489,553e758c-d6be-4a04-8016-6d3e9c1ef7d5,2022-08-27 14:00:00+00,2026-08-22 00:00:00+00
b340a5b0-42ae-4f2a-8096-1b227edae50a,2415f952-0e39-45fa-8b3d-7174113bc844,2020-11-27 20:00:00+00,2024-08-17 14:00:00+00
b340a5b0-42ae-4f2a-8096-1b227edae50a,1bbfff09-22e6-4971-a0fd-023e99c73df0,2024-08-17 14:00:00+00,
c2376744-d688-4b78-8331-b916fe78d2d4,e5c8cbe9-e464-412a-8498-71d0771063a1,2021-05-23 15:00:00+00,2025-08-16 14:00:00+00
c2376744-d688-4b78-8331-b916fe78d2d4,400ce689-140a-4090-a2b3-9f1efcf49197,2025-08-16 14:00:00+00,2026-08-22 00:00:00+00
c291d224-8f96-4a24-b524-cd665cdab83a,2415f952-0e39-45fa-8b3d-7174113bc844,2018-02-04 14:15:00+00,2022-09-04 15:30:00+00
c291d224-8f96-4a24-b524-cd665cdab83a,e5c8cbe9-e464-412a-8498-71d0771063a1,2022-09-04 15:30:00+00,2023-01-03 19:45:00+00
c291d224-8f96-4a24-b524-cd665cdab83a,2415f952-0e39-45fa-8b3d-7174113bc844,2023-01-03 19:45:00+00,2025-08-16 14:00:00+00
c291d224-8f96-4a24-b524-cd665cdab83a,400ce689-140a-4090-a2b3-9f1efcf49197,2025-08-16 14:00:00+00,
c5a0cc29-169d-4cbd-944d-d512efd6110f,30d953db-392e-45e9-a514-036a7f00c912,2025-01-25 15:00:00+00,2026-08-22 00:00:00+00
c5cedf3c-3401-4c4a-b95a-74dcf8a51156,bfa79885-47f6-40b9-a2a8-e3621b71b00e,2017-12-03 16:00:00+00,2024-08-17 11:30:00+00
c5cedf3c-3401-4c4a-b95a-74dcf8a51156,807d15a6-48f7-45cb-9c7d-d765dec9ef0c,2024-08-17 11:30:00+00,
cbf71d01-10fb-4ac6-9c80-58557bb4347e,298e371c-41d1-497f-b9af-fd2deed6562c,2021-08-14 14:00:00+00,2022-08-06 16:30:00+00
cbf71d01-10fb-4ac6-9c80-58557bb4347e,bc07075d-b661-4e83-8d89-594f6969f966,2022-08-06 16:30:00+00,2024-02-03 15:00:00+00
cbf71d01-10fb-4ac6-9c80-58557bb4347e,00f7a08d-8096-49b3-839a-b438b1158e01,2024-02-03 15:00:00+00,2024-08-18 15:30:00+00
cbf71d01-10fb-4ac6-9c80-58557bb4347e,bc07075d-b661-4e83-8d89-594f6969f966,2024-08-18 15:30:00+00,2024-08-31 14:00:00+00
cbf71d01-10fb-4ac6-9c80-58557bb4347e,fbfe564e-8109-41b8-a949-f7efc0f209b5,2024-08-31 14:00:00+00,2025-08-16 14:00:00+00
cbf71d01-10fb-4ac6-9c80-58557bb4347e,400ce689-140a-4090-a2b3-9f1efcf49197,2025-08-16 14:00:00+00,2026-08-22 00:00:00+00
cd5c57a2-8d24-4b10-9104-d67f8b87f85a,fbfe564e-8109-41b8-a949-f7efc0f209b5,2021-09-25 14:00:00+00,2024-08-17 16:30:00+00
cd5c57a2-8d24-4b10-9104-d67f8b87f85a,8350ce70-d89b-4e0a-a5f0-1bea417647b8,2024-08-17 16:30:00+00,2026-08-22 00:00:00+00
ce96ad9b-997d-46d3-a93d-4cb784f16ad1,88bd03e8-2c07-4b80-943d-168273bf11d8,2016-08-14 15:00:00+00,2025-08-17 13:00:00+00
ce96ad9b-997d-46d3-a93d-4cb784f16ad1,312de382-16d0-4709-a1a2-5b3836e371d6,2025-08-17 13:00:00+00,
d11092d2-02a1-483d-8581-ce070c6c41d9,bfa79885-47f6-40b9-a2a8-e3621b71b00e,2024-08-17 16:30:00+00,2026-08-22 00:00:00+00
d84b9e5b-c325-4493-a7f0-508cdb7eff97,83b99f75-b3a6-4f41-8f23-9b571d69e375,2025-12-20 15:00:00+00,2026-08-22 00:00:00+00
e14a60b0-c5c3-482d-9b61-01d92aeaaef5,fb3fd3a3-f72f-4bb0-8430-d03c65fc42e4,2016-08-13 16:30:00+00,2017-08-12 14:00:00+00
e14a60b0-c5c3-482d-9b61-01d92aeaaef5,fbfe564e-8109-41b8-a949-f7efc0f209b5,2017-08-12 14:00:00+00,
eb3d8a2a-7b37-4016-9290-68b9cccc21ec,362fd116-c81c-454a-bbbf-9224362fbaf7,2024-09-15 13:00:00+00,2026-08-22 00:00:00+00
f67b8250-dee9-4e16-9acc-b8eb04a75bd6,e5c8cbe9-e464-412a-8498-71d0771063a1,2024-08-16 19:00:00+00,
fae871db-f1d1-46cb-9a37-a68b23418fa7,312de382-16d0-4709-a1a2-5b3836e371d6,2025-02-02 14:00:00+00,2026-08-22 00:00:00+00
fee4cf1a-2a8c-4969-a885-180b70984428,298e371c-41d1-497f-b9af-fd2deed6562c,2024-08-17 14:00:00+00,2026-08-22 00:00:00+00
ff3ae152-e9fa-4768-a059-853e3e482bc3,83b99f75-b3a6-4f41-8f23-9b571d69e375,2022-08-20 11:30:00+00,2023-09-02 14:00:00+00
ff3ae152-e9fa-4768-a059-853e3e482bc3,1f0aeb7b-4ade-4beb-9842-a9fe08d61bdb,2023-09-02 14:00:00+00,
ff5ce571-a1e3-41d5-b275-b30305063708,e5c8cbe9-e464-412a-8498-71d0771063a1,2025-12-21 16:30:00+00,
00b52884-4ac1-4ef9-aa10-735b1f7d561a,362fd116-c81c-454a-bbbf-9224362fbaf7,2023-08-12 12:00:00+00,
0479f281-b698-4aba-ac40-86fedaa3eddf,298e371c-41d1-497f-b9af-fd2deed6562c,2016-08-13 14:00:00+00,2020-09-12 11:30:00+00
0479f281-b698-4aba-ac40-86fedaa3eddf,00f7a08d-8096-49b3-839a-b438b1158e01,2020-09-12 11:30:00+00,
068b1f72-1d9f-4053-8da4-1f5f9db3d9ca,fb3fd3a3-f72f-4bb0-8430-d03c65fc42e4,2025-08-16 14:00:00+00,2026-08-22 00:00:00+00
0b7d0441-160a-4c1b-84bb-e6cea29184b5,312de382-16d0-4709-a1a2-5b3836e371d6,2025-08-17 13:00:00+00,2026-08-22 00:00:00+00
0d8faf78-acfd-472f-8579-f67546f00094,83b99f75-b3a6-4f41-8f23-9b571d69e375,2024-08-17 14:00:00+00,2026-02-02 00:00:00+00
0d8faf78-acfd-472f-8579-f67546f00094,553e758c-d6be-4a04-8016-6d3e9c1ef7d5,2026-02-02 00:00:00+00,
0f18b700-59c1-408d-bebb-69524169d4a4,4bc42e2a-a630-47d5-95b3-21e67deba946,2019-05-04 11:30:00+00,2025-08-18 19:00:00+00
0f18b700-59c1-408d-bebb-69524169d4a4,fbfe564e-8109-41b8-a949-f7efc0f209b5,2025-08-18 19:00:00+00,
159841f0-d0bc-4c77-89c1-ff5886c01ec1,c36859ee-41f5-4436-b074-52bf466bd03c,2025-01-15 20:00:00+00,
167d8179-f5d1-401e-b5c3-0db84283bb81,e5c8cbe9-e464-412a-8498-71d0771063a1,2024-11-03 16:30:00+00,2026-08-22 00:00:00+00
1ea6d7fc-080b-4ca4-af8d-d56469226c16,b80f8033-02ba-4cac-aa67-ef90d045f174,2020-09-13 13:00:00+00,2023-08-11 19:00:00+00
1ea6d7fc-080b-4ca4-af8d-d56469226c16,400ce689-140a-4090-a2b3-9f1efcf49197,2023-08-11 19:00:00+00,2024-08-31 14:00:00+00
1ea6d7fc-080b-4ca4-af8d-d56469226c16,807d15a6-48f7-45cb-9c7d-d765dec9ef0c,2024-08-31 14:00:00+00,
231b8d11-0bb6-4103-9619-3733aba936cb,88bd03e8-2c07-4b80-943d-168273bf11d8,2024-03-10 15:45:00+00,2026-08-22 00:00:00+00
23ebccb8-ad0e-46f5-97ba-973a103ec1a4,298e371c-41d1-497f-b9af-fd2deed6562c,2025-01-25 15:00:00+00,2026-08-22 00:00:00+00
2b064b3d-3801-4f5d-b158-269afc136611,c36859ee-41f5-4436-b074-52bf466bd03c,2017-08-13 12:30:00+00,2020-02-01 15:00:00+00
2b064b3d-3801-4f5d-b158-269afc136611,298e371c-41d1-497f-b9af-fd2deed6562c,2020-02-01 15:00:00+00,2025-08-16 14:00:00+00
2b064b3d-3801-4f5d-b158-269afc136611,bfa79885-47f6-40b9-a2a8-e3621b71b00e,2025-08-16 14:00:00+00,2026-08-22 00:00:00+00
2cb1c2d6-7875-4bca-aaf3-f9a0db2e5f2d,83b99f75-b3a6-4f41-8f23-9b571d69e375,2024-08-31 14:00:00+00,2026-08-22 00:00:00+00
3155f865-690c-4281-b00c-fce26e784489,bfa79885-47f6-40b9-a2a8-e3621b71b00e,2023-09-01 19:00:00+00,2025-08-16 14:00:00+00
3155f865-690c-4281-b00c-fce26e784489,c36859ee-41f5-4436-b074-52bf466bd03c,2025-08-16 14:00:00+00,
32a1a749-cbe9-42ad-9092-e85ebfa2d361,e600931e-ff28-4e1f-8da3-ec0513fbfb5f,2017-08-12 14:00:00+00,2019-08-10 14:00:00+00
32a1a749-cbe9-42ad-9092-e85ebfa2d361,4bc42e2a-a630-47d5-95b3-21e67deba946,2019-08-10 14:00:00+00,2026-08-22 00:00:00+00
339b006a-a61c-499f-844e-2c386bcb912e,6c53158c-9b35-43be-8924-e380139e75f2,2026-05-11 19:00:00+00,2026-08-22 00:00:00+00
34fd9fbe-964e-4832-8c52-b64dac780c07,bfa79885-47f6-40b9-a2a8-e3621b71b00e,2024-08-17 16:30:00+00,2026-08-22 00:00:00+00
3ce8a9da-92b0-4f78-aab5-c56fd203b57c,bc07075d-b661-4e83-8d89-594f6969f966,2018-03-04 16:00:00+00,2024-09-14 14:00:00+00
3ce8a9da-92b0-4f78-aab5-c56fd203b57c,553e758c-d6be-4a04-8016-6d3e9c1ef7d5,2024-09-14 14:00:00+00,2025-01-20 20:00:00+00
3ce8a9da-92b0-4f78-aab5-c56fd203b57c,bc07075d-b661-4e83-8d89-594f6969f966,2025-01-20 20:00:00+00,
3e925c5f-199b-4d4d-aef5-84d5aadb479b,6ea6e724-cd4d-44de-a150-b80147978e68,2024-08-19 19:00:00+00,2026-08-22 00:00:00+00
3f65d074-7e83-47f7-9b5e-4c8a429e95ae,30d953db-392e-45e9-a514-036a7f00c912,2023-08-12 14:00:00+00,2026-08-22 00:00:00+00
423e1b12-0219-4921-9347-0631bb645a1c,2415f952-0e39-45fa-8b3d-7174113bc844,2019-08-11 13:00:00+00,
43d10f61-0a63-49f2-9406-cc65de429029,88bd03e8-2c07-4b80-943d-168273bf11d8,2024-09-01 15:00:00+00,
43e9e607-27a0-46a3-8d71-2ced0f01a9fa,400ce689-140a-4090-a2b3-9f1efcf49197,2025-08-16 14:00:00+00,2026-08-22 00:00:00+00
443ab941-638e-4c49-8136-c1ffb4ca1857,fbfe564e-8109-41b8-a949-f7efc0f209b5,2024-08-17 14:00:00+00,2026-08-22 00:00:00+00
46b262ba-a864-4a5c-983b-8287c9e1b2c6,88bd03e8-2c07-4b80-943d-168273bf11d8,2018-04-07 11:30:00+00,
4a01ead9-a90f-4239-81ba-dfabf4f0011a,83b99f75-b3a6-4f41-8f23-9b571d69e375,2025-02-16 14:00:00+00,2026-08-22 00:00:00+00
54793335-03fc-44e7-8318-5da068f63263,553e758c-d6be-4a04-8016-6d3e9c1ef7d5,2016-08-13 14:00:00+00,2026-08-22 00:00:00+00
553cf544-4aaa-445d-9c2d-5a34bbc631e9,fb3fd3a3-f72f-4bb0-8430-d03c65fc42e4,2025-08-16 14:00:00+00,2026-08-22 00:00:00+00
563ea4ef-6a1c-4f5c-83cf-f5df6b946cc0,553e758c-d6be-4a04-8016-6d3e9c1ef7d5,2025-08-17 13:00:00+00,
564732c7-d213-4b90-bae4-c6bdfdc241e3,553e758c-d6be-4a04-8016-6d3e9c1ef7d5,2024-09-14 14:00:00+00,
5ab3f06e-434d-4640-952d-0e7e998d761d,bc07075d-b661-4e83-8d89-594f6969f966,2023-02-03 20:00:00+00,
5eee3996-1d93-4d7b-9e06-d7dcb289c696,c36859ee-41f5-4436-b074-52bf466bd03c,2024-04-28 13:00:00+00,
602a32fc-f64c-41ec-93c9-32fc9192864c,6ea6e724-cd4d-44de-a150-b80147978e68,2020-10-04 11:00:00+00,2022-09-03 14:00:00+00
602a32fc-f64c-41ec-93c9-32fc9192864c,bc07075d-b661-4e83-8d89-594f6969f966,2022-09-03 14:00:00+00,
652842ef-86ad-4d96-acb9-ad34f7f6af7a,312de382-16d0-4709-a1a2-5b3836e371d6,2026-04-11 14:00:00+00,2026-08-22 00:00:00+00
68fbd8c6-06c2-4041-8cc4-a9f44972e367,8350ce70-d89b-4e0a-a5f0-1bea417647b8,2024-08-17 16:30:00+00,
71e87d67-e5e2-42ae-bc39-bf79a1f6fb34,1f0aeb7b-4ade-4beb-9842-a9fe08d61bdb,2025-12-20 15:00:00+00,2026-08-22 00:00:00+00
733bd107-f236-4471-9655-f01379c1bcc5,362fd116-c81c-454a-bbbf-9224362fbaf7,2017-08-11 18:45:00+00,2024-08-31 14:00:00+00
733bd107-f236-4471-9655-f01379c1bcc5,00f7a08d-8096-49b3-839a-b438b1158e01,2024-08-31 14:00:00+00,2025-08-17 15:30:00+00
733bd107-f236-4471-9655-f01379c1bcc5,362fd116-c81c-454a-bbbf-9224362fbaf7,2025-08-17 15:30:00+00,2025-09-13 19:00:00+00
733bd107-f236-4471-9655-f01379c1bcc5,312de382-16d0-4709-a1a2-5b3836e371d6,2025-09-13 19:00:00+00,
794ce9ff-d47d-43c0-b13c-1e48807bc608,e5c8cbe9-e464-412a-8498-71d0771063a1,2016-08-14 12:30:00+00,
7ba0ee40-1601-49e4-8f1b-b9ae33eb4456,312de382-16d0-4709-a1a2-5b3836e371d6,2022-08-07 13:00:00+00,
863d933f-eb34-417e-9a08-e4007722bc29,30d953db-392e-45e9-a514-036a7f00c912,2019-08-10 14:00:00+00,2022-08-27 14:00:00+00
863d933f-eb34-417e-9a08-e4007722bc29,fbfe564e-8109-41b8-a949-f7efc0f209b5,2022-08-27 14:00:00+00,2023-09-03 00:00:00+00
863d933f-eb34-417e-9a08-e4007722bc29,312de382-16d0-4709-a1a2-5b3836e371d6,2023-09-03 00:00:00+00,2024-08-17 14:00:00+00
863d933f-eb34-417e-9a08-e4007722bc29,fbfe564e-8109-41b8-a949-f7efc0f209b5,2024-08-17 14:00:00+00,2026-08-22 00:00:00+00
8e1ff5ee-c560-481e-9d65-b7c5dfce6918,00f7a08d-8096-49b3-839a-b438b1158e01,2023-08-12 14:00:00+00,
8e9b9927-a7a9-4302-8cd0-774e1e696c78,362fd116-c81c-454a-bbbf-9224362fbaf7,2022-09-18 11:00:00+00,
987b1de6-1ff9-4545-a1db-c2953f798aec,807d15a6-48f7-45cb-9c7d-d765dec9ef0c,2024-08-17 11:30:00+00,2026-08-22 00:00:00+00
9951d846-9147-4ca0-b269-27c4137a500e,400ce689-140a-4090-a2b3-9f1efcf49197,2025-08-16 14:00:00+00,2026-08-22 00:00:00+00
9aec606f-bff2-484a-9d8f-7f4c0fe7dfaa,312de382-16d0-4709-a1a2-5b3836e371d6,2022-08-07 13:00:00+00,
9bcc4be0-a5b6-401f-9fa3-49f78f0f7594,1f0aeb7b-4ade-4beb-9842-a9fe08d61bdb,2024-12-26 12:30:00+00,
9e78f47f-6da8-4013-b7a8-87b63b1e07b6,bc07075d-b661-4e83-8d89-594f6969f966,2020-09-14 19:15:00+00,2023-08-12 12:00:00+00
9e78f47f-6da8-4013-b7a8-87b63b1e07b6,362fd116-c81c-454a-bbbf-9224362fbaf7,2023-08-12 12:00:00+00,
a069f5be-d6c1-498b-9a29-e6df5d0618de,e5c8cbe9-e464-412a-8498-71d0771063a1,2025-02-22 12:30:00+00,2026-08-22 00:00:00+00
a21fec65-1718-44e4-a9e7-8b4ba2c6abdb,1f0aeb7b-4ade-4beb-9842-a9fe08d61bdb,2025-01-25 17:30:00+00,
a4512a38-c9e8-4276-8cae-77d2afe58aa6,6c53158c-9b35-43be-8924-e380139e75f2,2025-08-18 19:00:00+00,
a5410f19-37f7-4f7c-8fea-3801901f8d58,83b99f75-b3a6-4f41-8f23-9b571d69e375,2025-08-16 16:30:00+00,2026-08-22 00:00:00+00
a90e569f-158b-4736-a036-aad3596ed5ec,8350ce70-d89b-4e0a-a5f0-1bea417647b8,2020-09-21 17:00:00+00,2023-02-04 15:00:00+00
a90e569f-158b-4736-a036-aad3596ed5ec,298e371c-41d1-497f-b9af-fd2deed6562c,2023-02-04 15:00:00+00,2026-08-22 00:00:00+00
ae32d960-6ef2-49be-9ddb-fb32ac08929d,83b99f75-b3a6-4f41-8f23-9b571d69e375,2023-12-02 15:00:00+00,2026-08-22 00:00:00+00
ae95b84b-d709-4d69-8fce-3ad10be29f4e,6c53158c-9b35-43be-8924-e380139e75f2,2022-08-06 14:00:00+00,2023-09-17 13:00:00+00
ae95b84b-d709-4d69-8fce-3ad10be29f4e,4bc42e2a-a630-47d5-95b3-21e67deba946,2023-09-17 13:00:00+00,2026-08-22 00:00:00+00
b066e645-c6a2-464e-b911-c0d83cb622ac,83b99f75-b3a6-4f41-8f23-9b571d69e375,2018-08-11 16:30:00+00,2020-09-13 15:30:00+00
b066e645-c6a2-464e-b911-c0d83cb622ac,c36859ee-41f5-4436-b074-52bf466bd03c,2020-09-13 15:30:00+00,2023-08-14 19:00:00+00
b066e645-c6a2-464e-b911-c0d83cb622ac,83b99f75-b3a6-4f41-8f23-9b571d69e375,2023-08-14 19:00:00+00,2026-08-22 00:00:00+00
b22ccb52-c93b-4386-b625-108d1b8c31ef,30d953db-392e-45e9-a514-036a7f00c912,2024-08-17 14:00:00+00,2026-08-22 00:00:00+00
b60acbd9-f275-486a-adcb-1605a7034843,88bd03e8-2c07-4b80-943d-168273bf11d8,2025-10-25 19:00:00+00,2026-08-22 00:00:00+00
ba823f3c-13c6-4954-bf15-7d17a0c1dd9f,fb3fd3a3-f72f-4bb0-8430-d03c65fc42e4,2025-08-16 14:00:00+00,2026-08-22 00:00:00+00
bba082dc-e723-455d-ac6d-0d5b4006d6a5,30d953db-392e-45e9-a514-036a7f00c912,2017-08-12 16:30:00+00,
c7528804-9623-4bdb-ad85-0f62c8d857c4,4bc42e2a-a630-47d5-95b3-21e67deba946,2025-08-15 19:00:00+00,
c8c438ab-f065-4b03-9765-3002b42f3a58,c36859ee-41f5-4436-b074-52bf466bd03c,2024-01-14 16:30:00+00,2026-08-22 00:00:00+00
c8f02a4a-57c7-40dc-bcfc-211079c6a04c,83b99f75-b3a6-4f41-8f23-9b571d69e375,2025-12-20 15:00:00+00,2026-08-22 00:00:00+00
c97405ef-b463-4908-bb8b-f2186b90ba21,312de382-16d0-4709-a1a2-5b3836e371d6,2025-02-21 20:00:00+00,2026-08-22 00:00:00+00
c9df79cf-d31f-41be-8415-dcba7c67b297,553e758c-d6be-4a04-8016-6d3e9c1ef7d5,2022-08-05 19:00:00+00,2026-08-22 00:00:00+00
cd001a15-198a-444e-83bc-06bced7ba49e,4bc42e2a-a630-47d5-95b3-21e67deba946,2024-08-17 14:00:00+00,2026-08-22 00:00:00+00
d1f5f863-043f-4759-adbe-9489d6df04e1,6ea6e724-cd4d-44de-a150-b80147978e68,2018-08-10 19:00:00+00,2023-08-13 13:00:00+00
d1f5f863-043f-4759-adbe-9489d6df04e1,c36859ee-41f5-4436-b074-52bf466bd03c,2023-08-13 13:00:00+00,
d7143196-0a70-47fd-8ce7-f372f88a1381,88bd03e8-2c07-4b80-943d-168273bf11d8,2016-08-14 15:00:00+00,2020-09-14 19:15:00+00
d7143196-0a70-47fd-8ce7-f372f88a1381,30d953db-392e-45e9-a514-036a7f00c912,2020-09-14 19:15:00+00,2024-08-17 14:00:00+00
d7143196-0a70-47fd-8ce7-f372f88a1381,298e371c-41d1-497f-b9af-fd2deed6562c,2024-08-17 14:00:00+00,2026-08-22 00:00:00+00
dd466680-ba84-408d-89b0-c7e483d597b3,2415f952-0e39-45fa-8b3d-7174113bc844,2025-08-16 11:30:00+00,2026-08-22 00:00:00+00
dd9fd6a5-55ae-4be3-9d09-f763b9cd3d0f,553e758c-d6be-4a04-8016-6d3e9c1ef7d5,2023-08-12 14:00:00+00,2024-08-17 14:00:00+00
dd9fd6a5-55ae-4be3-9d09-f763b9cd3d0f,fbfe564e-8109-41b8-a949-f7efc0f209b5,2024-08-17 14:00:00+00,
e1a5293d-11cb-4154-a20c-75d19e4a3ffb,00f7a08d-8096-49b3-839a-b438b1158e01,2018-08-11 14:00:00+00,
e3bf9ac6-1812-4025-b85d-43b5229f43c0,fbfe564e-8109-41b8-a949-f7efc0f209b5,2023-04-15 14:00:00+00,2024-02-17 17:30:00+00
e3bf9ac6-1812-4025-b85d-43b5229f43c0,bc07075d-b661-4e83-8d89-594f6969f966,2024-02-17 17:30:00+00,2026-08-22 00:00:00+00
e44fd2fe-5943-44e1-9ff5-4edce556a2aa,8350ce70-d89b-4e0a-a5f0-1bea417647b8,2020-09-21 17:00:00+00,2025-08-24 13:00:00+00
e44fd2fe-5943-44e1-9ff5-4edce556a2aa,1bbfff09-22e6-4971-a0fd-023e99c73df0,2025-08-24 13:00:00+00,2026-02-01 14:00:00+00
e44fd2fe-5943-44e1-9ff5-4edce556a2aa,8350ce70-d89b-4e0a-a5f0-1bea417647b8,2026-02-01 14:00:00+00,2026-08-22 00:00:00+00
e51d19df-18b0-4a28-8c3b-ea5d199f2252,bc07075d-b661-4e83-8d89-594f6969f966,2025-08-17 13:00:00+00,
eed618bc-4fff-431a-8342-6e56d6875fda,88bd03e8-2c07-4b80-943d-168273bf11d8,2023-08-19 14:00:00+00,
f18cd524-27df-453e-a1ff-a354597fc676,83b99f75-b3a6-4f41-8f23-9b571d69e375,2023-09-16 11:30:00+00,2026-08-22 00:00:00+00
f6b5bcd7-a984-492a-a100-a71b5fbc1622,bfa79885-47f6-40b9-a2a8-e3621b71b00e,2026-01-03 15:00:00+00,2026-08-22 00:00:00+00
fe994675-7f34-4277-b6f3-6e738a132d08,c36859ee-41f5-4436-b074-52bf466bd03c,2024-11-23 17:30:00+00,
066fa6ef-4170-4327-b572-3c2ff226bc15,fbfe564e-8109-41b8-a949-f7efc0f209b5,2024-08-24 14:00:00+00,2026-08-22 00:00:00+00
06c9080d-7207-41f4-a067-fa9ec2164b86,bfa79885-47f6-40b9-a2a8-e3621b71b00e,2016-08-15 19:00:00+00,2026-08-22 00:00:00+00
07b70ca9-5991-4de8-91e1-48a13b9a2533,bc07075d-b661-4e83-8d89-594f6969f966,2025-08-17 13:00:00+00,
0b7ac7b7-f7d6-45ee-bb19-603967490b84,6ea6e724-cd4d-44de-a150-b80147978e68,2025-04-12 14:00:00+00,2026-08-22 00:00:00+00
0be5f79c-8f7a-4516-9509-8e16c25fb451,8350ce70-d89b-4e0a-a5f0-1bea417647b8,2022-12-26 17:30:00+00,2026-08-22 00:00:00+00
0c132447-b77a-4ef3-8b76-773466c30a9f,83b99f75-b3a6-4f41-8f23-9b571d69e375,2018-08-11 16:30:00+00,2023-08-12 14:00:00+00
0c132447-b77a-4ef3-8b76-773466c30a9f,00f7a08d-8096-49b3-839a-b438b1158e01,2023-08-12 14:00:00+00,2026-08-22 00:00:00+00
0e4b4858-babe-4843-a160-f05a40cb4f6c,807d15a6-48f7-45cb-9c7d-d765dec9ef0c,2025-01-25 15:00:00+00,2026-08-22 00:00:00+00
11c5fb5d-554f-46d4-a3f0-43103e82d6b4,fb3fd3a3-f72f-4bb0-8430-d03c65fc42e4,2025-08-16 14:00:00+00,2026-08-22 00:00:00+00
1c5fa20c-00ba-4c53-9c42-702c7fc4a517,bc07075d-b661-4e83-8d89-594f6969f966,2024-08-18 15:30:00+00,2026-08-22 00:00:00+00
20b2400f-41ec-4778-8975-36a3caa497ba,6c53158c-9b35-43be-8924-e380139e75f2,2025-08-18 19:00:00+00,2026-08-22 00:00:00+00
227b061b-86ff-48a9-ac03-db0cfec93961,2415f952-0e39-45fa-8b3d-7174113bc844,2019-02-11 20:00:00+00,2026-08-22 00:00:00+00
240bd1fe-432e-49d6-83ce-1280bf52b496,1bbfff09-22e6-4971-a0fd-023e99c73df0,2023-08-12 12:00:00+00,2026-08-22 00:00:00+00
3359e9ae-5151-45b4-8e0c-77a2b0623e8d,4fb06250-6389-4868-9248-1434356257be,2016-08-13 14:00:00+00,2018-08-12 12:30:00+00
3359e9ae-5151-45b4-8e0c-77a2b0623e8d,bfa79885-47f6-40b9-a2a8-e3621b71b00e,2018-08-12 12:30:00+00,2026-08-22 00:00:00+00
394f611e-73b5-4779-8110-c73e3593c90f,e5c8cbe9-e464-412a-8498-71d0771063a1,2025-02-16 16:30:00+00,
396e1c5f-a102-4af3-a5b7-2d8ca2b3ef6f,30d953db-392e-45e9-a514-036a7f00c912,2020-02-22 15:00:00+00,2023-08-13 15:30:00+00
396e1c5f-a102-4af3-a5b7-2d8ca2b3ef6f,88bd03e8-2c07-4b80-943d-168273bf11d8,2023-08-13 15:30:00+00,
39b7e45e-ca67-43b4-bdae-fa110e16bc1a,30d953db-392e-45e9-a514-036a7f00c912,2023-02-04 15:00:00+00,
3b1771d3-ae4a-4c50-8b34-023a6d337064,83b99f75-b3a6-4f41-8f23-9b571d69e375,2020-02-01 17:30:00+00,2026-08-22 00:00:00+00
449e9cef-9d16-4746-b7ed-c80f87304b3e,83b99f75-b3a6-4f41-8f23-9b571d69e375,2018-08-11 16:30:00+00,2022-08-13 11:30:00+00
449e9cef-9d16-4746-b7ed-c80f87304b3e,fbfe564e-8109-41b8-a949-f7efc0f209b5,2022-08-13 11:30:00+00,2024-08-19 19:00:00+00
449e9cef-9d16-4746-b7ed-c80f87304b3e,6ea6e724-cd4d-44de-a150-b80147978e68,2024-08-19 19:00:00+00,2026-08-22 00:00:00+00
4aa1d8ba-6831-42d3-a286-3938c0f8ca9f,400ce689-140a-4090-a2b3-9f1efcf49197,2025-08-16 14:00:00+00,2026-08-22 00:00:00+00
4dc79854-22a7-4d9a-b7e6-6b6024465d87,553e758c-d6be-4a04-8016-6d3e9c1ef7d5,2021-08-14 14:00:00+00,2026-01-24 15:00:00+00
4dc79854-22a7-4d9a-b7e6-6b6024465d87,1f0aeb7b-4ade-4beb-9842-a9fe08d61bdb,2026-01-24 15:00:00+00,
4e66c283-49f7-466c-8daa-37668cf8f156,30d953db-392e-45e9-a514-036a7f00c912,2023-11-12 14:00:00+00,2026-08-22 00:00:00+00
4eee3faa-33dc-49a8-9bd3-8a2463d975e0,00f7a08d-8096-49b3-839a-b438b1158e01,2020-09-12 11:30:00+00,
508e8ec8-ad8a-4db6-a32a-a6e1e5e02541,fbfe564e-8109-41b8-a949-f7efc0f209b5,2016-08-13 14:00:00+00,2026-08-22 00:00:00+00
526f0798-fb48-4d7e-a0b0-e557a549553a,8350ce70-d89b-4e0a-a5f0-1bea417647b8,2025-02-15 15:00:00+00,2026-08-22 00:00:00+00
55dde1e9-253f-4358-b7dd-04a04483243a,400ce689-140a-4090-a2b3-9f1efcf49197,2020-09-20 18:00:00+00,
604bd9bd-bb7e-429a-916b-a63b3f098292,fbfe564e-8109-41b8-a949-f7efc0f209b5,2020-10-17 11:30:00+00,2022-01-22 12:30:00+00
604bd9bd-bb7e-429a-916b-a63b3f098292,8350ce70-d89b-4e0a-a5f0-1bea417647b8,2022-01-22 12:30:00+00,2026-08-22 00:00:00+00
6633980b-dbfe-40f9-93c6-6f1d87eb16b8,4bc42e2a-a630-47d5-95b3-21e67deba946,2025-01-14 19:30:00+00,2026-08-22 00:00:00+00
67217edb-a846-4ac9-878e-2ddcc1dadfcf,1f0aeb7b-4ade-4beb-9842-a9fe08d61bdb,2020-09-21 19:15:00+00,2024-08-17 11:30:00+00
67217edb-a846-4ac9-878e-2ddcc1dadfcf,807d15a6-48f7-45cb-9c7d-d765dec9ef0c,2024-08-17 11:30:00+00,2025-08-17 13:00:00+00
67217edb-a846-4ac9-878e-2ddcc1dadfcf,bc07075d-b661-4e83-8d89-594f6969f966,2025-08-17 13:00:00+00,
6abf2e43-7532-495b-9baa-6d4563ec960a,298e371c-41d1-497f-b9af-fd2deed6562c,2022-05-07 14:00:00+00,2025-08-30 14:00:00+00
6abf2e43-7532-495b-9baa-6d4563ec960a,fbfe564e-8109-41b8-a949-f7efc0f209b5,2025-08-30 14:00:00+00,
6b8b5582-2403-43d5-86dd-99a590777b9d,c36859ee-41f5-4436-b074-52bf466bd03c,2021-01-31 19:15:00+00,2026-08-22 00:00:00+00
6fde9f20-8252-414f-a30d-8fc120612036,4bc42e2a-a630-47d5-95b3-21e67deba946,2019-01-30 19:45:00+00,2026-08-22 00:00:00+00
7045407f-356d-48d2-8736-5b310f8e703d,312de382-16d0-4709-a1a2-5b3836e371d6,2021-08-13 19:00:00+00,
7ec8c0ea-b6ee-431a-a977-bbde342865b4,8350ce70-d89b-4e0a-a5f0-1bea417647b8,2021-08-14 14:00:00+00,
85560e36-f11f-4635-b01b-aa5dbbf39dfe,83b99f75-b3a6-4f41-8f23-9b571d69e375,2023-02-04 15:00:00+00,
881f4ab3-adab-4461-9561-4a736a1d3e31,1bbfff09-22e6-4971-a0fd-023e99c73df0,2024-08-17 14:00:00+00,
8a23bf48-4959-4df0-a5f8-f77f853305b0,4bc42e2a-a630-47d5-95b3-21e67deba946,2025-09-13 14:00:00+00,2026-08-22 00:00:00+00
8c7bf2ec-b723-4cee-b203-717a8f6af630,6c53158c-9b35-43be-8924-e380139e75f2,2026-05-17 14:00:00+00,2026-08-22 00:00:00+00
96b53c7a-b0b0-4b20-ab74-46f7d1c4d4d7,bc07075d-b661-4e83-8d89-594f6969f966,2023-08-13 15:30:00+00,2026-08-22 00:00:00+00
97976de7-0e71-4bfd-a2d9-87c80343f187,bfa79885-47f6-40b9-a2a8-e3621b71b00e,2025-08-16 14:00:00+00,2026-08-22 00:00:00+00
9e499139-1482-4023-9786-1a39a293dddb,807d15a6-48f7-45cb-9c7d-d765dec9ef0c,2024-08-17 11:30:00+00,
a57c573b-9e52-4560-8f92-cfbd45ad8f34,553e758c-d6be-4a04-8016-6d3e9c1ef7d5,2024-08-18 13:00:00+00,
a73e128b-3fe2-4723-8273-3871b0f388af,83b99f75-b3a6-4f41-8f23-9b571d69e375,2026-04-18 14:00:00+00,2017-03-12 16:00:00+00
a9b733b1-f28a-4ee6-9925-aacc58107500,88bd03e8-2c07-4b80-943d-168273bf11d8,2017-03-12 16:00:00+00,2019-08-10 14:00:00+00
a9b733b1-f28a-4ee6-9925-aacc58107500,4bc42e2a-a630-47d5-95b3-21e67deba946,2019-08-10 14:00:00+00,2020-09-12 16:30:00+00
a9b733b1-f28a-4ee6-9925-aacc58107500,88bd03e8-2c07-4b80-943d-168273bf11d8,2020-09-12 16:30:00+00,2022-08-06 11:30:00+00
a9b733b1-f28a-4ee6-9925-aacc58107500,00f7a08d-8096-49b3-839a-b438b1158e01,2022-08-06 11:30:00+00,
ab475111-a65b-495f-891c-d90a71aa0489,88bd03e8-2c07-4b80-943d-168273bf11d8,2026-04-25 14:00:00+00,2026-08-22 00:00:00+00
ac9f956e-8a1e-44c5-bada-92041eda09ef,1f0aeb7b-4ade-4beb-9842-a9fe08d61bdb,2020-06-25 19:15:00+00,2023-09-02 14:00:00+00
ac9f956e-8a1e-44c5-bada-92041eda09ef,bc07075d-b661-4e83-8d89-594f6969f966,2023-09-02 14:00:00+00,
af5cf8b9-58b1-4bda-a675-3bc289be18a6,298e371c-41d1-497f-b9af-fd2deed6562c,2024-08-17 14:00:00+00,2026-08-22 00:00:00+00
b0076fa1-2d94-4513-82f0-93616a4e0e84,362fd116-c81c-454a-bbbf-9224362fbaf7,2019-12-15 16:30:00+00,2024-08-16 19:00:00+00
b0076fa1-2d94-4513-82f0-93616a4e0e84,00f7a08d-8096-49b3-839a-b438b1158e01,2024-08-16 19:00:00+00,
b2956a8b-fe92-47c6-b79b-de88325f518c,fbfe564e-8109-41b8-a949-f7efc0f209b5,2020-06-21 18:00:00+00,
b3f99367-3da0-4c23-b896-5bb59bae87a6,298e371c-41d1-497f-b9af-fd2deed6562c,2017-08-12 14:00:00+00,2022-09-03 16:30:00+00
b3f99367-3da0-4c23-b896-5bb59bae87a6,8350ce70-d89b-4e0a-a5f0-1bea417647b8,2022-09-03 16:30:00+00,2023-02-04 15:00:00+00
b3f99367-3da0-4c23-b896-5bb59bae87a6,298e371c-41d1-497f-b9af-fd2deed6562c,2023-02-04 15:00:00+00,2026-08-22 00:00:00+00
b71957d8-d91d-462e-bbe3-a2404e270c3b,bc07075d-b661-4e83-8d89-594f6969f966,2025-08-17 13:00:00+00,2026-08-22 00:00:00+00
b78bc2a1-f104-4691-9ce2-2776c93df7c4,400ce689-140a-4090-a2b3-9f1efcf49197,2023-08-11 19:00:00+00,2026-08-22 00:00:00+00
be4630e8-f0fc-4e45-ac41-d8e594cbe003,bc07075d-b661-4e83-8d89-594f6969f966,2023-08-13 15:30:00+00,2026-08-22 00:00:00+00
c20d9923-e246-4057-a326-8691402cb3bd,30d953db-392e-45e9-a514-036a7f00c912,2019-08-10 14:00:00+00,2023-01-22 16:30:00+00
c20d9923-e246-4057-a326-8691402cb3bd,362fd116-c81c-454a-bbbf-9224362fbaf7,2023-01-22 16:30:00+00,2026-08-22 00:00:00+00
c223afda-87c1-48ff-af73-e6826c02b2c2,88bd03e8-2c07-4b80-943d-168273bf11d8,2021-12-19 16:30:00+00,2026-08-22 00:00:00+00
c7245ea9-802c-4854-a436-6d2f2e2ddf06,bc07075d-b661-4e83-8d89-594f6969f966,2024-08-18 15:30:00+00,2025-08-16 14:00:00+00
c7245ea9-802c-4854-a436-6d2f2e2ddf06,fb3fd3a3-f72f-4bb0-8430-d03c65fc42e4,2025-08-16 14:00:00+00,2025-09-13 19:00:00+00
c7245ea9-802c-4854-a436-6d2f2e2ddf06,bc07075d-b661-4e83-8d89-594f6969f966,2025-09-13 19:00:00+00,
d02b81d6-108e-4cfd-b34b-80f3ae2382ca,4bc42e2a-a630-47d5-95b3-21e67deba946,2023-02-04 15:00:00+00,2026-01-17 12:30:00+00
d02b81d6-108e-4cfd-b34b-80f3ae2382ca,1f0aeb7b-4ade-4beb-9842-a9fe08d61bdb,2026-01-17 12:30:00+00,
d3ee6450-9e56-4af5-8fd2-7f580e9d4d43,30d953db-392e-45e9-a514-036a7f00c912,2020-09-14 19:15:00+00,2026-08-22 00:00:00+00
d3f202e1-9a00-49d3-99ae-d6f6f2c25e79,e600931e-ff28-4e1f-8da3-ec0513fbfb5f,2017-08-12 14:00:00+00,2021-09-11 14:00:00+00
d3f202e1-9a00-49d3-99ae-d6f6f2c25e79,312de382-16d0-4709-a1a2-5b3836e371d6,2021-09-11 14:00:00+00,2026-08-22 00:00:00+00
d86e3efa-0331-4d5e-94c6-ec063d3fa29e,1f0aeb7b-4ade-4beb-9842-a9fe08d61bdb,2022-09-03 16:30:00+00,2026-08-22 00:00:00+00
dc327a0e-c462-4b63-bdb0-a7def1b09ab3,b80f8033-02ba-4cac-aa67-ef90d045f174,2016-08-13 14:00:00+00,2019-08-10 14:00:00+00
dc327a0e-c462-4b63-bdb0-a7def1b09ab3,6809cae2-8277-4d7a-a00c-ead4afe20192,2019-08-10 14:00:00+00,2020-10-18 15:30:00+00
dc327a0e-c462-4b63-bdb0-a7def1b09ab3,bfa79885-47f6-40b9-a2a8-e3621b71b00e,2020-10-18 15:30:00+00,2023-02-04 15:00:00+00
dc327a0e-c462-4b63-bdb0-a7def1b09ab3,83b99f75-b3a6-4f41-8f23-9b571d69e375,2023-02-04 15:00:00+00,2026-08-22 00:00:00+00
dcc5dc32-0384-486d-9ff6-27a17f5aa700,362fd116-c81c-454a-bbbf-9224362fbaf7,2020-09-12 11:30:00+00,2026-08-22 00:00:00+00
dd8d4123-995c-434f-8617-1ca644f6f2d8,b80f8033-02ba-4cac-aa67-ef90d045f174,2021-05-23 15:00:00+00,2021-12-05 16:30:00+00
dd8d4123-995c-434f-8617-1ca644f6f2d8,8350ce70-d89b-4e0a-a5f0-1bea417647b8,2021-12-05 16:30:00+00,2024-08-17 14:00:00+00
dd8d4123-995c-434f-8617-1ca644f6f2d8,fbfe564e-8109-41b8-a949-f7efc0f209b5,2024-08-17 14:00:00+00,
de6141f8-37cb-4837-84d5-12f916f5e8dd,4bc42e2a-a630-47d5-95b3-21e67deba946,2026-01-31 15:00:00+00,2026-08-22 00:00:00+00
df63b4cc-23db-4b0e-b111-c978b6d7a21f,6ea6e724-cd4d-44de-a150-b80147978e68,2021-08-14 14:00:00+00,2026-08-22 00:00:00+00
e61cb6e8-8eed-43ee-b067-95a55cb4736d,e5c8cbe9-e464-412a-8498-71d0771063a1,2025-02-02 14:00:00+00,2026-08-22 00:00:00+00
e6c49be6-27e1-42ce-bc31-fdf83587c25c,fb3fd3a3-f72f-4bb0-8430-d03c65fc42e4,2025-08-16 14:00:00+00,
e73c83e7-3640-43d0-8c0f-f267926827fc,e5c8cbe9-e464-412a-8498-71d0771063a1,2024-12-04 20:15:00+00,2026-08-22 00:00:00+00
e8498d0b-a80e-4f2c-a7d5-4744ba79699e,30d953db-392e-45e9-a514-036a7f00c912,2025-01-16 19:30:00+00,
eaf2f6bc-da6a-44df-96c7-714275cd1719,362fd116-c81c-454a-bbbf-9224362fbaf7,2018-12-22 12:30:00+00,
f3f1ffd9-dd26-403d-9b15-9a6d582fe278,bc07075d-b661-4e83-8d89-594f6969f966,2023-08-25 19:00:00+00,2026-08-22 00:00:00+00
f6da99d0-3d76-44e8-9a59-110a23a11dce,8350ce70-d89b-4e0a-a5f0-1bea417647b8,2023-02-04 15:00:00+00,2026-08-22 00:00:00+00
fb90f28e-7da5-4951-9e8a-b8a35718154c,8350ce70-d89b-4e0a-a5f0-1bea417647b8,2021-09-25 11:30:00+00,
fc0a2c59-4da8-4694-b676-b23c1709857e,83b99f75-b3a6-4f41-8f23-9b571d69e375,2025-12-30 20:15:00+00,2026-08-22 00:00:00+00
008f6059-3542-4558-8535-60c083e77012,1f0aeb7b-4ade-4beb-9842-a9fe08d61bdb,2025-08-16 16:30:00+00,2026-08-22 00:00:00+00
054bd8af-0a5f-4812-8702-434f43a0fc84,553e758c-d6be-4a04-8016-6d3e9c1ef7d5,2024-08-18 13:00:00+00,
05a5a6ff-f492-4eb5-9719-6dcdf5e6916d,362fd116-c81c-454a-bbbf-9224362fbaf7,2023-02-04 12:30:00+00,2026-08-22 00:00:00+00
07faaa9f-d04e-4f32-bc2d-4a864df774e0,1bbfff09-22e6-4971-a0fd-023e99c73df0,2023-08-12 12:00:00+00,2026-08-22 00:00:00+00
114c54aa-c2b2-4adf-b9e3-052f9113dfdf,83b99f75-b3a6-4f41-8f23-9b571d69e375,2018-08-11 16:30:0+00,2022-09-03 14:00:00+00
114c54aa-c2b2-4adf-b9e3-052f9113dfdf,1bbfff09-22e6-4971-a0fd-023e99c73df0,2022-09-03 14:00:00+00,2026-08-22 00:00:00+00
16247559-28c9-47cb-849e-b0c75c2240b7,83b99f75-b3a6-4f41-8f23-9b571d69e375,2024-08-31 14:00:00+00,2026-08-22 00:00:00+00
1aa8108c-2576-490c-87b8-944057e92dce,8350ce70-d89b-4e0a-a5f0-1bea417647b8,2021-09-11 16:30:00+00,2026-08-22 00:00:00+00
23ceeab7-83a7-41b5-895a-8a8ba6669fe0,1f0aeb7b-4ade-4beb-9842-a9fe08d61bdb,2024-08-18 15:30:00+00,
24830da7-016e-4f23-a67d-75d1737e8938,83b99f75-b3a6-4f41-8f23-9b571d69e375,2026-05-02 14:00:00+00,2026-08-22 00:00:00+00
26ad018f-7c27-46e2-af1c-493276052c85,83b99f75-b3a6-4f41-8f23-9b571d69e375,2023-01-04 20:00:00+00,2025-08-17 15:30:00+00
26ad018f-7c27-46e2-af1c-493276052c85,e5c8cbe9-e464-412a-8498-71d0771063a1,2025-08-17 15:30:00+00,
28e50791-6f91-4e41-bc0f-4b4796f9e300,807d15a6-48f7-45cb-9c7d-d765dec9ef0c,2024-08-24 14:00:00+00,2026-08-22 00:00:00+00
2dd3ddd4-7a02-47b2-a523-352b8f31f216,30d953db-392e-45e9-a514-036a7f00c912,2025-04-02 18:45:00+00,2026-08-22 00:00:00+00
2e9ab3a1-b490-479c-ba94-45eeb1b7bca8,362fd116-c81c-454a-bbbf-9224362fbaf7,2022-01-23 14:00:00+00,2022-10-29 14:00:00+00
2e9ab3a1-b490-479c-ba94-45eeb1b7bca8,bc07075d-b661-4e83-8d89-594f6969f966,2022-10-29 14:00:00+00,2024-08-17 11:30:00+00
2e9ab3a1-b490-479c-ba94-45eeb1b7bca8,807d15a6-48f7-45cb-9c7d-d765dec9ef0c,2024-08-17 11:30:00+00,2025-08-24 13:00:00+00
2e9ab3a1-b490-479c-ba94-45eeb1b7bca8,1bbfff09-22e6-4971-a0fd-023e99c73df0,2025-08-24 13:00:00+00,
316ae259-265d-480f-93fa-4ce0f626e8b7,362fd116-c81c-454a-bbbf-9224362fbaf7,2017-10-28 14:00:00+00,2024-09-01 12:30:00+00
316ae259-265d-480f-93fa-4ce0f626e8b7,553e758c-d6be-4a04-8016-6d3e9c1ef7d5,2024-09-01 12:30:00+00,
326ad64b-61aa-45cb-aeec-6b418032b7b0,8350ce70-d89b-4e0a-a5f0-1bea417647b8,2025-12-21 16:30:00+00,2026-08-22 00:00:00+00
357b7d84-e65a-4563-88ab-112294f2872e,c36859ee-41f5-4436-b074-52bf466bd03c,2023-09-02 14:00:00+00,
35fc7a46-7e2f-453b-8b2e-b7f3e35f6949,4bc42e2a-a630-47d5-95b3-21e67deba946,2023-08-12 14:00:00+00,
38de7a0b-149d-47fc-8dc6-1a1765afcdd3,298e371c-41d1-497f-b9af-fd2deed6562c,2022-08-06 14:00:00+00,2026-08-22 00:00:00+00
3be1b83a-42f2-4ae8-a257-d8157749b5c9,4fb06250-6389-4868-9248-1434356257be,2017-08-12 14:00:00+00,2020-09-14 19:15:00+00
3be1b83a-42f2-4ae8-a257-d8157749b5c9,bc07075d-b661-4e83-8d89-594f6969f966,2020-09-14 19:15:00+00,2026-02-01 14:00:00+00
3be1b83a-42f2-4ae8-a257-d8157749b5c9,8350ce70-d89b-4e0a-a5f0-1bea417647b8,2026-02-01 14:00:00+00,
3cefae93-5bb1-490c-b1a5-8033f33fb092,83b99f75-b3a6-4f41-8f23-9b571d69e375,2025-09-13 14:00:00+00,2026-08-22 00:00:00+00
44ba52ac-2afe-4eb4-83b0-492817ba10b1,00f7a08d-8096-49b3-839a-b438b1158e01,2025-09-13 14:00:00+00,
45f173af-3825-4fe8-a590-5d88bd90b2c4,1bbfff09-22e6-4971-a0fd-023e99c73df0,2025-08-17 13:00:00+00,
493f278e-a61c-4a7b-bfbc-b7ae9d3926fb,88bd03e8-2c07-4b80-943d-168273bf11d8,2016-08-14 15:00:00+00,
4e27e291-cc12-4140-b48d-73671c8b25c8,400ce689-140a-4090-a2b3-9f1efcf49197,2025-08-16 14:00:00+00,2026-08-22 00:00:00+00
540f0a39-6138-42e1-9a82-e9f9e103619e,1f0aeb7b-4ade-4beb-9842-a9fe08d61bdb,2022-08-07 15:30:00+00,2026-08-22 00:00:00+00
5556734b-d1e3-4f5e-94c7-813cd4bcdd56,1f0aeb7b-4ade-4beb-9842-a9fe08d61bdb,2023-08-27 13:00:00+00,
5595fcf5-6ff7-43b4-808d-b35fd4ef7ffd,30d953db-392e-45e9-a514-036a7f00c912,2024-08-31 11:30:00+00,
58fbf6e5-9ce2-410c-a1f9-e0d2f4607ad0,30d953db-392e-45e9-a514-036a7f00c912,2018-08-11 14:00:00+00,2022-08-06 14:00:00+00
58fbf6e5-9ce2-410c-a1f9-e0d2f4607ad0,c36859ee-41f5-4436-b074-52bf466bd03c,2022-08-06 14:00:00+00,2026-08-22 00:00:00+00
5aaeed89-dd50-43b0-8bd5-0b00ffae7428,00f7a08d-8096-49b3-839a-b438b1158e01,2022-08-06 11:30:00+00,2023-08-13 13:00:00+00
5aaeed89-dd50-43b0-8bd5-0b00ffae7428,c36859ee-41f5-4436-b074-52bf466bd03c,2023-08-13 13:00:00+00,2026-08-22 00:00:00+00
608f0e7e-848a-4d91-a61f-c97d4916834c,c36859ee-41f5-4436-b074-52bf466bd03c,2025-09-13 16:30:00+00,
657110e7-2562-4b51-83bf-69551e37f8c1,c36859ee-41f5-4436-b074-52bf466bd03c,2016-08-13 14:00:00+00,2017-08-12 16:30:00+00
657110e7-2562-4b51-83bf-69551e37f8c1,1f0aeb7b-4ade-4beb-9842-a9fe08d61bdb,2017-08-12 16:30:00+00,2025-08-16 14:00:00+00
657110e7-2562-4b51-83bf-69551e37f8c1,400ce689-140a-4090-a2b3-9f1efcf49197,2025-08-16 14:00:00+00,2026-08-22 00:00:00+00
67760d31-31ce-4910-afca-8c729c0210dd,6ea6e724-cd4d-44de-a150-b80147978e68,2024-12-29 14:30:00+00,2026-08-22 00:00:00+00
681c11ac-7e56-493e-9ca1-72f90b878d01,c36859ee-41f5-4436-b074-52bf466bd03c,2023-02-05 16:30:00+00,
6980ac7f-0944-4d65-8a0e-5e9655bca90f,362fd116-c81c-454a-bbbf-9224362fbaf7,2022-12-26 20:00:00+00,2024-08-17 14:00:00+00
6980ac7f-0944-4d65-8a0e-5e9655bca90f,30d953db-392e-45e9-a514-036a7f00c912,2024-08-17 14:00:00+00,2026-08-22 00:00:00+00
72c2916b-461c-41b9-aad4-0cfbd4866cc5,1f0aeb7b-4ade-4beb-9842-a9fe08d61bdb,2020-10-31 12:30:00+00,2023-08-11 19:00:00+00
72c2916b-461c-41b9-aad4-0cfbd4866cc5,400ce689-140a-4090-a2b3-9f1efcf49197,2023-08-11 19:00:00+00,2025-08-16 16:30:00+00
72c2916b-461c-41b9-aad4-0cfbd4866cc5,1f0aeb7b-4ade-4beb-9842-a9fe08d61bdb,2025-08-16 16:30:00+00,
73c21faa-876a-417f-bfbd-b5433eae68c3,e5c8cbe9-e464-412a-8498-71d0771063a1,2024-10-19 14:00:00+00,
75420585-e994-4f50-ac88-3a0a6cd67521,adedb695-f98a-4e53-b340-353d00ce7c52,2020-09-14 17:00:00+00,2025-08-16 14:00:00+00
75420585-e994-4f50-ac88-3a0a6cd67521,fb3fd3a3-f72f-4bb0-8430-d03c65fc42e4,2025-08-16 14:00:00+00,2026-08-22 00:00:00+00
77aa20fe-a919-4504-8264-4367ff1e263b,1f0aeb7b-4ade-4beb-9842-a9fe08d61bdb,2024-12-26 12:30:00+00,2026-08-22 00:00:00+00
7849794b-38c4-4a91-a8ac-2e75a038bbc4,30d953db-392e-45e9-a514-036a7f00c912,2024-11-29 20:00:00+00,2026-08-22 00:00:00+00
78cef93a-5d90-47df-ae43-9951588f6c59,c36859ee-41f5-4436-b074-52bf466bd03c,2021-08-15 15:30:00+00,2026-08-22 00:00:00+00
844f4bef-b076-4494-a416-6620adc76b35,8350ce70-d89b-4e0a-a5f0-1bea417647b8,2025-08-16 11:30:00+00,2026-02-08 14:00:00+00
844f4bef-b076-4494-a416-6620adc76b35,553e758c-d6be-4a04-8016-6d3e9c1ef7d5,2026-02-08 14:00:00+00,
84e499c3-6bed-49fa-8949-8b304244139f,c36859ee-41f5-4436-b074-52bf466bd03c,2024-08-19 19:00:00+00,2026-08-22 00:00:00+00
87c3b645-1b39-4ff6-8e5c-ee06dd89f269,4bc42e2a-a630-47d5-95b3-21e67deba946,2023-01-21 15:00:00+00,2025-08-23 14:00:00+00
87c3b645-1b39-4ff6-8e5c-ee06dd89f269,312de382-16d0-4709-a1a2-5b3836e371d6,2025-08-23 14:00:00+00,
892b4701-4709-4ea8-8946-85020dd7456a,30d953db-392e-45e9-a514-036a7f00c912,2022-08-07 13:00:00+00,2026-08-22 00:00:00+00
8b74ab57-db22-45f4-80ce-8e5d59b3ce3b,312de382-16d0-4709-a1a2-5b3836e371d6,2021-08-13 19:00:00+00,2025-08-17 15:30:00+00
8b74ab57-db22-45f4-80ce-8e5d59b3ce3b,e5c8cbe9-e464-412a-8498-71d0771063a1,2025-08-17 15:30:00+00,
8bf82ce7-d406-4c79-8560-1832322ecfec,4bc42e2a-a630-47d5-95b3-21e67deba946,2024-02-04 14:00:00+00,
8c7c1299-a97a-4183-b666-eeeee465ec15,298e371c-41d1-497f-b9af-fd2deed6562c,2024-12-04 19:30:00+00,2026-08-22 00:00:00+00
8d8a8e65-90ee-4e5e-9e67-279929f6005d,30d953db-392e-45e9-a514-036a7f00c912,2019-08-10 14:00:00+00,2026-08-22 00:00:00+00
9264f988-edf6-4115-80fe-5ab6cd0a9b04,6ea6e724-cd4d-44de-a150-b80147978e68,2017-01-14 17:30:00+00,2026-08-22 00:00:00+00
950142b2-44d2-4f2b-a3fc-36ee6934d69f,fbfe564e-8109-41b8-a949-f7efc0f209b5,2021-03-01 20:00:00+00,2026-08-22 00:00:00+00
9c195ceb-7acc-4b9d-a707-cd4ac3340f07,bc07075d-b661-4e83-8d89-594f6969f966,2023-08-13 15:30:00+00,2026-08-22 00:00:00+00
9fc89667-620c-4a07-a188-debfe5bea8dc,553e758c-d6be-4a04-8016-6d3e9c1ef7d5,2024-02-03 15:00:00+00,
a092bc5c-b20b-4d8f-8ed8-634e7f572b27,bfa79885-47f6-40b9-a2a8-e3621b71b00e,2022-12-26 20:00:00+00,2024-12-15 16:30:00+00
a092bc5c-b20b-4d8f-8ed8-634e7f572b27,1f0aeb7b-4ade-4beb-9842-a9fe08d61bdb,2024-12-15 16:30:00+00,2026-08-22 00:00:00+00
a1d3fbc5-6afa-4331-a53c-01fd44bddd7c,fbfe564e-8109-41b8-a949-f7efc0f209b5,2025-08-18 19:00:00+00,
a7f69c5f-2404-4f5c-af99-f4ab747da321,312de382-16d0-4709-a1a2-5b3836e371d6,2021-08-13 19:00:00+00,
ae553ab7-226a-49c0-827b-6652d5d1c7a0,553e758c-d6be-4a04-8016-6d3e9c1ef7d5,2021-09-11 11:30:00+00,2024-08-31 14:00:00+00
ae553ab7-226a-49c0-827b-6652d5d1c7a0,6ea6e724-cd4d-44de-a150-b80147978e68,2024-08-31 14:00:00+00,2025-08-17 13:00:00+00
ae553ab7-226a-49c0-827b-6652d5d1c7a0,553e758c-d6be-4a04-8016-6d3e9c1ef7d5,2025-08-17 13:00:00+00,2026-08-22 00:00:00+00
b390871c-5ff9-47b4-9fbc-8069f15ccc95,312de382-16d0-4709-a1a2-5b3836e371d6,2021-08-13 19:00:00+00,
bc328d2f-bd7c-4e75-9a00-4cc0beb398fe,fb3fd3a3-f72f-4bb0-8430-d03c65fc42e4,2025-08-16 14:00:00+00,
bd8e0743-5b08-4f54-8d1e-c20451e3ded3,e5c8cbe9-e464-412a-8498-71d0771063a1,2025-12-26 20:00:00+00,
bdbdae70-b65b-42ef-8c71-652c3870558c,fbfe564e-8109-41b8-a949-f7efc0f209b5,2022-01-02 14:00:00+00,
c35eea94-ca8c-4a5c-abb5-39a702041a48,c36859ee-41f5-4436-b074-52bf466bd03c,2025-02-16 16:30:00+00,
c50eefc4-0ce3-4575-83aa-7f746377fb98,88bd03e8-2c07-4b80-943d-168273bf11d8,2025-08-15 19:00:00+00,
c5cf643d-e278-468a-8b57-8144d875ff4e,bfa79885-47f6-40b9-a2a8-e3621b71b00e,2024-11-30 17:30:00+00,2026-08-22 00:00:00+00
c6e10f61-8f06-4028-8d03-fe524e615dee,4bc42e2a-a630-47d5-95b3-21e67deba946,2025-09-13 14:00:00+00,
c77da048-8150-4fbf-8384-899e1a9df8b4,400ce689-140a-4090-a2b3-9f1efcf49197,2026-03-03 19:30:00+00,2026-08-22 00:00:00+00
cde448c3-c413-4852-ae1a-1a4fbac7e91a,1f0aeb7b-4ade-4beb-9842-a9fe08d61bdb,2017-08-12 16:30:00+00,2026-08-22 00:00:00+00
d01472f7-8693-4ccd-a312-581276c12f21,c36859ee-41f5-4436-b074-52bf466bd03c,2022-08-06 14:00:00+00,2026-08-22 00:00:00+00
d42c2826-d545-4a47-817c-ee3627d4c9ad,298e371c-41d1-497f-b9af-fd2deed6562c,2022-09-03 14:00:00+00,2026-08-22 00:00:00+00
d6c64626-bc1c-4652-b242-1ae90f58bc0a,4bc42e2a-a630-47d5-95b3-21e67deba946,2024-02-01 19:30:00+00,2026-08-22 00:00:00+00
d8b398a5-c466-4f3e-82c1-3b674cffb7c8,30d953db-392e-45e9-a514-036a7f00c912,2025-08-16 14:00:00+00,
d8b9c0eb-e865-4c82-937b-618e8ee12bee,312de382-16d0-4709-a1a2-5b3836e371d6,2025-01-26 14:00:00+00,2026-08-22 00:00:00+00
dbbbab45-12ce-4799-94fb-9049cf691b9a,30d953db-392e-45e9-a514-036a7f00c912,2022-08-07 13:00:00+00,2025-01-25 15:00:00+00
dbbbab45-12ce-4799-94fb-9049cf691b9a,807d15a6-48f7-45cb-9c7d-d765dec9ef0c,2025-01-25 15:00:00+00,2025-08-16 14:00:00+00
dbbbab45-12ce-4799-94fb-9049cf691b9a,30d953db-392e-45e9-a514-036a7f00c912,2025-08-16 14:00:00+00,2026-08-22 00:00:00+00
dd426201-6b0d-4e17-a9fa-639eeb2ac418,1bbfff09-22e6-4971-a0fd-023e99c73df0,2022-08-06 14:00:00+00,2023-09-16 14:00:00+00
dd426201-6b0d-4e17-a9fa-639eeb2ac418,c36859ee-41f5-4436-b074-52bf466bd03c,2023-09-16 14:00:00+00,2026-01-04 15:00:00+00
dd426201-6b0d-4e17-a9fa-639eeb2ac418,553e758c-d6be-4a04-8016-6d3e9c1ef7d5,2026-01-04 15:00:00+00,
de8ca17b-4a8b-42ea-ba45-9a7ce5271255,88bd03e8-2c07-4b80-943d-168273bf11d8,2022-08-15 19:00:00+00,2026-08-22 00:00:00+00
e1d9a973-35a1-4fba-9980-59ebf61233f0,83b99f75-b3a6-4f41-8f23-9b571d69e375,2024-09-28 16:30:00+00,2026-08-22 00:00:00+00
e3f07bf9-da8a-47b0-b7ea-10e99cb1c7ed,6c53158c-9b35-43be-8924-e380139e75f2,2021-09-25 14:00:00+00,2025-08-16 14:00:00+00
e3f07bf9-da8a-47b0-b7ea-10e99cb1c7ed,fb3fd3a3-f72f-4bb0-8430-d03c65fc42e4,2025-08-16 14:00:00+00,
e45d7534-4746-4bad-a959-a6cbf37edec1,e5c8cbe9-e464-412a-8498-71d0771063a1,2025-02-16 16:30:00+00,
e8a9a06b-9a2b-4bed-bbd1-d6dabfe8384a,553e758c-d6be-4a04-8016-6d3e9c1ef7d5,2022-08-05 19:00:00+00,
eb6fd9d0-63c5-4080-a5ab-0e9751ec993d,362fd116-c81c-454a-bbbf-9224362fbaf7,2018-01-14 13:30:00+00,2023-08-26 16:30:00+00
eb6fd9d0-63c5-4080-a5ab-0e9751ec993d,bfa79885-47f6-40b9-a2a8-e3621b71b00e,2023-08-26 16:30:00+00,2026-08-22 00:00:00+00
f40ca710-a641-4a8e-b003-eb74fd196192,1f0aeb7b-4ade-4beb-9842-a9fe08d61bdb,2021-08-15 15:30:00+00,2022-09-03 14:00:00+00
f40ca710-a641-4a8e-b003-eb74fd196192,298e371c-41d1-497f-b9af-fd2deed6562c,2022-09-03 14:00:00+00,2026-08-22 00:00:00+00
f4a26137-bb1b-4d44-b80f-9498e0755892,b80f8033-02ba-4cac-aa67-ef90d045f174,2020-09-13 13:00:00+00,
f51c9384-294d-43c3-9361-38f350856675,6809cae2-8277-4d7a-a00c-ead4afe20192,2016-08-13 14:00:00+00,2020-09-13 15:30:00+00
f51c9384-294d-43c3-9361-38f350856675,fbfe564e-8109-41b8-a949-f7efc0f209b5,2020-09-13 15:30:00+00,2026-08-22 00:00:00+00
049a7ce0-2122-4c95-b21b-097e3d229319,fbfe564e-8109-41b8-a949-f7efc0f209b5,2016-10-30 13:30:00+00,2025-08-23 16:30:00+00
049a7ce0-2122-4c95-b21b-097e3d229319,6c53158c-9b35-43be-8924-e380139e75f2,2025-08-23 16:30:00+00,
05aaece7-7936-476f-b24f-d773e9f536c7,83b99f75-b3a6-4f41-8f23-9b571d69e375,2026-01-31 15:00:00+00,2026-08-22 00:00:00+00
08cab054-adb9-4f26-9e36-9f18897f3b16,6c53158c-9b35-43be-8924-e380139e75f2,2025-08-18 19:00:00+00,
08cbab83-8554-41d0-bd69-4cd420eb698c,1f0aeb7b-4ade-4beb-9842-a9fe08d61bdb,2025-01-25 17:30:00+00,
0a8ab14f-a374-4492-9acc-0a1cf2fbb119,298e371c-41d1-497f-b9af-fd2deed6562c,2016-08-13 14:00:00+00,2023-08-20 15:30:00+00
0a8ab14f-a374-4492-9acc-0a1cf2fbb119,bfa79885-47f6-40b9-a2a8-e3621b71b00e,2023-08-20 15:30:00+00,2024-08-31 14:00:00+00
0a8ab14f-a374-4492-9acc-0a1cf2fbb119,1bbfff09-22e6-4971-a0fd-023e99c73df0,2024-08-31 14:00:00+00,2025-02-15 15:00:00+00
0a8ab14f-a374-4492-9acc-0a1cf2fbb119,bfa79885-47f6-40b9-a2a8-e3621b71b00e,2025-02-15 15:00:00+00,2026-02-02 20:00:00+00
0a8ab14f-a374-4492-9acc-0a1cf2fbb119,400ce689-140a-4090-a2b3-9f1efcf49197,2026-02-02 20:00:00+00,2026-08-22 00:00:00+00
0c5a005b-9701-4f88-9686-5ca6d9d6a6d6,6ea6e724-cd4d-44de-a150-b80147978e68,2025-01-26 14:00:00+00,2026-08-22 00:00:00+00
0d1a6874-c8a6-4c75-9e26-6cc146615f85,312de382-16d0-4709-a1a2-5b3836e371d6,2021-08-13 19:00:00+00,2025-08-17 15:30:00+00
0d1a6874-c8a6-4c75-9e26-6cc146615f85,362fd116-c81c-454a-bbbf-9224362fbaf7,2025-08-17 15:30:00+00,
124db537-8df8-4353-952d-25094393b631,400ce689-140a-4090-a2b3-9f1efcf49197,2025-08-16 14:00:00+00,2026-08-22 00:00:00+00
128d3053-fc28-44af-b0d8-2a235f95a35e,1bbfff09-22e6-4971-a0fd-023e99c73df0,2026-05-10 13:00:00+00,2026-08-22 00:00:00+00
151b7466-31e5-4463-bf01-23ce093bf31c,8350ce70-d89b-4e0a-a5f0-1bea417647b8,2024-08-17 16:30:00+00,2026-08-22 00:00:00+00
1a66fd6a-6710-4f29-a6c5-89c04a1049b0,b80f8033-02ba-4cac-aa67-ef90d045f174,2020-09-13 13:00:00+00,2022-08-05 19:00:00+00
1a66fd6a-6710-4f29-a6c5-89c04a1049b0,553e758c-d6be-4a04-8016-6d3e9c1ef7d5,2022-08-05 19:00:00+00,2024-08-31 14:00:00+00
1a66fd6a-6710-4f29-a6c5-89c04a1049b0,83b99f75-b3a6-4f41-8f23-9b571d69e375,2024-08-31 14:00:00+00,2026-08-22 00:00:00+00
1e46a4d9-cd92-4103-ae5d-7b19e745dcd1,1f0aeb7b-4ade-4beb-9842-a9fe08d61bdb,2020-06-25 19:15:00+00,2024-08-17 14:00:00+00
1e46a4d9-cd92-4103-ae5d-7b19e745dcd1,298e371c-41d1-497f-b9af-fd2deed6562c,2024-08-17 14:00:00+00,2026-08-22 00:00:00+00
21eefcd3-6c20-4e20-aebf-36f50f38fdd1,1f0aeb7b-4ade-4beb-9842-a9fe08d61bdb,2016-08-13 16:30:00+00,2026-08-22 00:00:00+00
24856358-7d92-4e14-b210-690d1379cbce,298e371c-41d1-497f-b9af-fd2deed6562c,2022-08-06 14:00:00+00,2026-08-22 00:00:00+00
29da4cc1-15b0-4153-b967-eca492bc9160,bc07075d-b661-4e83-8d89-594f6969f966,2026-05-09 11:30:00+00,2026-08-22 00:00:00+00
2c569b38-1dd7-472f-80b7-6ec3828f627e,e5c8cbe9-e464-412a-8498-71d0771063a1,2024-08-16 19:00:00+00,
2e9610c8-836f-402c-804e-0720c93a9009,c36859ee-41f5-4436-b074-52bf466bd03c,2023-08-13 13:00:00+00,
327e3d79-232d-4484-b1f1-43aaa0942e81,88bd03e8-2c07-4b80-943d-168273bf11d8,2025-08-15 19:00:00+00,
32c9ecd1-ba4e-448e-91d8-2e503e65b2e8,fb3fd3a3-f72f-4bb0-8430-d03c65fc42e4,2025-08-23 14:00:00+00,
33bbd9f6-6965-4b86-b586-b594340bd213,fb3fd3a3-f72f-4bb0-8430-d03c65fc42e4,2025-12-28 14:00:00+00,2026-08-22 00:00:00+00
3c391ec3-cacd-400c-9e80-0d013716e132,298e371c-41d1-497f-b9af-fd2deed6562c,2016-08-13 14:00:00+00,2026-08-22 00:00:00+00
3cc8f553-6d15-4ead-8eb8-387b222c2921,8350ce70-d89b-4e0a-a5f0-1bea417647b8,2023-08-12 16:30:00+00,2024-08-18 15:30:00+00
3cc8f553-6d15-4ead-8eb8-387b222c2921,bc07075d-b661-4e83-8d89-594f6969f966,2024-08-18 15:30:00+00,2026-08-22 00:00:00+00
44241170-8423-49f8-85bb-deb69ddfa48f,312de382-16d0-4709-a1a2-5b3836e371d6,2021-08-13 19:00:00+00,
469b1e86-8e93-4bb9-8bd0-fd9ddcb1075f,6c53158c-9b35-43be-8924-e380139e75f2,2022-08-06 14:00:00+00,
487f0e75-49d1-4ab9-afe1-0bd8ecd1a25d,4bc42e2a-a630-47d5-95b3-21e67deba946,2026-01-24 17:30:00+00,
4ec14890-71ba-4e28-af6c-00ce47c8410a,88bd03e8-2c07-4b80-943d-168273bf11d8,2025-12-13 15:00:00+00,
517c88fc-d2e4-48f9-a244-13a2f0813e40,c36859ee-41f5-4436-b074-52bf466bd03c,2016-08-13 14:00:00+00,2021-02-03 20:15:00+00
517c88fc-d2e4-48f9-a244-13a2f0813e40,88bd03e8-2c07-4b80-943d-168273bf11d8,2021-02-03 20:15:00+00,2021-02-04 20:00:00+00
517c88fc-d2e4-48f9-a244-13a2f0813e40,c36859ee-41f5-4436-b074-52bf466bd03c,2021-02-04 20:00:00+00,2021-02-07 16:30:00+00
517c88fc-d2e4-48f9-a244-13a2f0813e40,88bd03e8-2c07-4b80-943d-168273bf11d8,2021-02-07 16:30:00+00,2021-02-13 17:30:00+00
517c88fc-d2e4-48f9-a244-13a2f0813e40,c36859ee-41f5-4436-b074-52bf466bd03c,2021-02-13 17:30:00+00,2021-02-20 17:30:00+00
517c88fc-d2e4-48f9-a244-13a2f0813e40,88bd03e8-2c07-4b80-943d-168273bf11d8,2021-02-20 17:30:00+00,2021-02-21 12:00:00+00
517c88fc-d2e4-48f9-a244-13a2f0813e40,c36859ee-41f5-4436-b074-52bf466bd03c,2021-02-21 12:00:00+00,2021-02-28 19:15:00+00
517c88fc-d2e4-48f9-a244-13a2f0813e40,88bd03e8-2c07-4b80-943d-168273bf11d8,2021-02-28 19:15:00+00,2021-03-04 18:00:00+00
517c88fc-d2e4-48f9-a244-13a2f0813e40,c36859ee-41f5-4436-b074-52bf466bd03c,2021-03-04 18:00:00+00,2021-03-04 20:15:00+00
517c88fc-d2e4-48f9-a244-13a2f0813e40,88bd03e8-2c07-4b80-943d-168273bf11d8,2021-03-04 20:15:00+00,2021-03-07 19:15:00+00
517c88fc-d2e4-48f9-a244-13a2f0813e40,c36859ee-41f5-4436-b074-52bf466bd03c,2021-03-07 19:15:00+00,2021-03-15 20:00:00+00
517c88fc-d2e4-48f9-a244-13a2f0813e40,88bd03e8-2c07-4b80-943d-168273bf11d8,2021-03-15 20:00:00+00,2021-03-21 19:30:00+00
517c88fc-d2e4-48f9-a244-13a2f0813e40,c36859ee-41f5-4436-b074-52bf466bd03c,2021-03-21 19:30:00+00,2021-04-03 19:00:00+00
517c88fc-d2e4-48f9-a244-13a2f0813e40,88bd03e8-2c07-4b80-943d-168273bf11d8,2021-04-03 19:00:00+00,2021-04-04 13:05:00+00
517c88fc-d2e4-48f9-a244-13a2f0813e40,c36859ee-41f5-4436-b074-52bf466bd03c,2021-04-04 13:05:00+00,2021-04-10 14:00:00+00
517c88fc-d2e4-48f9-a244-13a2f0813e40,88bd03e8-2c07-4b80-943d-168273bf11d8,2021-04-10 14:00:00+00,2021-04-11 15:30:00+00
517c88fc-d2e4-48f9-a244-13a2f0813e40,c36859ee-41f5-4436-b074-52bf466bd03c,2021-04-11 15:30:00+00,2021-04-19 19:00:00+00
517c88fc-d2e4-48f9-a244-13a2f0813e40,88bd03e8-2c07-4b80-943d-168273bf11d8,2021-04-19 19:00:00+00,2021-04-21 17:00:00+00
517c88fc-d2e4-48f9-a244-13a2f0813e40,c36859ee-41f5-4436-b074-52bf466bd03c,2021-04-21 17:00:00+00,2021-04-24 11:30:00+00
517c88fc-d2e4-48f9-a244-13a2f0813e40,88bd03e8-2c07-4b80-943d-168273bf11d8,2021-04-24 11:30:00+00,2021-05-02 18:15:00+00
517c88fc-d2e4-48f9-a244-13a2f0813e40,c36859ee-41f5-4436-b074-52bf466bd03c,2021-05-02 18:15:00+00,2021-05-08 19:15:00+00
517c88fc-d2e4-48f9-a244-13a2f0813e40,88bd03e8-2c07-4b80-943d-168273bf11d8,2021-05-08 19:15:00+00,2021-05-16 13:05:00+00
517c88fc-d2e4-48f9-a244-13a2f0813e40,c36859ee-41f5-4436-b074-52bf466bd03c,2021-05-16 13:05:00+00,2021-05-16 15:30:00+00
517c88fc-d2e4-48f9-a244-13a2f0813e40,88bd03e8-2c07-4b80-943d-168273bf11d8,2021-05-16 15:30:00+00,2021-05-19 17:00:00+00
517c88fc-d2e4-48f9-a244-13a2f0813e40,c36859ee-41f5-4436-b074-52bf466bd03c,2021-05-19 17:00:00+00,2021-05-19 19:15:00+00
517c88fc-d2e4-48f9-a244-13a2f0813e40,88bd03e8-2c07-4b80-943d-168273bf11d8,2021-05-19 19:15:00+00,2021-05-23 15:00:00+00
517c88fc-d2e4-48f9-a244-13a2f0813e40,c36859ee-41f5-4436-b074-52bf466bd03c,2021-05-23 15:00:00+00,2021-05-23 15:00:00+00
517c88fc-d2e4-48f9-a244-13a2f0813e40,88bd03e8-2c07-4b80-943d-168273bf11d8,2021-05-23 15:00:00+00,2021-08-14 16:30:00+00
517c88fc-d2e4-48f9-a244-13a2f0813e40,88bd03e8-2c07-4b80-943d-168273bf11d8,2021-08-14 16:30:00+00,2021-08-15 15:30:00+00
517c88fc-d2e4-48f9-a244-13a2f0813e40,c36859ee-41f5-4436-b074-52bf466bd03c,2021-08-15 15:30:00+00,2021-08-21 11:30:00+00
517c88fc-d2e4-48f9-a244-13a2f0813e40,88bd03e8-2c07-4b80-943d-168273bf11d8,2021-08-21 11:30:00+00,2021-08-22 13:00:00+00
517c88fc-d2e4-48f9-a244-13a2f0813e40,c36859ee-41f5-4436-b074-52bf466bd03c,2021-08-22 13:00:00+00,2021-08-28 16:30:00+00
517c88fc-d2e4-48f9-a244-13a2f0813e40,88bd03e8-2c07-4b80-943d-168273bf11d8,2021-08-28 16:30:00+00,2021-08-29 13:00:00+00
517c88fc-d2e4-48f9-a244-13a2f0813e40,c36859ee-41f5-4436-b074-52bf466bd03c,2021-08-29 13:00:00+00,2021-09-12 15:30:00+00
517c88fc-d2e4-48f9-a244-13a2f0813e40,88bd03e8-2c07-4b80-943d-168273bf11d8,2021-09-12 15:30:00+00,2021-09-19 15:30:00+00
517c88fc-d2e4-48f9-a244-13a2f0813e40,c36859ee-41f5-4436-b074-52bf466bd03c,2021-09-19 15:30:00+00,2021-09-25 16:30:00+00
517c88fc-d2e4-48f9-a244-13a2f0813e40,88bd03e8-2c07-4b80-943d-168273bf11d8,2021-09-25 16:30:00+00,2021-09-26 15:30:00+00
517c88fc-d2e4-48f9-a244-13a2f0813e40,c36859ee-41f5-4436-b074-52bf466bd03c,2021-09-26 15:30:00+00,2021-10-03 15:30:00+00
517c88fc-d2e4-48f9-a244-13a2f0813e40,88bd03e8-2c07-4b80-943d-168273bf11d8,2021-10-03 15:30:00+00,2021-10-17 15:30:00+00
517c88fc-d2e4-48f9-a244-13a2f0813e40,c36859ee-41f5-4436-b074-52bf466bd03c,2021-10-17 15:30:00+00,2021-10-24 15:30:00+00
517c88fc-d2e4-48f9-a244-13a2f0813e40,88bd03e8-2c07-4b80-943d-168273bf11d8,2021-10-24 15:30:00+00,2021-10-30 16:30:00+00
517c88fc-d2e4-48f9-a244-13a2f0813e40,c36859ee-41f5-4436-b074-52bf466bd03c,2021-10-30 16:30:00+00,2021-11-07 16:30:00+00
517c88fc-d2e4-48f9-a244-13a2f0813e40,88bd03e8-2c07-4b80-943d-168273bf11d8,2021-11-07 16:30:00+00,2021-11-21 16:30:00+00
517c88fc-d2e4-48f9-a244-13a2f0813e40,c36859ee-41f5-4436-b074-52bf466bd03c,2021-11-21 16:30:00+00,2021-11-27 15:00:00+00
517c88fc-d2e4-48f9-a244-13a2f0813e40,88bd03e8-2c07-4b80-943d-168273bf11d8,2021-11-27 15:00:00+00,2021-12-02 19:30:00+00
517c88fc-d2e4-48f9-a244-13a2f0813e40,c36859ee-41f5-4436-b074-52bf466bd03c,2021-12-02 19:30:00+00,2021-12-04 15:00:00+00
517c88fc-d2e4-48f9-a244-13a2f0813e40,88bd03e8-2c07-4b80-943d-168273bf11d8,2021-12-04 15:00:00+00,2021-12-05 14:00:00+00
517c88fc-d2e4-48f9-a244-13a2f0813e40,c36859ee-41f5-4436-b074-52bf466bd03c,2021-12-05 14:00:00+00,2021-12-11 15:00:00+00
517c88fc-d2e4-48f9-a244-13a2f0813e40,88bd03e8-2c07-4b80-943d-168273bf11d8,2021-12-11 15:00:00+00,2021-12-19 16:30:00+00
517c88fc-d2e4-48f9-a244-13a2f0813e40,88bd03e8-2c07-4b80-943d-168273bf11d8,2021-12-19 16:30:00+00,2021-12-19 16:30:00+00
517c88fc-d2e4-48f9-a244-13a2f0813e40,c36859ee-41f5-4436-b074-52bf466bd03c,2021-12-19 16:30:00+00,2021-12-28 20:00:00+00
517c88fc-d2e4-48f9-a244-13a2f0813e40,88bd03e8-2c07-4b80-943d-168273bf11d8,2021-12-28 20:00:00+00,2022-01-01 15:00:00+00
517c88fc-d2e4-48f9-a244-13a2f0813e40,c36859ee-41f5-4436-b074-52bf466bd03c,2022-01-01 15:00:00+00,2022-01-02 16:30:00+00
517c88fc-d2e4-48f9-a244-13a2f0813e40,88bd03e8-2c07-4b80-943d-168273bf11d8,2022-01-02 16:30:00+00,2022-01-19 19:30:00+00
517c88fc-d2e4-48f9-a244-13a2f0813e40,c36859ee-41f5-4436-b074-52bf466bd03c,2022-01-19 19:30:00+00,2022-01-23 14:00:00+00
517c88fc-d2e4-48f9-a244-13a2f0813e40,88bd03e8-2c07-4b80-943d-168273bf11d8,2022-01-23 14:00:00+00,2022-01-23 16:30:00+00
517c88fc-d2e4-48f9-a244-13a2f0813e40,c36859ee-41f5-4436-b074-52bf466bd03c,2022-01-23 16:30:00+00,2022-02-10 19:45:00+00
517c88fc-d2e4-48f9-a244-13a2f0813e40,88bd03e8-2c07-4b80-943d-168273bf11d8,2022-02-10 19:45:00+00,2022-02-13 14:00:00+00
517c88fc-d2e4-48f9-a244-13a2f0813e40,c36859ee-41f5-4436-b074-52bf466bd03c,2022-02-13 14:00:00+00,2022-02-13 14:00:00+00
517c88fc-d2e4-48f9-a244-13a2f0813e40,88bd03e8-2c07-4b80-943d-168273bf11d8,2022-02-13 14:00:00+00,2022-02-19 17:30:00+00
517c88fc-d2e4-48f9-a244-13a2f0813e40,c36859ee-41f5-4436-b074-52bf466bd03c,2022-02-19 17:30:00+00,2022-02-23 19:45:00+00
517c88fc-d2e4-48f9-a244-13a2f0813e40,88bd03e8-2c07-4b80-943d-168273bf11d8,2022-02-23 19:45:00+00,2022-02-26 12:30:00+00
517c88fc-d2e4-48f9-a244-13a2f0813e40,c36859ee-41f5-4436-b074-52bf466bd03c,2022-02-26 12:30:00+00,2022-03-05 17:30:00+00
517c88fc-d2e4-48f9-a244-13a2f0813e40,88bd03e8-2c07-4b80-943d-168273bf11d8,2022-03-05 17:30:00+00,2022-03-07 20:00:00+00
517c88fc-d2e4-48f9-a244-13a2f0813e40,c36859ee-41f5-4436-b074-52bf466bd03c,2022-03-07 20:00:00+00,2022-03-12 12:30:00+00
517c88fc-d2e4-48f9-a244-13a2f0813e40,88bd03e8-2c07-4b80-943d-168273bf11d8,2022-03-12 12:30:00+00,2022-03-12 17:30:00+00
517c88fc-d2e4-48f9-a244-13a2f0813e40,c36859ee-41f5-4436-b074-52bf466bd03c,2022-03-12 17:30:00+00,2022-03-16 20:15:00+00
517c88fc-d2e4-48f9-a244-13a2f0813e40,88bd03e8-2c07-4b80-943d-168273bf11d8,2022-03-16 20:15:00+00,2022-03-20 16:30:00+00
517c88fc-d2e4-48f9-a244-13a2f0813e40,c36859ee-41f5-4436-b074-52bf466bd03c,2022-03-20 16:30:00+00,2022-04-02 11:30:00+00
517c88fc-d2e4-48f9-a244-13a2f0813e40,88bd03e8-2c07-4b80-943d-168273bf11d8,2022-04-02 11:30:00+00,2022-04-03 15:30:00+00
517c88fc-d2e4-48f9-a244-13a2f0813e40,c36859ee-41f5-4436-b074-52bf466bd03c,2022-04-03 15:30:00+00,2022-04-10 15:30:00+00
517c88fc-d2e4-48f9-a244-13a2f0813e40,88bd03e8-2c07-4b80-943d-168273bf11d8,2022-04-10 15:30:00+00,2022-04-16 11:30:00+00
517c88fc-d2e4-48f9-a244-13a2f0813e40,c36859ee-41f5-4436-b074-52bf466bd03c,2022-04-16 11:30:00+00,2022-04-19 19:00:00+00
517c88fc-d2e4-48f9-a244-13a2f0813e40,88bd03e8-2c07-4b80-943d-168273bf11d8,2022-04-19 19:00:00+00,2022-04-23 16:30:00+00
517c88fc-d2e4-48f9-a244-13a2f0813e40,c36859ee-41f5-4436-b074-52bf466bd03c,2022-04-23 16:30:00+00,2022-04-24 15:30:00+00
517c88fc-d2e4-48f9-a244-13a2f0813e40,88bd03e8-2c07-4b80-943d-168273bf11d8,2022-04-24 15:30:00+00,2022-05-01 13:00:00+00
517c88fc-d2e4-48f9-a244-13a2f0813e40,c36859ee-41f5-4436-b074-52bf466bd03c,2022-05-01 13:00:00+00,2022-05-07 18:45:00+00
517c88fc-d2e4-48f9-a244-13a2f0813e40,88bd03e8-2c07-4b80-943d-168273bf11d8,2022-05-07 18:45:00+00,2022-05-07 18:45:00+00
517c88fc-d2e4-48f9-a244-13a2f0813e40,c36859ee-41f5-4436-b074-52bf466bd03c,2022-05-07 18:45:00+00,2022-05-10 19:00:00+00
517c88fc-d2e4-48f9-a244-13a2f0813e40,88bd03e8-2c07-4b80-943d-168273bf11d8,2022-05-10 19:00:00+00,2022-05-12 18:45:00+00
517c88fc-d2e4-48f9-a244-13a2f0813e40,c36859ee-41f5-4436-b074-52bf466bd03c,2022-05-12 18:45:00+00,2022-05-17 18:45:00+00
517c88fc-d2e4-48f9-a244-13a2f0813e40,88bd03e8-2c07-4b80-943d-168273bf11d8,2022-05-17 18:45:00+00,2022-05-22 15:00:00+00
517c88fc-d2e4-48f9-a244-13a2f0813e40,c36859ee-41f5-4436-b074-52bf466bd03c,2022-05-22 15:00:00+00,2022-05-22 15:00:00+00
517c88fc-d2e4-48f9-a244-13a2f0813e40,88bd03e8-2c07-4b80-943d-168273bf11d8,2022-05-22 15:00:00+00,2022-08-06 11:30:00+00
517c88fc-d2e4-48f9-a244-13a2f0813e40,88bd03e8-2c07-4b80-943d-168273bf11d8,2022-08-06 11:30:00+00,2022-08-06 14:00:00+00
517c88fc-d2e4-48f9-a244-13a2f0813e40,c36859ee-41f5-4436-b074-52bf466bd03c,2022-08-06 14:00:00+00,2022-08-15 19:00:00+00
517c88fc-d2e4-48f9-a244-13a2f0813e40,88bd03e8-2c07-4b80-943d-168273bf11d8,2022-08-15 19:00:00+00,2022-08-20 11:30:00+00
517c88fc-d2e4-48f9-a244-13a2f0813e40,c36859ee-41f5-4436-b074-52bf466bd03c,2022-08-20 11:30:00+00,2022-08-22 19:00:00+00
517c88fc-d2e4-48f9-a244-13a2f0813e40,88bd03e8-2c07-4b80-943d-168273bf11d8,2022-08-22 19:00:00+00,2022-08-28 15:30:00+00
517c88fc-d2e4-48f9-a244-13a2f0813e40,c36859ee-41f5-4436-b074-52bf466bd03c,2022-08-28 15:30:00+00,2022-08-31 19:00:00+00
517c88fc-d2e4-48f9-a244-13a2f0813e40,88bd03e8-2c07-4b80-943d-168273bf11d8,2022-08-31 19:00:00+00,2022-09-03 14:00:00+00
517c88fc-d2e4-48f9-a244-13a2f0813e40,c36859ee-41f5-4436-b074-52bf466bd03c,2022-09-03 14:00:00+00,2022-10-01 14:00:00+00
517c88fc-d2e4-48f9-a244-13a2f0813e40,88bd03e8-2c07-4b80-943d-168273bf11d8,2022-10-01 14:00:00+00,2022-10-08 16:30:00+00
517c88fc-d2e4-48f9-a244-13a2f0813e40,c36859ee-41f5-4436-b074-52bf466bd03c,2022-10-08 16:30:00+00,2022-10-09 15:30:00+00
517c88fc-d2e4-48f9-a244-13a2f0813e40,88bd03e8-2c07-4b80-943d-168273bf11d8,2022-10-09 15:30:00+00,2022-10-15 16:30:00+00
517c88fc-d2e4-48f9-a244-13a2f0813e40,c36859ee-41f5-4436-b074-52bf466bd03c,2022-10-15 16:30:00+00,2022-10-16 15:30:00+00
517c88fc-d2e4-48f9-a244-13a2f0813e40,88bd03e8-2c07-4b80-943d-168273bf11d8,2022-10-16 15:30:00+00,2022-10-19 19:15:00+00
517c88fc-d2e4-48f9-a244-13a2f0813e40,c36859ee-41f5-4436-b074-52bf466bd03c,2022-10-19 19:15:00+00,2022-10-22 11:30:00+00
517c88fc-d2e4-48f9-a244-13a2f0813e40,88bd03e8-2c07-4b80-943d-168273bf11d8,2022-10-22 11:30:00+00,2022-10-23 15:30:00+00
517c88fc-d2e4-48f9-a244-13a2f0813e40,c36859ee-41f5-4436-b074-52bf466bd03c,2022-10-23 15:30:00+00,2022-10-29 18:45:00+00
517c88fc-d2e4-48f9-a244-13a2f0813e40,88bd03e8-2c07-4b80-943d-168273bf11d8,2022-10-29 18:45:00+00,2022-11-06 16:30:00+00
517c88fc-d2e4-48f9-a244-13a2f0813e40,88bd03e8-2c07-4b80-943d-168273bf11d8,2022-11-06 16:30:00+00,2022-11-06 16:30:00+00
517c88fc-d2e4-48f9-a244-13a2f0813e40,c36859ee-41f5-4436-b074-52bf466bd03c,2022-11-06 16:30:00+00,2022-11-12 15:00:00+00
517c88fc-d2e4-48f9-a244-13a2f0813e40,c36859ee-41f5-4436-b074-52bf466bd03c,2022-11-12 15:00:00+00,2022-11-12 15:00:00+00
517c88fc-d2e4-48f9-a244-13a2f0813e40,88bd03e8-2c07-4b80-943d-168273bf11d8,2022-11-12 15:00:00+00,2022-12-26 17:30:00+00
517c88fc-d2e4-48f9-a244-13a2f0813e40,88bd03e8-2c07-4b80-943d-168273bf11d8,2022-12-26 17:30:00+00,2023-01-01 14:00:00+00
517c88fc-d2e4-48f9-a244-13a2f0813e40,c36859ee-41f5-4436-b074-52bf466bd03c,2023-01-01 14:00:00+00,2023-01-02 17:30:00+00
517c88fc-d2e4-48f9-a244-13a2f0813e40,88bd03e8-2c07-4b80-943d-168273bf11d8,2023-01-02 17:30:00+00,2023-01-04 20:00:00+00
517c88fc-d2e4-48f9-a244-13a2f0813e40,c36859ee-41f5-4436-b074-52bf466bd03c,2023-01-04 20:00:00+00,2023-01-14 15:00:00+00
517c88fc-d2e4-48f9-a244-13a2f0813e40,88bd03e8-2c07-4b80-943d-168273bf11d8,2023-01-14 15:00:00+00,2023-01-15 16:30:00+00
517c88fc-d2e4-48f9-a244-13a2f0813e40,c36859ee-41f5-4436-b074-52bf466bd03c,2023-01-15 16:30:00+00,2023-01-21 12:30:00+00
517c88fc-d2e4-48f9-a244-13a2f0813e40,88bd03e8-2c07-4b80-943d-168273bf11d8,2023-01-21 12:30:00+00,2023-01-23 20:15:00+00
517c88fc-d2e4-48f9-a244-13a2f0813e40,c36859ee-41f5-4436-b074-52bf466bd03c,2023-01-23 20:15:00+00,2023-02-04 15:00:00+00
517c88fc-d2e4-48f9-a244-13a2f0813e40,88bd03e8-2c07-4b80-943d-168273bf11d8,2023-02-04 15:00:00+00,2023-02-05 16:30:00+00
517c88fc-d2e4-48f9-a244-13a2f0813e40,c36859ee-41f5-4436-b074-52bf466bd03c,2023-02-05 16:30:00+00,2023-02-13 20:00:00+00
517c88fc-d2e4-48f9-a244-13a2f0813e40,88bd03e8-2c07-4b80-943d-168273bf11d8,2023-02-13 20:00:00+00,2023-02-19 16:30:00+00
517c88fc-d2e4-48f9-a244-13a2f0813e40,c36859ee-41f5-4436-b074-52bf466bd03c,2023-02-19 16:30:00+00,2023-02-25 19:45:00+00
517c88fc-d2e4-48f9-a244-13a2f0813e40,88bd03e8-2c07-4b80-943d-168273bf11d8,2023-02-25 19:45:00+00,2023-02-26 13:30:00+00
517c88fc-d2e4-48f9-a244-13a2f0813e40,c36859ee-41f5-4436-b074-52bf466bd03c,2023-02-26 13:30:00+00,2023-03-01 20:00:00+00
517c88fc-d2e4-48f9-a244-13a2f0813e40,88bd03e8-2c07-4b80-943d-168273bf11d8,2023-03-01 20:00:00+00,2023-03-04 15:00:00+00
517c88fc-d2e4-48f9-a244-13a2f0813e40,c36859ee-41f5-4436-b074-52bf466bd03c,2023-03-04 15:00:00+00,2023-03-05 16:30:00+00
517c88fc-d2e4-48f9-a244-13a2f0813e40,88bd03e8-2c07-4b80-943d-168273bf11d8,2023-03-05 16:30:00+00,2023-03-11 15:00:00+00
517c88fc-d2e4-48f9-a244-13a2f0813e40,c36859ee-41f5-4436-b074-52bf466bd03c,2023-03-11 15:00:00+00,2023-04-01 11:30:00+00
517c88fc-d2e4-48f9-a244-13a2f0813e40,88bd03e8-2c07-4b80-943d-168273bf11d8,2023-04-01 11:30:00+00,2023-04-03 19:00:00+00
517c88fc-d2e4-48f9-a244-13a2f0813e40,c36859ee-41f5-4436-b074-52bf466bd03c,2023-04-03 19:00:00+00,2023-04-04 19:00:00+00
517c88fc-d2e4-48f9-a244-13a2f0813e40,88bd03e8-2c07-4b80-943d-168273bf11d8,2023-04-04 19:00:00+00,2023-04-08 14:00:00+00
517c88fc-d2e4-48f9-a244-13a2f0813e40,c36859ee-41f5-4436-b074-52bf466bd03c,2023-04-08 14:00:00+00,2023-04-09 15:30:00+00
517c88fc-d2e4-48f9-a244-13a2f0813e40,88bd03e8-2c07-4b80-943d-168273bf11d8,2023-04-09 15:30:00+00,2023-04-15 14:15:00+00
517c88fc-d2e4-48f9-a244-13a2f0813e40,c36859ee-41f5-4436-b074-52bf466bd03c,2023-04-15 14:15:00+00,2023-04-17 19:00:00+00
517c88fc-d2e4-48f9-a244-13a2f0813e40,88bd03e8-2c07-4b80-943d-168273bf11d8,2023-04-17 19:00:00+00,2023-04-23 13:00:00+00
517c88fc-d2e4-48f9-a244-13a2f0813e40,c36859ee-41f5-4436-b074-52bf466bd03c,2023-04-23 13:00:00+00,2023-04-26 18:45:00+00
517c88fc-d2e4-48f9-a244-13a2f0813e40,88bd03e8-2c07-4b80-943d-168273bf11d8,2023-04-26 18:45:00+00,2023-04-27 19:15:00+00
517c88fc-d2e4-48f9-a244-13a2f0813e40,c36859ee-41f5-4436-b074-52bf466bd03c,2023-04-27 19:15:00+00,2023-04-30 15:30:00+00
517c88fc-d2e4-48f9-a244-13a2f0813e40,88bd03e8-2c07-4b80-943d-168273bf11d8,2023-04-30 15:30:00+00,2023-04-30 15:30:00+00
517c88fc-d2e4-48f9-a244-13a2f0813e40,c36859ee-41f5-4436-b074-52bf466bd03c,2023-04-30 15:30:00+00,2023-05-06 14:00:00+00
517c88fc-d2e4-48f9-a244-13a2f0813e40,c36859ee-41f5-4436-b074-52bf466bd03c,2023-05-06 14:00:00+00,2023-05-06 16:30:00+00
517c88fc-d2e4-48f9-a244-13a2f0813e40,88bd03e8-2c07-4b80-943d-168273bf11d8,2023-05-06 16:30:00+00,2023-05-13 14:00:00+00
517c88fc-d2e4-48f9-a244-13a2f0813e40,c36859ee-41f5-4436-b074-52bf466bd03c,2023-05-13 14:00:00+00,2023-05-15 19:00:00+00
517c88fc-d2e4-48f9-a244-13a2f0813e40,88bd03e8-2c07-4b80-943d-168273bf11d8,2023-05-15 19:00:00+00,2023-05-20 11:30:00+00
517c88fc-d2e4-48f9-a244-13a2f0813e40,c36859ee-41f5-4436-b074-52bf466bd03c,2023-05-20 11:30:00+00,2023-05-20 14:00:00+00
517c88fc-d2e4-48f9-a244-13a2f0813e40,88bd03e8-2c07-4b80-943d-168273bf11d8,2023-05-20 14:00:00+00,2023-05-28 15:30:00+00
517c88fc-d2e4-48f9-a244-13a2f0813e40,88bd03e8-2c07-4b80-943d-168273bf11d8,2023-05-28 15:30:00+00,2023-05-28 15:30:00+00
517c88fc-d2e4-48f9-a244-13a2f0813e40,c36859ee-41f5-4436-b074-52bf466bd03c,2023-05-28 15:30:00+00,
54bb43bc-e7aa-4943-9132-0c76a4090099,362fd116-c81c-454a-bbbf-9224362fbaf7,2016-08-14 15:00:00+00,2023-09-16 14:00:00+00
54bb43bc-e7aa-4943-9132-0c76a4090099,553e758c-d6be-4a04-8016-6d3e9c1ef7d5,2023-09-16 14:00:00+00,2026-08-22 00:00:00+00
59b3d929-b40d-4651-8fcd-5e707a202324,8350ce70-d89b-4e0a-a5f0-1bea417647b8,2020-09-21 17:00:00+00,2026-08-22 00:00:00+00
6fd4776f-ee54-4d51-b129-46efc5960c5d,00f7a08d-8096-49b3-839a-b438b1158e01,2024-08-16 19:00:00+00,
7183ccec-0ea9-4ec1-bc31-32c5a55bd384,807d15a6-48f7-45cb-9c7d-d765dec9ef0c,2024-08-17 11:30:00+00,
7aaf79cc-c65b-4e01-bd0d-fc5bd58bece6,6ea6e724-cd4d-44de-a150-b80147978e68,2016-08-13 11:30:00+00,2017-01-14 15:00:00+00
7aaf79cc-c65b-4e01-bd0d-fc5bd58bece6,553e758c-d6be-4a04-8016-6d3e9c1ef7d5,2017-01-14 15:00:00+00,2026-08-22 00:00:00+00
7c358e50-fa29-4835-ac10-5d6ee8468bc0,fb3fd3a3-f72f-4bb0-8430-d03c65fc42e4,2026-01-24 12:30:00+00,
7f160bcd-c48f-454e-bd10-5d13e7b7a608,2415f952-0e39-45fa-8b3d-7174113bc844,2019-08-11 13:00:00+00,2026-08-22 00:00:00+00
81e49fc3-08a4-4a4c-a132-473f95662522,c36859ee-41f5-4436-b074-52bf466bd03c,2025-01-26 14:00:00+00,2026-08-22 00:00:00+00
844e8fb4-8934-482c-b81a-1971b2bbd95c,312de382-16d0-4709-a1a2-5b3836e371d6,2026-02-01 14:00:00+00,2026-08-22 00:00:00+00
84d38cc9-bc39-4672-8b53-faf8a5100a96,2415f952-0e39-45fa-8b3d-7174113bc844,2017-08-26 14:00:00+00,2025-08-15 19:00:00+00
84d38cc9-bc39-4672-8b53-faf8a5100a96,88bd03e8-2c07-4b80-943d-168273bf11d8,2025-08-15 19:00:00+00,
84fa1217-2dbe-4acc-a446-1f78327fe989,b80f8033-02ba-4cac-aa67-ef90d045f174,2020-09-26 16:30:00+00,2021-08-14 14:00:00+00
84fa1217-2dbe-4acc-a446-1f78327fe989,553e758c-d6be-4a04-8016-6d3e9c1ef7d5,2021-08-14 14:00:00+00,2022-08-06 16:30:00+00
84fa1217-2dbe-4acc-a446-1f78327fe989,bc07075d-b661-4e83-8d89-594f6969f966,2022-08-06 16:30:00+00,2026-01-17 15:00:00+00
84fa1217-2dbe-4acc-a446-1f78327fe989,c36859ee-41f5-4436-b074-52bf466bd03c,2026-01-17 15:00:00+00,
86e096b9-965f-4b13-bc0b-7dc91707f0d4,fbfe564e-8109-41b8-a949-f7efc0f209b5,2019-11-09 15:00:00+00,2023-02-04 17:30:00+00
86e096b9-965f-4b13-bc0b-7dc91707f0d4,2415f952-0e39-45fa-8b3d-7174113bc844,2023-02-04 17:30:00+00,2026-08-22 00:00:00+00
8eab6ae2-9f42-4418-ad51-fa317717924f,1bbfff09-22e6-4971-a0fd-023e99c73df0,2022-08-06 14:00:00+00,2024-09-14 16:30:00+00
8eab6ae2-9f42-4418-ad51-fa317717924f,fbfe564e-8109-41b8-a949-f7efc0f209b5,2024-09-14 16:30:00+00,2026-08-22 00:00:00+00
8fc63c4c-fe1d-4ba7-b070-dc23c576cc89,362fd116-c81c-454a-bbbf-9224362fbaf7,2020-09-12 11:30:00+00,
918248bd-6402-486f-a13a-0f4250427ee7,c36859ee-41f5-4436-b074-52bf466bd03c,2025-08-16 14:00:00+00,
980c4351-c970-4fb0-afee-8820f742de9e,298e371c-41d1-497f-b9af-fd2deed6562c,2016-08-13 14:00:00+00,2020-09-13 15:30:00+00
980c4351-c970-4fb0-afee-8820f742de9e,c36859ee-41f5-4436-b074-52bf466bd03c,2020-09-13 15:30:00+00,2026-08-22 00:00:00+00
a3afdebc-8bc0-45cd-8af0-a425a85d8262,9f3c5423-fc19-4dce-a0c2-e807ecfd64d5,2021-08-14 16:30:00+00,
a455a99c-7d01-45c4-a87b-9a60e64d8d46,e5c8cbe9-e464-412a-8498-71d0771063a1,2025-11-24 20:00:00+00,
a60aea8e-bf25-4dd9-8d15-eef355251f1e,fbfe564e-8109-41b8-a949-f7efc0f209b5,2025-12-30 19:30:00+00,2026-08-22 00:00:00+00
a90aba94-1559-4cba-b7a7-c9924d81565f,8350ce70-d89b-4e0a-a5f0-1bea417647b8,2025-12-03 19:30:00+00,2026-08-22 00:00:00+00
ad4e763c-77a9-498e-bfdf-c206f8108f4c,553e758c-d6be-4a04-8016-6d3e9c1ef7d5,2023-08-12 14:00:00+00,
af80dc86-4ab4-4d2d-942c-fad5285fc083,83b99f75-b3a6-4f41-8f23-9b571d69e375,2024-04-20 18:30:00+00,2026-08-22 00:00:00+00
af860212-099b-4083-9c6b-0b667e106d07,362fd116-c81c-454a-bbbf-9224362fbaf7,2023-12-17 14:00:00+00,
b2542e3f-f727-4be7-b102-499d813f28f3,30d953db-392e-45e9-a514-036a7f00c912,2022-10-29 14:00:00+00,2026-08-22 00:00:00+00
b45dc1be-2cff-43c5-9659-ce1274c92394,00f7a08d-8096-49b3-839a-b438b1158e01,2020-09-12 11:30:00+00,2021-09-19 15:30:00+00
b45dc1be-2cff-43c5-9659-ce1274c92394,bc07075d-b661-4e83-8d89-594f6969f966,2021-09-19 15:30:00+00,2025-08-16 16:30:00+00
b45dc1be-2cff-43c5-9659-ce1274c92394,1f0aeb7b-4ade-4beb-9842-a9fe08d61bdb,2025-08-16 16:30:00+00,
b4a212e5-2269-4519-9737-c540dad37345,bc07075d-b661-4e83-8d89-594f6969f966,2024-08-18 15:30:00+00,
b6a0306c-bb5a-42f2-a3d9-399c51caa345,adedb695-f98a-4e53-b340-353d00ce7c52,2021-05-08 14:00:00+00,2024-08-17 14:00:00+00
b6a0306c-bb5a-42f2-a3d9-399c51caa345,4bc42e2a-a630-47d5-95b3-21e67deba946,2024-08-17 14:00:00+00,2026-08-22 00:00:00+00
ba096756-1a44-4b69-b556-cc908f90bc45,fb3fd3a3-f72f-4bb0-8430-d03c65fc42e4,2025-08-16 14:00:00+00,2026-08-22 00:00:00+00
c283ee88-d305-40e4-8002-0308c558c5ae,1f0aeb7b-4ade-4beb-9842-a9fe08d61bdb,2016-08-13 16:30:00+00,2026-08-22 00:00:00+00
c5fad7e1-f59b-4f5f-a1ec-adb606ea2d58,30d953db-392e-45e9-a514-036a7f00c912,2023-11-12 14:00:00+00,2026-08-22 00:00:00+00
d3c92dd6-bb68-43a1-99a8-aef14c6d9325,bc07075d-b661-4e83-8d89-594f6969f966,2025-02-14 20:00:00+00,
d6bb65df-f588-4aea-97a2-bcd2c3df9fed,807d15a6-48f7-45cb-9c7d-d765dec9ef0c,2024-08-31 14:00:00+00,
d7c96669-436e-4944-b54d-59695cfd26c6,adedb695-f98a-4e53-b340-353d00ce7c52,2021-05-23 15:00:00+00,2024-08-17 14:00:00+00
d7c96669-436e-4944-b54d-59695cfd26c6,2415f952-0e39-45fa-8b3d-7174113bc844,2024-08-17 14:00:00+00,
da90bf95-1485-4b1f-a5fc-029e3dc29a7b,9f3c5423-fc19-4dce-a0c2-e807ecfd64d5,2021-08-14 16:30:00+00,2023-09-18 18:45:00+00
da90bf95-1485-4b1f-a5fc-029e3dc29a7b,1bbfff09-22e6-4971-a0fd-023e99c73df0,2023-09-18 18:45:00+00,2026-08-22 00:00:00+00
db1fc670-1800-46cf-9e4b-52a48c7cd414,6c53158c-9b35-43be-8924-e380139e75f2,2026-01-04 12:30:00+00,2026-08-22 00:00:00+00
e8542eaf-c756-4ee5-9398-365773676f59,553e758c-d6be-4a04-8016-6d3e9c1ef7d5,2025-09-13 14:00:00+00,
f8d026d5-43d1-43c8-aff8-8855325eeda9,298e371c-41d1-497f-b9af-fd2deed6562c,2022-08-06 14:00:00+00,2026-08-22 00:00:00+00
fd6b0bfa-e94a-4356-8849-6e503548ef11,fbfe564e-8109-41b8-a949-f7efc0f209b5,2023-12-16 17:30:00+00,2026-08-22 00:00:00+00
003c34bb-f0e8-4fef-9e37-a09243dfdd5e,6ea6e724-cd4d-44de-a150-b80147978e68,2017-11-28 19:45:00+00,2026-08-22 00:00:00+00
02f33067-df2b-4ccc-bf64-f76114dfdd79,4bc42e2a-a630-47d5-95b3-21e67deba946,2024-12-26 15:00:00+00,2026-08-22 00:00:00+00
05d1cd37-3413-413e-a5fd-39e6399b4b6d,fb3fd3a3-f72f-4bb0-8430-d03c65fc42e4,2025-08-16 14:00:00+00,2026-08-22 00:00:00+00
06a7455e-20c3-4c63-8b9f-ba883dd303a2,312de382-16d0-4709-a1a2-5b3836e371d6,2024-01-31 19:30:00+00,2026-08-22 00:00:00+00
0b8ecd30-19a8-4509-9f8d-09deaf8ac2ee,c36859ee-41f5-4436-b074-52bf466bd03c,2025-02-16 16:30:00+00,
0c265a4a-81e6-46d2-b15f-1160dc3515ea,8350ce70-d89b-4e0a-a5f0-1bea417647b8,2024-08-17 16:30:00+00,
0e7b8ecc-a699-45cb-8993-d5e32832794b,30d953db-392e-45e9-a514-036a7f00c912,2024-08-17 14:00:00+00,
1593b0e8-5e6e-4ee0-97dc-c59996945458,bc07075d-b661-4e83-8d89-594f6969f966,2025-02-22 17:30:00+00,
1c660429-4643-421e-a350-ab36f78cb9a1,e5c8cbe9-e464-412a-8498-71d0771063a1,2019-02-27 20:00:00+00,2022-09-03 11:30:00+00
1c660429-4643-421e-a350-ab36f78cb9a1,fbfe564e-8109-41b8-a949-f7efc0f209b5,2022-09-03 11:30:00+00,
2145cb57-1e29-45d2-bcce-4cd84f6243b5,4fb06250-6389-4868-9248-1434356257be,2017-10-28 14:00:00+00,2020-10-26 20:00:00+00
2145cb57-1e29-45d2-bcce-4cd84f6243b5,c36859ee-41f5-4436-b074-52bf466bd03c,2020-10-26 20:00:00+00,2025-08-18 19:00:00+00
2145cb57-1e29-45d2-bcce-4cd84f6243b5,6c53158c-9b35-43be-8924-e380139e75f2,2025-08-18 19:00:00+00,
2468d2cb-1943-47c2-8ce2-d5a32bc6b63d,400ce689-140a-4090-a2b3-9f1efcf49197,2025-08-16 14:00:00+00,2026-08-22 00:00:00+00
25e894d5-5fe6-4e70-9231-eb41f5fd051f,30d953db-392e-45e9-a514-036a7f00c912,2025-08-16 14:00:00+00,
26eaee45-f326-409e-8d39-72d972f14e96,400ce689-140a-4090-a2b3-9f1efcf49197,2016-08-13 14:00:00+00,2022-08-06 16:30:00+00
26eaee45-f326-409e-8d39-72d972f14e96,fbfe564e-8109-41b8-a949-f7efc0f209b5,2022-08-06 16:30:00+00,
2c0b785d-9175-415e-b7ee-cb10961a60a6,362fd116-c81c-454a-bbbf-9224362fbaf7,2025-08-17 15:30:00+00,
319633eb-126e-4558-bcbe-3f81634f4b5f,9f3c5423-fc19-4dce-a0c2-e807ecfd64d5,2019-08-09 19:00:00+00,2023-08-12 14:00:00+00
319633eb-126e-4558-bcbe-3f81634f4b5f,4bc42e2a-a630-47d5-95b3-21e67deba946,2023-08-12 14:00:00+00,2026-08-22 00:00:00+00
3706fb38-9c0f-4fa6-a4d3-69171dad0499,bfa79885-47f6-40b9-a2a8-e3621b71b00e,2020-02-01 15:00:00+00,2026-08-22 00:00:00+00
388f57c9-3041-47f7-8b9a-e517164d0b7b,6c53158c-9b35-43be-8924-e380139e75f2,2025-08-23 16:30:00+00,
398e6afe-d051-47bb-936c-de955dad0612,4bc42e2a-a630-47d5-95b3-21e67deba946,2016-08-21 15:00:00+00,2020-09-12 19:00:00+00
398e6afe-d051-47bb-936c-de955dad0612,2415f952-0e39-45fa-8b3d-7174113bc844,2020-09-12 19:00:00+00,2024-08-31 14:00:00+00
398e6afe-d051-47bb-936c-de955dad0612,298e371c-41d1-497f-b9af-fd2deed6562c,2024-08-31 14:00:00+00,2026-08-22 00:00:00+00
47d990fb-4762-441d-9981-5afd8ed15938,bfa79885-47f6-40b9-a2a8-e3621b71b00e,2025-08-16 14:00:00+00,2026-08-22 00:00:00+00
4b659083-76f4-4acf-94f2-c067fbae05f5,553e758c-d6be-4a04-8016-6d3e9c1ef7d5,2024-09-01 12:30:00+00,
4c7e5c2a-dc4d-4126-a8d6-7cc8830fff8a,6c53158c-9b35-43be-8924-e380139e75f2,2021-12-18 17:30:00+00,2024-08-19 19:00:00+00
4c7e5c2a-dc4d-4126-a8d6-7cc8830fff8a,c36859ee-41f5-4436-b074-52bf466bd03c,2024-08-19 19:00:00+00,
53f6428c-e03e-4b83-9596-03cfaf24f761,adedb695-f98a-4e53-b340-353d00ce7c52,2020-09-14 17:00:00+00,2024-08-17 16:30:00+00
53f6428c-e03e-4b83-9596-03cfaf24f761,bfa79885-47f6-40b9-a2a8-e3621b71b00e,2024-08-17 16:30:00+00,2026-08-22 00:00:00+00
5f86cb6b-ae70-4315-8d4b-ba0bf1882b9f,c36859ee-41f5-4436-b074-52bf466bd03c,2025-08-16 14:00:00+00,2026-08-22 00:00:00+00
63c6ba11-a89d-43b5-aeea-b5cf6d9275f6,4bc42e2a-a630-47d5-95b3-21e67deba946,2024-04-21 14:00:00+00,2026-08-22 00:00:00+00
640f552c-5304-4212-a861-92b6428b71ad,fb3fd3a3-f72f-4bb0-8430-d03c65fc42e4,2025-08-16 14:00:00+00,
6532b4fe-afc3-4fea-a648-f7a83cb442db,bfa79885-47f6-40b9-a2a8-e3621b71b00e,2023-08-12 14:00:00+00,2026-08-22 00:00:00+00
6ac8f5b9-859e-4414-8eb7-ed93d2c022d2,4bc42e2a-a630-47d5-95b3-21e67deba946,2024-12-29 15:00:00+00,2026-08-22 00:00:00+00
6c3a5db1-40e5-4713-80e3-ac5a4f93821d,807d15a6-48f7-45cb-9c7d-d765dec9ef0c,2024-08-17 11:30:00+00,2026-08-22 00:00:00+00
6d3fb615-c3e0-4895-b384-57dcb3dc557e,1f0aeb7b-4ade-4beb-9842-a9fe08d61bdb,2022-08-07 15:30:00+00,
75dcd00b-3ea1-42da-bb8a-25dbb04a0866,30d953db-392e-45e9-a514-036a7f00c912,2025-08-16 14:00:00+00,
76655ede-839c-47b5-a12a-de89ce660f33,bfa79885-47f6-40b9-a2a8-e3621b71b00e,2025-11-08 15:00:00+00,2026-08-22 00:00:00+00
76b5f523-e1e4-4481-9a18-8d299f9ea58f,b80f8033-02ba-4cac-aa67-ef90d045f174,2020-09-13 13:00:00+00,2024-08-17 11:30:00+00
76b5f523-e1e4-4481-9a18-8d299f9ea58f,807d15a6-48f7-45cb-9c7d-d765dec9ef0c,2024-08-17 11:30:00+00,2026-08-22 00:00:00+00
7fc92228-dc92-40c8-8907-f3400530fe23,bfa79885-47f6-40b9-a2a8-e3621b71b00e,2020-10-04 11:00:00+00,2026-08-22 00:00:00+00
82672137-05d4-4564-82a0-ccd9a3ed62b1,553e758c-d6be-4a04-8016-6d3e9c1ef7d5,2022-12-31 15:00:00+00,2026-08-22 00:00:00+00
83ca5847-cede-4643-8401-ec260ed79816,400ce689-140a-4090-a2b3-9f1efcf49197,2016-08-13 14:00:00+00,2020-09-21 17:00:00+00
83ca5847-cede-4643-8401-ec260ed79816,8350ce70-d89b-4e0a-a5f0-1bea417647b8,2020-09-21 17:00:00+00,2021-08-14 11:30:00+00
83ca5847-cede-4643-8401-ec260ed79816,e5c8cbe9-e464-412a-8498-71d0771063a1,2021-08-14 11:30:00+00,
852b8e99-5abc-4f45-834c-4b82cd761841,6ea6e724-cd4d-44de-a150-b80147978e68,2021-08-14 14:00:00+00,2024-08-18 15:30:00+00
852b8e99-5abc-4f45-834c-4b82cd761841,bc07075d-b661-4e83-8d89-594f6969f966,2024-08-18 15:30:00+00,2025-08-18 19:00:00+00
852b8e99-5abc-4f45-834c-4b82cd761841,fbfe564e-8109-41b8-a949-f7efc0f209b5,2025-08-18 19:00:00+00,
89bd4d8a-948b-40e5-8958-5c47b1c373ec,bc07075d-b661-4e83-8d89-594f6969f966,2018-02-05 20:00:00+00,2022-08-28 13:00:00+00
89bd4d8a-948b-40e5-8958-5c47b1c373ec,bfa79885-47f6-40b9-a2a8-e3621b71b00e,2022-08-28 13:00:00+00,2026-08-22 00:00:00+00
8a91131c-7abc-4a79-9928-11420d27ee47,298e371c-41d1-497f-b9af-fd2deed6562c,2022-08-06 14:00:00+00,2026-08-22 00:00:00+00
8cadc27c-78e8-42f7-998c-adecb9719d31,bc07075d-b661-4e83-8d89-594f6969f966,2024-04-07 16:30:00+00,2026-08-22 00:00:00+00
9506b6f4-6706-4010-abbd-cda04f86a649,312de382-16d0-4709-a1a2-5b3836e371d6,2022-10-01 14:00:00+00,2026-08-22 00:00:00+00
9b78a208-c2e8-4f6d-908c-f001fec8c607,bfa79885-47f6-40b9-a2a8-e3621b71b00e,2024-08-17 16:30:00+00,2026-08-22 00:00:00+00
9c3386df-0f0e-4850-abc3-108eb7eeb8f8,298e371c-41d1-497f-b9af-fd2deed6562c,2025-01-25 15:00:00+00,2026-08-22 00:00:00+00
9dc9d7d5-adb7-4d08-afb8-4b30b62c446d,bfa79885-47f6-40b9-a2a8-e3621b71b00e,2024-08-17 16:30:00+00,2026-08-22 00:00:00+00
9e423aa4-3870-402b-bd76-cf3f0a9b66bf,4bc42e2a-a630-47d5-95b3-21e67deba946,2024-02-24 17:30:00+00,2026-08-22 00:00:00+00
abb828d9-75cb-46c0-a5cd-3d4917f6da5e,88bd03e8-2c07-4b80-943d-168273bf11d8,2026-05-03 14:30:00+00,2026-08-22 00:00:00+00
b017da9f-56f3-43d0-81ba-ba7a3806e0b6,30d953db-392e-45e9-a514-036a7f00c912,2022-08-21 13:00:00+00,2026-08-22 00:00:00+00
bdec436e-5a79-4ed5-9db6-0f5c66eae832,1f0aeb7b-4ade-4beb-9842-a9fe08d61bdb,2025-01-25 17:30:00+00,
bf428111-cd34-4d6e-afd6-31e7a312dc1d,e5c8cbe9-e464-412a-8498-71d0771063a1,2018-12-01 17:30:00+00,
c0e3d0b0-8ab9-4301-85e4-ee12d5aa5e8b,8350ce70-d89b-4e0a-a5f0-1bea417647b8,2022-08-06 14:00:00+00,
c3489e6f-c72b-463e-9e6b-19e3668f8c70,88bd03e8-2c07-4b80-943d-168273bf11d8,2022-08-22 19:00:00+00,
caaa5e05-744a-4b07-84ec-85c9f12315a7,30d953db-392e-45e9-a514-036a7f00c912,2017-08-12 16:30:00+00,2026-08-22 00:00:00+00
d92e7a7e-c294-4520-91d5-da6f8f36fd0a,807d15a6-48f7-45cb-9c7d-d765dec9ef0c,2024-08-17 11:30:00+00,
da7e8c4f-45b6-4982-a72a-27c5837d3b5d,4bc42e2a-a630-47d5-95b3-21e67deba946,2022-08-06 14:00:00+00,
dc214f24-4ce7-426b-80b2-c4bd06c04aec,00f7a08d-8096-49b3-839a-b438b1158e01,2022-09-03 14:00:00+00,2026-08-22 00:00:00+00
df86d319-d280-478c-932f-856bd0b3da34,30d953db-392e-45e9-a514-036a7f00c912,2023-04-29 14:00:00+00,2026-08-22 00:00:00+00
e642deb6-f398-4f23-8f6b-4517569c6521,c36859ee-41f5-4436-b074-52bf466bd03c,2024-08-19 19:00:00+00,
e7d3fa84-b7d0-432f-a17b-62dcd50dac2f,4bc42e2a-a630-47d5-95b3-21e67deba946,2024-08-25 13:00:00+00,
ea2a7a09-c8ae-430a-bf6f-dd514154e543,e5c8cbe9-e464-412a-8498-71d0771063a1,2024-08-16 19:00:00+00,
ef27dda9-b74d-4e05-a474-3ce88f01963e,2415f952-0e39-45fa-8b3d-7174113bc844,2017-08-13 12:30:00+00,2026-08-22 00:00:00+00
f2114ba7-f7b6-4935-8cce-503ef22d76a7,312de382-16d0-4709-a1a2-5b3836e371d6,2024-01-31 19:30:00+00,
f6bc79c3-d0c9-41f1-8bb6-88d20ce94792,362fd116-c81c-454a-bbbf-9224362fbaf7,2016-08-14 15:00:00+00,2021-08-14 14:00:00+00
f6bc79c3-d0c9-41f1-8bb6-88d20ce94792,8350ce70-d89b-4e0a-a5f0-1bea417647b8,2021-08-14 14:00:00+00,2023-08-27 13:00:00+00
f6bc79c3-d0c9-41f1-8bb6-88d20ce94792,400ce689-140a-4090-a2b3-9f1efcf49197,2023-08-27 13:00:00+00,2026-08-22 00:00:00+00
f7ea0dfa-3d4d-4280-9635-f443f045977c,362fd116-c81c-454a-bbbf-9224362fbaf7,2024-08-31 11:30:00+00,2026-08-22 00:00:00+00
f82e53d7-605b-4a3d-8ce6-b28823b60aa1,88bd03e8-2c07-4b80-943d-168273bf11d8,2019-08-17 14:00:00+00,2025-08-17 13:00:00+00
f82e53d7-605b-4a3d-8ce6-b28823b60aa1,312de382-16d0-4709-a1a2-5b3836e371d6,2025-08-17 13:00:00+00,
fef21c3b-20a9-4632-a6e3-8db0948f2205,00f7a08d-8096-49b3-839a-b438b1158e01,2019-05-04 14:00:00+00,2019-07-28 00:00:00+00
fef21c3b-20a9-4632-a6e3-8db0948f2205,88bd03e8-2c07-4b80-943d-168273bf11d8,2019-07-28 00:00:00+00,2025-09-13 14:00:00+00
fef21c3b-20a9-4632-a6e3-8db0948f2205,8350ce70-d89b-4e0a-a5f0-1bea417647b8,2025-09-13 14:00:00+00,
12d85374-64db-40ed-b677-c23eae6ec21c,312de382-16d0-4709-a1a2-5b3836e371d6,2024-08-18 13:00:00+00,2026-08-22 00:00:00+00
1ac76c65-0681-462c-82fa-1d7a480d9d61,bc07075d-b661-4e83-8d89-594f6969f966,2025-01-25 17:30:00+00,2026-08-22 00:00:00+00
1bfa136f-5bd8-40de-940d-aa8ab06b8e03,6ea6e724-cd4d-44de-a150-b80147978e68,2024-08-19 19:00:00+00,2026-08-22 00:00:00+00
1eee5051-f16f-4a8e-af4e-028517faa001,e5c8cbe9-e464-412a-8498-71d0771063a1,2025-02-16 16:30:00+00,
2c5e3c83-a97a-486a-8107-dcfb3f27e0a5,00f7a08d-8096-49b3-839a-b438b1158e01,2025-09-13 14:00:00+00,
2fc945e5-d19c-4530-a647-863b0ea4396d,1f0aeb7b-4ade-4beb-9842-a9fe08d61bdb,2020-10-03 16:30:00+00,
354368e9-44f7-498c-aa89-35d943e3709b,fb3fd3a3-f72f-4bb0-8430-d03c65fc42e4,2025-08-16 14:00:00+00,2026-08-22 00:00:00+00
39cfc7e8-d097-4574-8da1-b39c898aaecc,362fd116-c81c-454a-bbbf-9224362fbaf7,2024-08-17 14:00:00+00,
3a760bdc-2151-45df-b3e4-518c0d97e81d,30d953db-392e-45e9-a514-036a7f00c912,2025-04-12 14:00:00+00,
3f7d0d15-bae9-4443-b8fd-602d0b46e83b,400ce689-140a-4090-a2b3-9f1efcf49197,2023-08-27 13:00:00+00,2024-08-19 19:00:00+00
3f7d0d15-bae9-4443-b8fd-602d0b46e83b,c36859ee-41f5-4436-b074-52bf466bd03c,2024-08-19 19:00:00+00,
3f7d4955-3c72-41cb-a9d5-b304175a295f,6c53158c-9b35-43be-8924-e380139e75f2,2025-08-18 19:00:00+00,
423ca461-6872-4d4c-a2fa-b78f2c02fe5b,362fd116-c81c-454a-bbbf-9224362fbaf7,2025-01-25 15:00:00+00,2026-08-22 00:00:00+00
4740a0a4-ae26-4421-9b41-4652ab59e9dd,c36859ee-41f5-4436-b074-52bf466bd03c,2024-12-01 13:30:00+00,2026-08-22 00:00:00+00
47e50346-47f4-4225-b164-b93dba66e562,1f0aeb7b-4ade-4beb-9842-a9fe08d61bdb,2021-11-21 14:00:00+00,2023-09-16 14:00:00+00
47e50346-47f4-4225-b164-b93dba66e562,adedb695-f98a-4e53-b340-353d00ce7c52,2023-09-16 14:00:00+00,2024-08-18 15:30:00+00
47e50346-47f4-4225-b164-b93dba66e562,1f0aeb7b-4ade-4beb-9842-a9fe08d61bdb,2024-08-18 15:30:00+00,2025-08-24 13:00:00+00
47e50346-47f4-4225-b164-b93dba66e562,1bbfff09-22e6-4971-a0fd-023e99c73df0,2025-08-24 13:00:00+00,
4817d2cb-729d-4ed5-80b3-8ba056309bf8,8350ce70-d89b-4e0a-a5f0-1bea417647b8,2021-03-06 17:30:00+00,2025-01-19 16:30:00+00
4817d2cb-729d-4ed5-80b3-8ba056309bf8,807d15a6-48f7-45cb-9c7d-d765dec9ef0c,2025-01-19 16:30:00+00,
49acc28c-0579-4ecf-bb09-7844ec2862b6,6ea6e724-cd4d-44de-a150-b80147978e68,2019-08-11 13:00:00+00,2025-08-30 16:30:00+00
49acc28c-0579-4ecf-bb09-7844ec2862b6,6c53158c-9b35-43be-8924-e380139e75f2,2025-08-30 16:30:00+00,
4e31b963-7b67-4a50-877d-8749e28e0866,1f0aeb7b-4ade-4beb-9842-a9fe08d61bdb,2024-02-10 12:30:00+00,2026-08-22 00:00:00+00
4e8fb766-f0fb-40ad-8685-3a97fd449a8c,807d15a6-48f7-45cb-9c7d-d765dec9ef0c,2024-08-17 11:30:00+00,2026-08-22 00:00:00+00
54468bd1-fd06-4348-9c84-3166c4cf40a8,1f0aeb7b-4ade-4beb-9842-a9fe08d61bdb,2025-12-20 15:00:00+00,2026-08-22 00:00:00+00
5640420e-6a7a-4897-b6cf-1906ca0ce6a5,362fd116-c81c-454a-bbbf-9224362fbaf7,2020-10-17 16:30:00+00,2026-08-22 00:00:00+00
59be428e-1815-4299-87d2-45631e20edfd,312de382-16d0-4709-a1a2-5b3836e371d6,2024-08-31 14:00:00+00,2026-08-22 00:00:00+00
5d65e834-c62a-40ff-b188-49c37deb087f,88bd03e8-2c07-4b80-943d-168273bf11d8,2020-10-31 17:30:00+00,2026-08-22 00:00:00+00
5e017af1-fb1d-4fd8-ae6b-f20b511544e2,c36859ee-41f5-4436-b074-52bf466bd03c,2017-11-05 12:00:00+00,2026-08-22 00:00:00+00
64c1604f-20e8-4f70-aca6-234467915cdb,30d953db-392e-45e9-a514-036a7f00c912,2019-01-29 19:45:00+00,2022-02-08 19:45:00+00
64c1604f-20e8-4f70-aca6-234467915cdb,2415f952-0e39-45fa-8b3d-7174113bc844,2022-02-08 19:45:00+00,
65ea922b-e24a-4073-a83f-989d52da023d,00f7a08d-8096-49b3-839a-b438b1158e01,2023-09-02 14:00:00+00,2026-08-22 00:00:00+00
67150f6f-4550-46e1-ab06-5be560ba9de2,1bbfff09-22e6-4971-a0fd-023e99c73df0,2022-08-06 14:00:00+00,
733a61fc-ca5f-4d2c-9a91-a2a5cbd3cd4e,6ea6e724-cd4d-44de-a150-b80147978e68,2024-08-19 19:00:00+00,2026-08-22 00:00:00+00
78b49aa9-73ed-4667-89db-8fd7b6a24104,30d953db-392e-45e9-a514-036a7f00c912,2025-08-16 14:00:00+00,
79a8c4cb-57b4-4560-87e0-fb36aa54d359,6ea6e724-cd4d-44de-a150-b80147978e68,2024-08-19 19:00:00+00,
7cbdcb07-d703-40df-98b5-5e101234a66e,1bbfff09-22e6-4971-a0fd-023e99c73df0,2025-08-17 13:00:00+00,
826f2eb6-c024-428d-8947-35add533b2c5,83b99f75-b3a6-4f41-8f23-9b571d69e375,2020-09-14 17:00:00+00,2024-08-17 14:00:00+00
826f2eb6-c024-428d-8947-35add533b2c5,2415f952-0e39-45fa-8b3d-7174113bc844,2024-08-17 14:00:00+00,2026-08-22 00:00:00+00
8318a5ef-20aa-4111-a203-80bf0226adf0,30d953db-392e-45e9-a514-036a7f00c912,2021-10-02 16:30:00+00,2026-08-22 00:00:00+00
83bf64c5-d053-4c9b-88a8-2fe044533999,2415f952-0e39-45fa-8b3d-7174113bc844,2022-08-28 13:00:00+00,2025-09-14 13:00:00+00
83bf64c5-d053-4c9b-88a8-2fe044533999,88bd03e8-2c07-4b80-943d-168273bf11d8,2025-09-14 13:00:00+00,
8454fd25-b5e1-43c0-868e-638cea3bbabb,362fd116-c81c-454a-bbbf-9224362fbaf7,2025-08-23 16:30:00+00,
85119164-5ae7-4f6f-80b1-092a42162193,e5c8cbe9-e464-412a-8498-71d0771063a1,2025-08-17 15:30:00+00,
960e06c6-602d-4b33-b050-428df9c4fd05,553e758c-d6be-4a04-8016-6d3e9c1ef7d5,2026-01-17 15:00:00+00,2026-08-22 00:00:00+00
9d4c256f-4e58-48e8-85b9-3220349b124f,553e758c-d6be-4a04-8016-6d3e9c1ef7d5,2025-08-17 13:00:00+00,
a260b16c-092a-4eaa-9f5d-4a8a425a65ff,c36859ee-41f5-4436-b074-52bf466bd03c,2019-08-10 16:30:00+00,2026-08-22 00:00:00+00
a38c8aff-9fa1-4fba-9126-f5d18b077163,88bd03e8-2c07-4b80-943d-168273bf11d8,2021-11-20 17:30:00+00,
a54bf982-f33c-43d5-af92-0c93ea1f7d9b,2415f952-0e39-45fa-8b3d-7174113bc844,2024-08-17 14:00:00+00,2026-08-22 00:00:00+00
ac4b4494-847c-4a93-8e3b-f01261646dfc,400ce689-140a-4090-a2b3-9f1efcf49197,2023-08-11 19:00:00+00,2026-08-22 00:00:00+00
b5913531-8486-40c3-bfea-b0243a1ff115,4bc42e2a-a630-47d5-95b3-21e67deba946,2026-01-19 20:00:00+00,2026-08-22 00:00:00+00
b5c70b43-633a-49a1-ab06-a61714748395,bc07075d-b661-4e83-8d89-594f6969f966,2023-05-21 15:00:00+00,2026-08-22 00:00:00+00
c395b9a2-45d9-49af-b107-70fdf588034d,30d953db-392e-45e9-a514-036a7f00c912,2025-04-12 14:00:00+00,2026-08-22 00:00:00+00
c932dd05-c46b-4c8e-bffd-ebc3be8f8402,298e371c-41d1-497f-b9af-fd2deed6562c,2016-08-13 14:00:00+00,2019-08-10 16:30:00+00
c932dd05-c46b-4c8e-bffd-ebc3be8f8402,8350ce70-d89b-4e0a-a5f0-1bea417647b8,2019-08-10 16:30:00+00,2022-02-08 19:45:00+00
c932dd05-c46b-4c8e-bffd-ebc3be8f8402,2415f952-0e39-45fa-8b3d-7174113bc844,2022-02-08 19:45:00+00,
cbeb32ec-d8f8-466d-8977-017ce20d9908,83b99f75-b3a6-4f41-8f23-9b571d69e375,2020-10-19 19:00:00+00,2025-08-16 16:30:00+00
cbeb32ec-d8f8-466d-8977-017ce20d9908,1f0aeb7b-4ade-4beb-9842-a9fe08d61bdb,2025-08-16 16:30:00+00,
d2aa0676-ff0a-49eb-92f9-d4bae6c7c62e,fb3fd3a3-f72f-4bb0-8430-d03c65fc42e4,2025-09-13 14:00:00+00,
d38b9de7-2bbe-426b-95e8-712c23991199,30d953db-392e-45e9-a514-036a7f00c912,2020-09-14 19:15:00+00,2026-08-22 00:00:00+00
d842734c-dc20-4df7-a6df-b5785833af46,bc07075d-b661-4e83-8d89-594f6969f966,2023-08-13 15:30:00+00,2026-08-22 00:00:00+00
da40d2fc-9fb1-4653-874a-386c8feae25e,6c53158c-9b35-43be-8924-e380139e75f2,2021-04-25 13:00:00+00,2024-08-17 16:30:00+00
da40d2fc-9fb1-4653-874a-386c8feae25e,bfa79885-47f6-40b9-a2a8-e3621b71b00e,2024-08-17 16:30:00+00,2026-08-22 00:00:00+00
daccf845-69c5-45a4-ac54-e344ba2e8ece,400ce689-140a-4090-a2b3-9f1efcf49197,2025-09-14 13:00:00+00,
e50c5cc9-96ec-4516-9832-495fcfe30df1,1f0aeb7b-4ade-4beb-9842-a9fe08d61bdb,2020-12-19 15:00:00+00,2026-08-22 00:00:00+00
e68404d7-2152-4d57-9be8-b6ce18ba7418,400ce689-140a-4090-a2b3-9f1efcf49197,2023-08-11 19:00:00+00,2026-08-22 00:00:00+00
ef6b540e-642d-4b54-95d8-a1c563ddd79e,2415f952-0e39-45fa-8b3d-7174113bc844,2025-08-16 11:30:00+00,
efcb34ce-b8ec-4f6e-8f4d-3f43931a54f6,553e758c-d6be-4a04-8016-6d3e9c1ef7d5,2019-12-16 19:45:00+00,
f15c7a69-783c-4c78-affb-fdaff1d4c95e,553e758c-d6be-4a04-8016-6d3e9c1ef7d5,2016-08-13 14:00:00+00,2021-08-14 14:00:00+00
f15c7a69-783c-4c78-affb-fdaff1d4c95e,400ce689-140a-4090-a2b3-9f1efcf49197,2021-08-14 14:00:00+00,2022-08-06 14:00:00+00
f15c7a69-783c-4c78-affb-fdaff1d4c95e,1bbfff09-22e6-4971-a0fd-023e99c73df0,2022-08-06 14:00:00+00,2026-08-22 00:00:00+00
f614f8c3-7444-4fea-b27a-84434634c3c8,312de382-16d0-4709-a1a2-5b3836e371d6,2024-08-18 13:00:00+00,
f80b11d9-0005-4eed-a49f-0b013931db8b,83b99f75-b3a6-4f41-8f23-9b571d69e375,2021-01-30 15:00:00+00,2026-08-22 00:00:00+00
fa56513c-1a2f-44df-9b8a-f3d0d91190db,6ea6e724-cd4d-44de-a150-b80147978e68,2020-07-16 17:00:00+00,2024-08-17 11:30:00+00
fa56513c-1a2f-44df-9b8a-f3d0d91190db,807d15a6-48f7-45cb-9c7d-d765dec9ef0c,2024-08-17 11:30:00+00,
fcb8fa2a-d72a-4a6e-93dc-15b1a2df698a,8350ce70-d89b-4e0a-a5f0-1bea417647b8,2025-08-23 14:00:00+00,
0bdc54f5-493f-421e-8dd2-27a46576fb72,362fd116-c81c-454a-bbbf-9224362fbaf7,2024-09-28 14:00:00+00,2026-08-22 00:00:00+00
106be257-c769-429d-8343-e6a75dd3b6dd,00f7a08d-8096-49b3-839a-b438b1158e01,2020-10-18 11:00:00+00,2024-08-18 15:30:00+00
106be257-c769-429d-8343-e6a75dd3b6dd,bc07075d-b661-4e83-8d89-594f6969f966,2024-08-18 15:30:00+00,
1c5ff361-4a45-48ba-b2e2-55c967518fac,e5c8cbe9-e464-412a-8498-71d0771063a1,2022-10-16 13:00:00+00,
205638de-4f26-42a1-98b6-f91f0bb35cdb,30d953db-392e-45e9-a514-036a7f00c912,2021-01-13 18:00:00+00,2026-08-22 00:00:00+00
240bccd6-3440-49d9-b4b6-42c0155ae6f5,fb3fd3a3-f72f-4bb0-8430-d03c65fc42e4,2025-08-16 14:00:00+00,2026-08-22 00:00:00+00
253cb250-29d3-4112-a2f7-3877d5e01783,312de382-16d0-4709-a1a2-5b3836e371d6,2024-09-14 14:00:00+00,2026-08-22 00:00:00+00
2664b42e-3cf1-4aeb-ab02-1b3a3c624d41,6ea6e724-cd4d-44de-a150-b80147978e68,2024-08-19 19:00:00+00,2026-08-22 00:00:00+00
27a8f115-c09a-43a6-bcfd-956843ba2268,1f0aeb7b-4ade-4beb-9842-a9fe08d61bdb,2024-08-18 15:30:00+00,2026-08-22 00:00:00+00
299dfcf6-8fe4-418c-8c6f-3903d20c4779,00f7a08d-8096-49b3-839a-b438b1158e01,2025-08-16 14:00:00+00,
2b89fbfc-2cd4-463a-b820-5ce296c75695,fbfe564e-8109-41b8-a949-f7efc0f209b5,2025-02-15 17:30:00+00,2026-08-22 00:00:00+00
2cc3182b-648a-462b-ae1c-b6e3029764fc,bc07075d-b661-4e83-8d89-594f6969f966,2026-04-18 19:00:00+00,2026-08-22 00:00:00+00
34bb5bca-8ae3-4ddb-8361-41da8c3dc2c3,c36859ee-41f5-4436-b074-52bf466bd03c,2025-10-19 13:00:00+00,
359d703f-5c63-4bfe-8ccc-57d4ede0b37c,c36859ee-41f5-4436-b074-52bf466bd03c,2021-08-15 15:30:00+00,
4147179e-ef8a-4411-90ae-c1e6f013aab9,1bbfff09-22e6-4971-a0fd-023e99c73df0,2025-09-13 11:30:00+00,
44dd3d7f-ba03-4b68-8349-7dec6675e565,6ea6e724-cd4d-44de-a150-b80147978e68,2024-08-19 19:00:00+00,2026-08-22 00:00:00+00
451e115e-1a94-4c54-9b7d-63f25fa9e973,1f0aeb7b-4ade-4beb-9842-a9fe08d61bdb,2022-08-07 15:30:00+00,2026-02-06 20:00:00+00
451e115e-1a94-4c54-9b7d-63f25fa9e973,1bbfff09-22e6-4971-a0fd-023e99c73df0,2026-02-06 20:00:00+00,2026-08-22 00:00:00+00
45c954c5-7a8e-4420-b0d7-2cd2367743a7,362fd116-c81c-454a-bbbf-9224362fbaf7,2025-05-03 16:30:00+00,2026-08-22 00:00:00+00
469511da-b743-4641-8d98-42dc51b5e329,e5c8cbe9-e464-412a-8498-71d0771063a1,2022-08-07 13:00:00+00,2026-08-22 00:00:00+00
47914f38-fdf2-4070-a8e0-34617f66da30,298e371c-41d1-497f-b9af-fd2deed6562c,2024-08-24 14:00:00+00,2025-08-31 13:00:00+00
47914f38-fdf2-4070-a8e0-34617f66da30,bfa79885-47f6-40b9-a2a8-e3621b71b00e,2025-08-31 13:00:00+00,
48da60a2-014b-491f-99ee-034d2e11bf48,e5c8cbe9-e464-412a-8498-71d0771063a1,2025-02-16 16:30:00+00,2026-08-22 00:00:00+00
497e140c-b603-4399-abb4-81cfb4a38b39,298e371c-41d1-497f-b9af-fd2deed6562c,2017-08-12 14:00:00+00,2020-09-12 11:30:00+00
497e140c-b603-4399-abb4-81cfb4a38b39,00f7a08d-8096-49b3-839a-b438b1158e01,2020-09-12 11:30:00+00,2023-01-14 15:00:00+00
497e140c-b603-4399-abb4-81cfb4a38b39,83b99f75-b3a6-4f41-8f23-9b571d69e375,2023-01-14 15:00:00+00,2026-08-22 00:00:00+00
4b72cc76-b054-4a2a-ac6b-0f0107f983f0,9f3c5423-fc19-4dce-a0c2-e807ecfd64d5,2022-04-02 14:00:00+00,
4c156eaf-44c1-468d-9757-35331d66ebe7,6c53158c-9b35-43be-8924-e380139e75f2,2022-08-06 14:00:00+00,
515a377e-fa30-4dfa-9826-e2ce13cfa78c,400ce689-140a-4090-a2b3-9f1efcf49197,2023-08-11 19:00:00+00,2026-08-22 00:00:00+00
5167d7b8-c362-4ebd-8d34-fc379f6ecaa3,c36859ee-41f5-4436-b074-52bf466bd03c,2016-09-10 14:00:00+00,2026-08-22 00:00:00+00
520b1085-6580-44d1-b65c-7132e209cb65,83b99f75-b3a6-4f41-8f23-9b571d69e375,2022-09-03 14:00:00+00,2026-08-22 00:00:00+00
522190bc-90c2-410d-85fd-e3e77951843c,4bc42e2a-a630-47d5-95b3-21e67deba946,2025-12-02 19:30:00+00,2026-08-22 00:00:00+00
53719956-8c27-4a5d-8dc9-c13ba9c77e3a,fb3fd3a3-f72f-4bb0-8430-d03c65fc42e4,2025-08-16 14:00:00+00,
538499c9-8845-4af1-9ba4-20c8f37dff9a,c36859ee-41f5-4436-b074-52bf466bd03c,2026-02-01 16:30:00+00,
56d2f6c5-0d4d-4a66-ae82-533f51b35299,4bc42e2a-a630-47d5-95b3-21e67deba946,2022-08-27 14:00:00+00,2026-08-22 00:00:00+00
57d51316-9d56-4d98-9df7-f5fc936704bb,400ce689-140a-4090-a2b3-9f1efcf49197,2016-08-13 14:00:00+00,2022-08-06 14:00:00+00
57d51316-9d56-4d98-9df7-f5fc936704bb,2415f952-0e39-45fa-8b3d-7174113bc844,2022-08-06 14:00:00+00,
58eb5b8f-a3de-4a62-9bd0-8e583a6baa0d,362fd116-c81c-454a-bbbf-9224362fbaf7,2021-08-13 19:00:00+00,2026-08-22 00:00:00+00
5b77be6e-0bb3-457f-bad5-4403f47235b1,400ce689-140a-4090-a2b3-9f1efcf49197,2025-08-16 14:00:00+00,2026-08-22 00:00:00+00
640ab1dd-d21b-4a35-94ff-a15d8778a6df,83b99f75-b3a6-4f41-8f23-9b571d69e375,2025-08-23 14:00:00+00,2026-08-22 00:00:00+00
6ac72509-7e34-45fd-b9f8-26900e8adf0e,8350ce70-d89b-4e0a-a5f0-1bea417647b8,2026-01-03 12:30:00+00,2026-08-22 00:00:00+00
6d2b823b-8112-4409-90ed-91e2a1f03ba8,fbfe564e-8109-41b8-a949-f7efc0f209b5,2023-08-12 14:00:00+00,2026-08-22 00:00:00+00
73b82181-685e-4e83-aec5-17d2036a8ebc,312de382-16d0-4709-a1a2-5b3836e371d6,2021-10-30 14:00:00+00,2026-08-22 00:00:00+00
751e7d9e-fd20-4d31-9e3c-5f8102f2d7c9,4bc42e2a-a630-47d5-95b3-21e67deba946,2025-08-15 19:00:00+00,
755babc2-28eb-47e7-bda6-3c28588e49bf,dda37d7e-d53f-4bdd-90f9-f7a78abc7feb,2016-09-10 14:00:00+00,2018-08-11 16:30:00+00
755babc2-28eb-47e7-bda6-3c28588e49bf,83b99f75-b3a6-4f41-8f23-9b571d69e375,2018-08-11 16:30:00+00,2023-08-12 00:00:00+00
755babc2-28eb-47e7-bda6-3c28588e49bf,00f7a08d-8096-49b3-839a-b438b1158e01,2023-08-12 00:00:00+00,2026-01-28 00:00:00+00
755babc2-28eb-47e7-bda6-3c28588e49bf,bfa79885-47f6-40b9-a2a8-e3621b71b00e,2026-01-28 00:00:00+00,2026-08-22 00:00:00+00
76b77469-699e-4ad8-a35a-05ac25881187,bc07075d-b661-4e83-8d89-594f6969f966,2024-03-11 20:00:00+00,
778353c6-4ddf-40e8-a474-96ac57b79dae,362fd116-c81c-454a-bbbf-9224362fbaf7,2025-08-17 15:30:00+00,
7c1cd5dc-9bd6-4518-b5a5-b90251db72a2,83b99f75-b3a6-4f41-8f23-9b571d69e375,2023-09-03 13:00:00+00,2026-08-22 00:00:00+00
7ceade22-f5db-4b3e-ae20-120cd46c67cf,1f0aeb7b-4ade-4beb-9842-a9fe08d61bdb,2023-08-11 19:00:00+00,
7ef17fb1-41aa-4135-840c-78dab8eb0374,4bc42e2a-a630-47d5-95b3-21e67deba946,2023-02-04 15:00:00+00,2026-08-22 00:00:00+00
82fc8e1d-caab-4261-ac47-3ac542bd2c29,362fd116-c81c-454a-bbbf-9224362fbaf7,2025-01-25 15:00:00+00,2026-08-22 00:00:00+00
852d68b3-2e77-4eb1-9c6a-b2d7c335f6e3,bc07075d-b661-4e83-8d89-594f6969f966,2023-08-13 15:30:00+00,
8812c842-5bef-4cd1-af43-5f3723c33c62,400ce689-140a-4090-a2b3-9f1efcf49197,2023-08-11 19:00:00+00,2026-08-22 00:00:00+00
8b62be21-84f4-402b-82dc-dc61764f013e,312de382-16d0-4709-a1a2-5b3836e371d6,2026-03-21 20:00:00+00,2026-08-22 00:00:00+00
8d8b3693-4c1c-41ff-a2ca-5adf8ab86188,312de382-16d0-4709-a1a2-5b3836e371d6,2021-08-13 19:00:00+00,
8fa61f3f-a550-4ab4-ad24-7d9a7a17436e,83b99f75-b3a6-4f41-8f23-9b571d69e375,2025-01-06 20:00:00+00,2026-08-22 00:00:00+00
92dd0330-0acf-4b03-81ca-e5bbbef686eb,6ea6e724-cd4d-44de-a150-b80147978e68,2021-08-14 14:00:00+00,2026-08-22 00:00:00+00
93faf8ab-dc87-4b45-9d60-dd1aa1dc1a6a,83b99f75-b3a6-4f41-8f23-9b571d69e375,2025-08-16 16:30:00+00,2026-08-22 00:00:00+00
958160b8-1c1b-42f6-9926-09bd848b0439,807d15a6-48f7-45cb-9c7d-d765dec9ef0c,2024-08-17 11:30:00+00,
95d950e0-c5f8-4046-8a5e-ec4f084f4a8c,bfa79885-47f6-40b9-a2a8-e3621b71b00e,2022-08-07 15:30:00+00,2024-08-17 14:00:00+00
95d950e0-c5f8-4046-8a5e-ec4f084f4a8c,298e371c-41d1-497f-b9af-fd2deed6562c,2024-08-17 14:00:00+00,2026-08-22 00:00:00+00
9604dbe5-ce94-417d-b75f-8c05bc946008,312de382-16d0-4709-a1a2-5b3836e371d6,2025-02-02 14:00:00+00,
97bf024e-98d7-4f14-9b3f-7f83a23c1d26,83b99f75-b3a6-4f41-8f23-9b571d69e375,2019-08-11 13:00:00+00,2024-08-18 15:30:00+00
97bf024e-98d7-4f14-9b3f-7f83a23c1d26,bc07075d-b661-4e83-8d89-594f6969f966,2024-08-18 15:30:00+00,
98a9027f-96af-4214-9516-b319364983a7,2415f952-0e39-45fa-8b3d-7174113bc844,2023-08-12 16:30:00+00,
99e260cf-09bc-40ed-8597-cd944af87c1e,e5c8cbe9-e464-412a-8498-71d0771063a1,2025-01-26 19:00:00+00,2026-08-22 00:00:00+00
9c938ca6-ca55-4cd8-a941-e48dfd05cc84,bfa79885-47f6-40b9-a2a8-e3621b71b00e,2025-12-04 20:00:00+00,2026-08-22 00:00:00+00
9dd5d807-1dfd-466a-8479-8ed7e06b22fb,83b99f75-b3a6-4f41-8f23-9b571d69e375,2023-08-14 19:00:00+00,2026-08-22 00:00:00+00
9e76b7ed-f9f6-489f-9c20-123fbe45111e,362fd116-c81c-454a-bbbf-9224362fbaf7,2024-09-15 13:00:00+00,2026-08-22 00:00:00+00
a4354aa0-6616-4c4e-9a28-b91936dd3ffa,00f7a08d-8096-49b3-839a-b438b1158e01,2022-08-06 11:30:00+00,2026-08-22 00:00:00+00
a49eec77-b57e-4882-a728-48590b2139d2,8350ce70-d89b-4e0a-a5f0-1bea417647b8,2020-09-28 16:45:00+00,2025-09-13 14:00:00+00
a49eec77-b57e-4882-a728-48590b2139d2,fb3fd3a3-f72f-4bb0-8430-d03c65fc42e4,2025-09-13 14:00:00+00,2026-08-22 00:00:00+00
a813d09b-3694-4714-b863-bb5997ef8f43,2415f952-0e39-45fa-8b3d-7174113bc844,2018-08-11 11:30:00+00,
a93384c0-7470-4437-9549-7000c61f9b36,4bc42e2a-a630-47d5-95b3-21e67deba946,2025-01-18 12:30:00+00,2026-08-22 00:00:00+00
aae806e0-9c1d-434e-a9db-1e5f5787b3f0,bc07075d-b661-4e83-8d89-594f6969f966,2025-08-17 13:00:00+00,
b15d2b09-385b-46e8-80b3-c9705da992b9,6c53158c-9b35-43be-8924-e380139e75f2,2020-09-12 16:30:00+00,2023-08-20 13:00:00+00
b15d2b09-385b-46e8-80b3-c9705da992b9,fbfe564e-8109-41b8-a949-f7efc0f209b5,2023-08-20 13:00:00+00,2025-08-18 19:00:00+00
b15d2b09-385b-46e8-80b3-c9705da992b9,6c53158c-9b35-43be-8924-e380139e75f2,2025-08-18 19:00:00+00,
b1b44db6-1843-4c58-b181-d8c77e598350,8350ce70-d89b-4e0a-a5f0-1bea417647b8,2024-02-17 15:00:00+00,2026-08-22 00:00:00+00
b335ffd3-622f-49c4-a3a3-c24d28da56a4,83b99f75-b3a6-4f41-8f23-9b571d69e375,2025-02-25 19:30:00+00,2026-08-22 00:00:00+00
b5cd5a56-41f7-4134-853f-62dff3140ddd,bfa79885-47f6-40b9-a2a8-e3621b71b00e,2023-02-04 17:30:00+00,2026-08-22 00:00:00+00
b90def95-9562-42fd-b58c-8fac67adb479,362fd116-c81c-454a-bbbf-9224362fbaf7,2016-08-14 15:00:00+00,2019-08-10 14:00:00+00
b90def95-9562-42fd-b58c-8fac67adb479,fbfe564e-8109-41b8-a949-f7efc0f209b5,2019-08-10 14:00:00+00,2023-09-16 14:00:00+00
b90def95-9562-42fd-b58c-8fac67adb479,00f7a08d-8096-49b3-839a-b438b1158e01,2023-09-16 14:00:00+00,
bb7748e2-2ef7-4421-8859-c247f34a47c3,e5c8cbe9-e464-412a-8498-71d0771063a1,2025-09-14 15:30:00+00,
c570f81d-5397-4fe4-b834-a937c0058953,6ea6e724-cd4d-44de-a150-b80147978e68,2024-12-14 15:00:00+00,2026-08-22 00:00:00+00
c647944c-f0e3-49ce-82ed-353de29fbf59,6ea6e724-cd4d-44de-a150-b80147978e68,2025-04-07 19:00:00+00,
ca2fad3c-7b24-4564-b856-18eaa1454bb8,30d953db-392e-45e9-a514-036a7f00c912,2023-08-12 14:00:00+00,
dac09667-7631-4ead-95e7-53d1a814d4f1,312de382-16d0-4709-a1a2-5b3836e371d6,2021-08-13 19:00:00+00,2026-08-22 00:00:00+00
e428431a-3fde-4578-a858-ebdd30f20d5b,fbfe564e-8109-41b8-a949-f7efc0f209b5,2023-08-12 14:00:00+00,2026-08-22 00:00:00+00
e8567870-86fe-4347-8ba0-117b5faaab95,1bbfff09-22e6-4971-a0fd-023e99c73df0,2025-08-17 13:00:00+00,2026-08-22 00:00:00+00
e91b0e7c-8bcf-4793-98ac-a875c987b69e,362fd116-c81c-454a-bbbf-9224362fbaf7,2023-01-03 19:45:00+00,2026-08-22 00:00:00+00
e9cd5ef7-9417-43f8-885e-7fbb625e5f1a,6ea6e724-cd4d-44de-a150-b80147978e68,2021-12-12 14:00:00+00,
eafb38c1-7c4e-4b4b-bba2-85e04dc57ad0,30d953db-392e-45e9-a514-036a7f00c912,2022-08-07 13:00:00+00,2026-08-22 00:00:00+00
f0a83477-9a84-415d-a7f0-c16f464ca033,bc07075d-b661-4e83-8d89-594f6969f966,2023-01-21 12:30:00+00,
f14ce898-c5ce-40a4-a22c-6ef0340b5f36,8350ce70-d89b-4e0a-a5f0-1bea417647b8,2025-01-18 17:30:00+00,2026-08-22 00:00:00+00
f330910f-a62e-4853-bc6f-65d94f877321,83b99f75-b3a6-4f41-8f23-9b571d69e375,2023-08-14 19:00:00+00,2025-08-24 13:00:00+00
f330910f-a62e-4853-bc6f-65d94f877321,fbfe564e-8109-41b8-a949-f7efc0f209b5,2025-08-24 13:00:00+00,
fbeda0b1-fba6-4982-bc64-fcb647bdb4aa,553e758c-d6be-4a04-8016-6d3e9c1ef7d5,2021-01-26 18:00:00+00,
fede430f-ca86-4467-ae60-c0f052711f2c,2415f952-0e39-45fa-8b3d-7174113bc844,2023-01-03 19:45:00+00,2026-08-22 00:00:00+00
125ec0fc-cbeb-467a-8e71-8f0ada688670,400ce689-140a-4090-a2b3-9f1efcf49197,2021-08-14 14:00:00+00,2022-08-06 14:00:00+00
125ec0fc-cbeb-467a-8e71-8f0ada688670,83b99f75-b3a6-4f41-8f23-9b571d69e375,2022-08-06 14:00:00+00,2023-08-13 13:00:00+00
125ec0fc-cbeb-467a-8e71-8f0ada688670,312de382-16d0-4709-a1a2-5b3836e371d6,2023-08-13 13:00:00+00,
16c6ef10-235f-47b8-91ac-7dae8c0292bc,6ea6e724-cd4d-44de-a150-b80147978e68,2023-02-04 15:00:00+00,2026-08-22 00:00:00+00
1e921cf9-1036-46eb-998c-afb94a60d6a6,8350ce70-d89b-4e0a-a5f0-1bea417647b8,2026-01-07 19:30:00+00,
1eb4ac7e-6158-4851-b363-d4ff6070ce72,1bbfff09-22e6-4971-a0fd-023e99c73df0,2024-08-17 14:00:00+00,2026-08-22 00:00:00+00
22e7a380-ba57-4e49-a5fe-81f87c540017,88bd03e8-2c07-4b80-943d-168273bf11d8,2024-02-17 12:30:00+00,
2456c5b8-e6c9-4ea3-9269-41f7c6216476,88bd03e8-2c07-4b80-943d-168273bf11d8,2019-12-14 12:30:00+00,2022-08-06 14:00:00+00
2456c5b8-e6c9-4ea3-9269-41f7c6216476,1bbfff09-22e6-4971-a0fd-023e99c73df0,2022-08-06 14:00:00+00,
24757ac2-400b-4dcd-974d-225337584faf,8350ce70-d89b-4e0a-a5f0-1bea417647b8,2025-08-16 11:30:00+00,2026-08-22 00:00:00+00
2730357e-9a2a-4b63-ae77-345a50627fca,bfa79885-47f6-40b9-a2a8-e3621b71b00e,2016-08-15 19:00:00+00,2021-08-14 16:30:00+00
2730357e-9a2a-4b63-ae77-345a50627fca,9f3c5423-fc19-4dce-a0c2-e807ecfd64d5,2021-08-14 16:30:00+00,2025-08-18 19:00:00+00
2730357e-9a2a-4b63-ae77-345a50627fca,6c53158c-9b35-43be-8924-e380139e75f2,2025-08-18 19:00:00+00,2026-08-22 00:00:00+00
285a763c-d124-443b-acd8-10f0b8778b8f,fbfe564e-8109-41b8-a949-f7efc0f209b5,2016-08-13 14:00:00+00,2024-02-03 17:30:00+00
285a763c-d124-443b-acd8-10f0b8778b8f,adedb695-f98a-4e53-b340-353d00ce7c52,2024-02-03 17:30:00+00,2024-08-17 14:00:00+00
285a763c-d124-443b-acd8-10f0b8778b8f,fbfe564e-8109-41b8-a949-f7efc0f209b5,2024-08-17 14:00:00+00,2026-08-22 00:00:00+00
2a0ea7f1-7a66-4719-a5d0-82f4f9717c9c,bfa79885-47f6-40b9-a2a8-e3621b71b00e,2025-01-26 16:30:00+00,2026-08-22 00:00:00+00
3524e956-da58-4413-8c62-2c9be93e74aa,fbfe564e-8109-41b8-a949-f7efc0f209b5,2020-10-17 11:30:00+00,2025-01-16 19:30:00+00
3524e956-da58-4413-8c62-2c9be93e74aa,807d15a6-48f7-45cb-9c7d-d765dec9ef0c,2025-01-16 19:30:00+00,2026-08-22 00:00:00+00
3705b102-1562-4193-bcc4-8311d85fae1a,fb3fd3a3-f72f-4bb0-8430-d03c65fc42e4,2025-08-16 14:00:00+00,2026-08-22 00:00:00+00
37b199cf-d628-4c06-ac80-7337b1908bfb,6ea6e724-cd4d-44de-a150-b80147978e68,2020-09-13 13:00:00+00,2023-09-02 11:30:00+00
37b199cf-d628-4c06-ac80-7337b1908bfb,adedb695-f98a-4e53-b340-353d00ce7c52,2023-09-02 11:30:00+00,2024-08-19 19:00:00+00
37b199cf-d628-4c06-ac80-7337b1908bfb,6ea6e724-cd4d-44de-a150-b80147978e68,2024-08-19 19:00:00+00,2026-08-22 00:00:00+00
4060db76-df24-4395-bc43-9bb5f618080e,c36859ee-41f5-4436-b074-52bf466bd03c,2024-12-15 19:00:00+00,2026-08-22 00:00:00+00
45af936c-cd99-491c-b5c6-905c20a14ba7,4bc42e2a-a630-47d5-95b3-21e67deba946,2025-08-23 14:00:00+00,
4b2db969-8d0c-4c21-a939-0063ae590662,6ea6e724-cd4d-44de-a150-b80147978e68,2016-08-13 11:30:00+00,2020-09-14 19:15:00+00
4b2db969-8d0c-4c21-a939-0063ae590662,bc07075d-b661-4e83-8d89-594f6969f966,2020-09-14 19:15:00+00,2025-02-15 17:30:00+00
4b2db969-8d0c-4c21-a939-0063ae590662,553e758c-d6be-4a04-8016-6d3e9c1ef7d5,2025-02-15 17:30:00+00,2026-08-22 00:00:00+00
4dba7c71-3721-48b7-8d06-f7a97d1e654c,c36859ee-41f5-4436-b074-52bf466bd03c,2022-02-09 19:45:00+00,
54a322fe-500f-4fe6-8649-8c4ba756995e,8350ce70-d89b-4e0a-a5f0-1bea417647b8,2021-08-28 14:00:00+00,2023-09-02 11:30:00+00
54a322fe-500f-4fe6-8649-8c4ba756995e,adedb695-f98a-4e53-b340-353d00ce7c52,2023-09-02 11:30:00+00,2024-08-17 14:00:00+00
54a322fe-500f-4fe6-8649-8c4ba756995e,298e371c-41d1-497f-b9af-fd2deed6562c,2024-08-17 14:00:00+00,2026-08-22 00:00:00+00
5c06b0a2-21e8-4135-9ddb-12dc4df2555e,bc07075d-b661-4e83-8d89-594f6969f966,2023-01-21 12:30:00+00,2023-09-02 14:00:00+00
5c06b0a2-21e8-4135-9ddb-12dc4df2555e,1bbfff09-22e6-4971-a0fd-023e99c73df0,2023-09-02 14:00:00+00,2024-01-13 12:30:00+00
5c06b0a2-21e8-4135-9ddb-12dc4df2555e,bc07075d-b661-4e83-8d89-594f6969f966,2024-01-13 12:30:00+00,
63a1e33c-d7ef-4511-8798-9e574cfd7ccf,400ce689-140a-4090-a2b3-9f1efcf49197,2025-12-30 19:30:00+00,2026-08-22 00:00:00+00
63f0a34a-dbdf-468d-a4e0-1857239b4436,83b99f75-b3a6-4f41-8f23-9b571d69e375,2022-01-15 15:00:00+00,2023-08-12 14:00:00+00
63f0a34a-dbdf-468d-a4e0-1857239b4436,d35b5cbf-88b2-4715-911b-0c1a9fd8e924,2023-08-12 14:00:00+00,
670f1eda-f0ed-4dad-bfdd-1e19d22820c1,00f7a08d-8096-49b3-839a-b438b1158e01,2022-10-09 13:00:00+00,2026-08-22 00:00:00+00
68f12412-b39c-4bd7-be8d-d2406c2b312e,8350ce70-d89b-4e0a-a5f0-1bea417647b8,2023-12-17 14:00:00+00,2026-08-22 00:00:00+00
6bd06b24-334f-4fdb-9746-1d98ccfcfe3f,bc07075d-b661-4e83-8d89-594f6969f966,2017-12-23 12:30:00+00,2023-09-18 18:45:00+00
6bd06b24-334f-4fdb-9746-1d98ccfcfe3f,1bbfff09-22e6-4971-a0fd-023e99c73df0,2023-09-18 18:45:00+00,
6eb78588-fb64-4370-9014-57f422cbdcd4,c36859ee-41f5-4436-b074-52bf466bd03c,2021-02-07 12:00:00+00,
743e28fa-6d1f-44e8-a594-c903f011ae8f,312de382-16d0-4709-a1a2-5b3836e371d6,2026-02-28 15:00:00+00,2026-08-22 00:00:00+00
7d302ab3-7eb6-479f-91dc-0cbe50fe9418,00f7a08d-8096-49b3-839a-b438b1158e01,2026-01-04 15:15:00+00,
7e66bd94-3d78-463b-b062-cb3bf2da1cce,8350ce70-d89b-4e0a-a5f0-1bea417647b8,2025-08-16 11:30:00+00,
8212e83e-299a-4fe2-b598-7e466a9e0621,e5c8cbe9-e464-412a-8498-71d0771063a1,2022-08-27 11:30:00+00,2026-08-22 00:00:00+00
82d86330-77c1-4de3-b44c-b66f83e9287c,83b99f75-b3a6-4f41-8f23-9b571d69e375,2022-09-17 11:30:00+00,2026-08-22 00:00:00+00
830feb86-402a-4daf-affa-3f675202527d,e5c8cbe9-e464-412a-8498-71d0771063a1,2021-08-14 11:30:00+00,2024-09-14 19:00:00+00
830feb86-402a-4daf-affa-3f675202527d,bc07075d-b661-4e83-8d89-594f6969f966,2024-09-14 19:00:00+00,2025-08-17 15:30:00+00
830feb86-402a-4daf-affa-3f675202527d,e5c8cbe9-e464-412a-8498-71d0771063a1,2025-08-17 15:30:00+00,2025-09-13 14:00:00+00
830feb86-402a-4daf-affa-3f675202527d,8350ce70-d89b-4e0a-a5f0-1bea417647b8,2025-09-13 14:00:00+00,2026-08-22 00:00:00+00
84b69e98-390d-476c-9d22-4fff6ced5ad0,88bd03e8-2c07-4b80-943d-168273bf11d8,2025-08-15 19:00:00+00,
8a5a085d-5110-4f8e-87d3-1fdb384d8533,e5c8cbe9-e464-412a-8498-71d0771063a1,2016-08-14 12:30:00+00,2025-02-15 15:00:00+00
8a5a085d-5110-4f8e-87d3-1fdb384d8533,8350ce70-d89b-4e0a-a5f0-1bea417647b8,2025-02-15 15:00:00+00,2025-08-17 15:30:00+00
8a5a085d-5110-4f8e-87d3-1fdb384d8533,e5c8cbe9-e464-412a-8498-71d0771063a1,2025-08-17 15:30:00+00,
90385cd1-1b4d-4eb7-8f0e-4ec42ec27b40,1f0aeb7b-4ade-4beb-9842-a9fe08d61bdb,2017-01-15 13:30:00+00,2022-08-05 19:00:00+00
90385cd1-1b4d-4eb7-8f0e-4ec42ec27b40,362fd116-c81c-454a-bbbf-9224362fbaf7,2022-08-05 19:00:00+00,
9352800b-9bac-479e-833e-9356775ab624,fb3fd3a3-f72f-4bb0-8430-d03c65fc42e4,2025-12-28 14:00:00+00,2026-08-22 00:00:00+00
9603c272-8f64-46b5-9d41-c1a8f99b5b94,83b99f75-b3a6-4f41-8f23-9b571d69e375,2025-01-25 15:00:00+00,2026-08-22 00:00:00+00
9d887de9-69c3-4611-b5a7-3906aa107b80,83b99f75-b3a6-4f41-8f23-9b571d69e375,2024-03-09 15:00:00+00,2026-08-22 00:00:00+00
9ddf23ec-f1ed-43e6-bd0b-c40e8f383ac3,bfa79885-47f6-40b9-a2a8-e3621b71b00e,2022-08-07 15:30:00+00,2026-08-22 00:00:00+00
a1b1578f-e07b-40cd-aaa3-9e626f20265b,298e371c-41d1-497f-b9af-fd2deed6562c,2022-08-06 14:00:00+00,2026-08-22 00:00:00+00
ab460977-65fb-434c-8333-a420e23169cc,88bd03e8-2c07-4b80-943d-168273bf11d8,2023-08-13 15:30:00+00,
afbf49b6-75a5-4592-ab2c-d08295a2a391,83b99f75-b3a6-4f41-8f23-9b571d69e375,2021-08-14 14:00:00+00,2026-08-22 00:00:00+00
b771e153-5d75-49ce-8fbd-e6e1cbda6bd2,1f0aeb7b-4ade-4beb-9842-a9fe08d61bdb,2022-08-07 15:30:00+00,
baf2ed33-845d-4a56-9fca-fe13e7b45853,c36859ee-41f5-4436-b074-52bf466bd03c,2020-09-13 15:30:00+00,2024-08-16 19:00:00+00
baf2ed33-845d-4a56-9fca-fe13e7b45853,00f7a08d-8096-49b3-839a-b438b1158e01,2024-08-16 19:00:00+00,
bb980a5b-6f4c-4bb4-8f85-9c682f3370c6,1f0aeb7b-4ade-4beb-9842-a9fe08d61bdb,2016-08-13 16:30:00+00,2022-08-05 19:00:00+00
bb980a5b-6f4c-4bb4-8f85-9c682f3370c6,362fd116-c81c-454a-bbbf-9224362fbaf7,2022-08-05 19:00:00+00,2025-09-13 11:30:00+00
bb980a5b-6f4c-4bb4-8f85-9c682f3370c6,1bbfff09-22e6-4971-a0fd-023e99c73df0,2025-09-13 11:30:00+00,2026-08-22 00:00:00+00
c63e6e33-3aa3-4d23-b62b-052db893898c,400ce689-140a-4090-a2b3-9f1efcf49197,2025-08-16 14:00:00+00,2026-08-22 00:00:00+00
c97ef6e6-01cf-4873-8aa6-2aa9a640ec47,bc07075d-b661-4e83-8d89-594f6969f966,2024-01-31 20:15:00+00,2026-08-22 00:00:00+00
cbbe90dd-5cf3-4eca-a595-c3165a3e994e,8350ce70-d89b-4e0a-a5f0-1bea417647b8,2022-08-06 14:00:00+00,2026-08-22 00:00:00+00
d0086f76-7a71-454e-9047-a5e6095d833c,1bbfff09-22e6-4971-a0fd-023e99c73df0,2022-08-06 14:00:00+00,2026-08-22 00:00:00+00
d60ca0b4-6c07-4e7e-9dd6-1a8f5bb807cc,553e758c-d6be-4a04-8016-6d3e9c1ef7d5,2025-08-31 18:00:00+00,
da1637e8-b587-4c57-97e9-29a83d53e283,4bc42e2a-a630-47d5-95b3-21e67deba946,2023-08-12 14:00:00+00,2025-08-15 19:00:00+00
da1637e8-b587-4c57-97e9-29a83d53e283,88bd03e8-2c07-4b80-943d-168273bf11d8,2025-08-15 19:00:00+00,
da4d28b6-6b8e-41c9-b410-11fd8543dfb8,1f0aeb7b-4ade-4beb-9842-a9fe08d61bdb,2025-09-14 15:30:00+00,
de2f7a1e-0cd0-4e31-a0ac-339781606f30,fb3fd3a3-f72f-4bb0-8430-d03c65fc42e4,2025-08-16 14:00:00+00,
df9d9003-755f-4e22-99b7-58ea6b16dc24,1f0aeb7b-4ade-4beb-9842-a9fe08d61bdb,2020-06-25 19:15:00+00,2023-09-03 13:00:00+00
df9d9003-755f-4e22-99b7-58ea6b16dc24,83b99f75-b3a6-4f41-8f23-9b571d69e375,2023-09-03 13:00:00+00,2026-08-22 00:00:00+00
dfc945e1-aaca-4013-b2b3-96e85b299423,bc07075d-b661-4e83-8d89-594f6969f966,2019-08-11 15:30:00+00,2023-08-14 19:00:00+00
dfc945e1-aaca-4013-b2b3-96e85b299423,e5c8cbe9-e464-412a-8498-71d0771063a1,2023-08-14 19:00:00+00,
e2bc2802-2f16-4e94-8238-7d3f8ac255c0,1bbfff09-22e6-4971-a0fd-023e99c73df0,2025-09-13 11:30:00+00,2026-08-22 00:00:00+00
e82f741c-7aaf-4807-bbfc-ce5f4a0d98b9,046d2b51-3060-4bea-9687-32605ad18897,2016-08-13 11:30:00+00,2020-02-19 19:30:00+00
e82f741c-7aaf-4807-bbfc-ce5f4a0d98b9,bfa79885-47f6-40b9-a2a8-e3621b71b00e,2020-02-19 19:30:00+00,2026-08-22 00:00:00+00
e9876fd3-9487-44e5-8c9b-9a41dcf1ac2b,4bc42e2a-a630-47d5-95b3-21e67deba946,2024-08-17 14:00:00+00,2026-08-22 00:00:00+00
eda7c3a0-ea02-4530-9af8-38ded8a21bc9,298e371c-41d1-497f-b9af-fd2deed6562c,2023-02-04 15:00:00+00,2026-08-22 00:00:00+00
f27a3540-d5e4-4dfc-864b-1eb803202eeb,1f0aeb7b-4ade-4beb-9842-a9fe08d61bdb,2023-05-21 15:00:00+00,2024-08-17 14:00:00+00
f27a3540-d5e4-4dfc-864b-1eb803202eeb,298e371c-41d1-497f-b9af-fd2deed6562c,2024-08-17 14:00:00+00,
f5980244-5e18-4a4d-99d0-95cf10b83b4d,6c53158c-9b35-43be-8924-e380139e75f2,2025-08-18 19:00:00+00,
faf51dbf-9abf-4c45-8be3-01866db48561,bc07075d-b661-4e83-8d89-594f6969f966,2025-08-17 13:00:00+00,
ff210445-02b1-4677-9041-2f4d71ca9d5b,298e371c-41d1-497f-b9af-fd2deed6562c,2016-08-13 14:00:00+00,2022-08-06 14:00:00+00
ff210445-02b1-4677-9041-2f4d71ca9d5b,c36859ee-41f5-4436-b074-52bf466bd03c,2022-08-06 14:00:00+00,2026-01-03 17:30:00+00
ff210445-02b1-4677-9041-2f4d71ca9d5b,4bc42e2a-a630-47d5-95b3-21e67deba946,2026-01-03 17:30:00+00,
02539faa-015d-44f3-9210-cfd5e296a32d,00f7a08d-8096-49b3-839a-b438b1158e01,2020-10-18 11:00:00+00,2021-08-14 14:00:00+00
02539faa-015d-44f3-9210-cfd5e296a32d,553e758c-d6be-4a04-8016-6d3e9c1ef7d5,2021-08-14 14:00:00+00,2024-08-24 14:00:00+00
02539faa-015d-44f3-9210-cfd5e296a32d,00f7a08d-8096-49b3-839a-b438b1158e01,2024-08-24 14:00:00+00,
0847dcd8-082d-4991-8913-1e3bc242dcc3,1f0aeb7b-4ade-4beb-9842-a9fe08d61bdb,2016-08-13 16:30:00+00,2026-08-22 00:00:00+00
152452e6-1e36-4c7b-b9aa-15d38bd2fcbb,1f0aeb7b-4ade-4beb-9842-a9fe08d61bdb,2017-08-12 16:30:00+00,2026-08-22 00:00:00+00
1a05965f-6a72-43c3-8a21-5d90201b464d,4fb06250-6389-4868-9248-1434356257be,2017-02-05 13:30:00+00,2018-08-11 14:00:00+00
1a05965f-6a72-43c3-8a21-5d90201b464d,553e758c-d6be-4a04-8016-6d3e9c1ef7d5,2018-08-11 14:00:00+00,2024-08-24 14:00:00+00
1a05965f-6a72-43c3-8a21-5d90201b464d,6ea6e724-cd4d-44de-a150-b80147978e68,2024-08-24 14:00:00+00,2026-08-22 00:00:00+00
1ae7f23c-458b-4bbf-8b00-9eb6a8d3a2b2,fbfe564e-8109-41b8-a949-f7efc0f209b5,2016-08-13 14:00:00+00,2018-01-13 15:00:00+00
1ae7f23c-458b-4bbf-8b00-9eb6a8d3a2b2,bc07075d-b661-4e83-8d89-594f6969f966,2018-01-13 15:00:00+00,2020-10-04 18:15:00+00
1ae7f23c-458b-4bbf-8b00-9eb6a8d3a2b2,8350ce70-d89b-4e0a-a5f0-1bea417647b8,2020-10-04 18:15:00+00,2021-08-14 14:00:00+00
1ae7f23c-458b-4bbf-8b00-9eb6a8d3a2b2,bc07075d-b661-4e83-8d89-594f6969f966,2021-08-14 14:00:00+00,2023-08-12 14:00:00+00
1ae7f23c-458b-4bbf-8b00-9eb6a8d3a2b2,d35b5cbf-88b2-4715-911b-0c1a9fd8e924,2023-08-12 14:00:00+00,2024-08-17 16:30:00+00
1ae7f23c-458b-4bbf-8b00-9eb6a8d3a2b2,8350ce70-d89b-4e0a-a5f0-1bea417647b8,2024-08-17 16:30:00+00,
1e94f3f7-b3a9-4a9b-908e-efdca4903a94,bfa79885-47f6-40b9-a2a8-e3621b71b00e,2021-10-17 13:00:00+00,2023-02-04 17:30:00+00
1e94f3f7-b3a9-4a9b-908e-efdca4903a94,2415f952-0e39-45fa-8b3d-7174113bc844,2023-02-04 17:30:00+00,2026-08-22 00:00:00+00
205e17ad-76e5-4a8a-ba2d-17e068f39ce2,30d953db-392e-45e9-a514-036a7f00c912,2022-12-31 17:30:00+00,
217fc6f8-7182-4de9-b44a-3c51d0147fb9,c36859ee-41f5-4436-b074-52bf466bd03c,2016-08-13 14:00:00+00,2024-08-19 19:00:00+00
217fc6f8-7182-4de9-b44a-3c51d0147fb9,6ea6e724-cd4d-44de-a150-b80147978e68,2024-08-19 19:00:00+00,2026-08-22 00:00:00+00
2dddc136-dd1e-4405-9609-c0692c8a7479,bfa79885-47f6-40b9-a2a8-e3621b71b00e,2024-01-02 19:30:00+00,2026-08-22 00:00:00+00
30b4cf70-9f70-4dd2-9b7c-bd17b8d6f129,00f7a08d-8096-49b3-839a-b438b1158e01,2024-12-01 13:30:00+00,2026-08-22 00:00:00+00
327507d4-d84c-49a9-aaa0-50c547faaf64,400ce689-140a-4090-a2b3-9f1efcf49197,2025-08-16 14:00:00+00,2026-08-22 00:00:00+00
33567cf6-0cb2-4e77-96d5-18102807b133,e5c8cbe9-e464-412a-8498-71d0771063a1,2022-08-07 13:00:00+00,
38eac867-ae09-4f4e-9791-9ad2c4572d42,6ea6e724-cd4d-44de-a150-b80147978e68,2020-09-13 13:00:00+00,2023-09-02 14:00:00+00
38eac867-ae09-4f4e-9791-9ad2c4572d42,00f7a08d-8096-49b3-839a-b438b1158e01,2023-09-02 14:00:00+00,
3acb44ae-5b2f-45c5-9869-84d7afbc168f,553e758c-d6be-4a04-8016-6d3e9c1ef7d5,2023-02-04 15:00:00+00,2026-08-22 00:00:00+00
3c643231-db3b-46f4-80f0-a33979f63288,8350ce70-d89b-4e0a-a5f0-1bea417647b8,2019-08-10 16:30:00+00,2021-08-15 15:30:00+00
3c643231-db3b-46f4-80f0-a33979f63288,1f0aeb7b-4ade-4beb-9842-a9fe08d61bdb,2021-08-15 15:30:00+00,2025-08-18 19:00:00+00
3c643231-db3b-46f4-80f0-a33979f63288,fbfe564e-8109-41b8-a949-f7efc0f209b5,2025-08-18 19:00:00+00,
4c5f3a6c-b926-4546-b5a0-5f5d33fc2c89,8350ce70-d89b-4e0a-a5f0-1bea417647b8,2023-04-01 16:30:00+00,2026-08-22 00:00:00+00
5105b215-ce6e-4494-93d2-f5aab4a3315a,bc07075d-b661-4e83-8d89-594f6969f966,2023-08-13 15:30:00+00,2026-08-22 00:00:00+00
51b47c65-f386-4921-97d4-2832ef428a0b,553e758c-d6be-4a04-8016-6d3e9c1ef7d5,2024-02-19 20:00:00+00,2026-08-22 00:00:00+00
52ba12ec-f1b5-4b92-bb34-77206ee01245,6ea6e724-cd4d-44de-a150-b80147978e68,2024-08-19 19:00:00+00,2026-08-22 00:00:00+00
5352a53c-371e-42ed-a345-bdcc7230af37,30d953db-392e-45e9-a514-036a7f00c912,2022-08-07 13:00:00+00,2023-08-13 15:30:00+00
5352a53c-371e-42ed-a345-bdcc7230af37,bc07075d-b661-4e83-8d89-594f6969f966,2023-08-13 15:30:00+00,
5cc0d215-d5d4-45b3-af5b-bd01530e0311,6c53158c-9b35-43be-8924-e380139e75f2,2026-05-11 19:00:00+00,2026-08-22 00:00:00+00
6530cfe0-7569-4842-bbcf-bb9dfee916c9,2415f952-0e39-45fa-8b3d-7174113bc844,2023-08-12 16:30:00+00,
6847702c-365b-4701-b202-70d7b140e906,bfa79885-47f6-40b9-a2a8-e3621b71b00e,2026-01-24 12:30:00+00,2026-08-22 00:00:00+00
6b4855a7-de3e-4a17-8693-c969c940a17d,312de382-16d0-4709-a1a2-5b3836e371d6,2024-09-21 14:00:00+00,2026-08-22 00:00:00+00
7cdd3161-7671-44b1-ba34-2c6aab483072,88bd03e8-2c07-4b80-943d-168273bf11d8,2020-09-12 16:30:00+00,
7d544fd0-af52-4656-ace1-4b683c3a2ff4,400ce689-140a-4090-a2b3-9f1efcf49197,2023-08-11 19:00:00+00,2026-08-22 00:00:00+00
8295176c-01fe-478e-a689-ff94aed0fbd1,1f0aeb7b-4ade-4beb-9842-a9fe08d61bdb,2018-08-25 11:30:00+00,2023-08-11 19:00:00+00
8295176c-01fe-478e-a689-ff94aed0fbd1,400ce689-140a-4090-a2b3-9f1efcf49197,2023-08-11 19:00:00+00,2024-08-17 11:30:00+00
8295176c-01fe-478e-a689-ff94aed0fbd1,807d15a6-48f7-45cb-9c7d-d765dec9ef0c,2024-08-17 11:30:00+00,2026-08-22 00:00:00+00
84546ac0-47e1-4932-b173-8e0f393efc0d,362fd116-c81c-454a-bbbf-9224362fbaf7,2017-04-05 18:45:00+00,2020-09-16 00:00:00+00
84546ac0-47e1-4932-b173-8e0f393efc0d,8350ce70-d89b-4e0a-a5f0-1bea417647b8,2020-09-16 00:00:00+00,
8685235e-13e5-4d66-9de5-9a799c8a08a7,88bd03e8-2c07-4b80-943d-168273bf11d8,2024-02-10 15:00:00+00,
8a50219f-55c4-404b-bc89-9754e0eb85de,1bbfff09-22e6-4971-a0fd-023e99c73df0,2022-08-06 14:00:00+00,
8b635a0b-1d12-4fa1-ac09-216f20e4947c,312de382-16d0-4709-a1a2-5b3836e371d6,2023-01-14 17:30:00+00,
8daad36b-7102-4288-85f6-67531e40d176,bfa79885-47f6-40b9-a2a8-e3621b71b00e,2025-09-13 16:30:00+00,2026-08-22 00:00:00+00
8f5b6126-8cee-4eda-9580-a85fb023a7b4,553e758c-d6be-4a04-8016-6d3e9c1ef7d5,2020-09-12 14:00:00+00,2025-08-31 15:30:00+00
8f5b6126-8cee-4eda-9580-a85fb023a7b4,362fd116-c81c-454a-bbbf-9224362fbaf7,2025-08-31 15:30:00+00,
908014a9-09ff-487d-947e-94b822111b08,bc07075d-b661-4e83-8d89-594f6969f966,2024-01-13 12:30:00+00,2025-08-15 19:00:00+00
908014a9-09ff-487d-947e-94b822111b08,4bc42e2a-a630-47d5-95b3-21e67deba946,2025-08-15 19:00:00+00,
93efe74e-3c76-403d-8c67-ed7381cbe208,88bd03e8-2c07-4b80-943d-168273bf11d8,2024-08-17 11:30:00+00,
9d7e7d62-8e52-4b74-ba94-c1eb97aba0c6,298e371c-41d1-497f-b9af-fd2deed6562c,2020-02-22 15:00:00+00,2026-08-22 00:00:00+00
a4a003e6-5cb2-45d5-b95c-bd59f2a84743,6ea6e724-cd4d-44de-a150-b80147978e68,2025-01-18 15:00:00+00,2026-08-22 00:00:00+00
a9fbdbd6-784f-4f5f-95a1-f43823a8fbd2,bfa79885-47f6-40b9-a2a8-e3621b71b00e,2024-11-09 15:00:00+00,2026-08-22 00:00:00+00
b05706ef-9a2e-4a33-aad3-c149d2dffee1,1f0aeb7b-4ade-4beb-9842-a9fe08d61bdb,2022-08-07 15:30:00+00,2026-08-22 00:00:00+00
b118bf52-b844-489f-9dbd-9062311f444a,30d953db-392e-45e9-a514-036a7f00c912,2017-08-12 16:30:00+00,
b2666900-fae2-4a8d-a1a5-44f03139866a,298e371c-41d1-497f-b9af-fd2deed6562c,2024-08-17 14:00:00+00,2026-08-22 00:00:00+00
b2d79a38-4117-4421-ab94-826f5898e52c,400ce689-140a-4090-a2b3-9f1efcf49197,2025-08-16 14:00:00+00,2026-08-22 00:00:00+00
b36cebaf-b61e-47db-baba-dee6e39cfa5b,8350ce70-d89b-4e0a-a5f0-1bea417647b8,2019-08-10 16:30:00+00,
ba35841c-cdd5-4031-b2ad-00f11cc639c9,88bd03e8-2c07-4b80-943d-168273bf11d8,2017-08-12 11:30:00+00,2026-08-22 00:00:00+00
bdbd5de0-b151-4a6f-9e5e-a46bc128c8f0,2415f952-0e39-45fa-8b3d-7174113bc844,2025-12-20 12:30:00+00,2026-08-22 00:00:00+00
c0b876d5-f9e9-4ea8-af27-9cb7687b1f92,e5c8cbe9-e464-412a-8498-71d0771063a1,2016-08-14 12:30:00+00,2022-08-06 11:30:00+00
c0b876d5-f9e9-4ea8-af27-9cb7687b1f92,00f7a08d-8096-49b3-839a-b438b1158e01,2022-08-06 11:30:00+00,2026-08-22 00:00:00+00
c2cc4a44-59c2-4e9b-b724-7c670e762a77,8350ce70-d89b-4e0a-a5f0-1bea417647b8,2025-11-23 14:00:00+00,
c577c0e4-163e-426f-99fc-cc4f003f9c25,30d953db-392e-45e9-a514-036a7f00c912,2024-11-23 15:00:00+00,2026-08-22 00:00:00+00
c97b0bfd-4b19-4669-941c-8ca9e59fe530,c36859ee-41f5-4436-b074-52bf466bd03c,2023-08-13 13:00:00+00,2026-08-22 00:00:00+00
c981a842-25d4-406d-adec-d423a19effe3,e5c8cbe9-e464-412a-8498-71d0771063a1,2024-02-24 15:00:00+00,
d0f8670d-03c3-4760-8678-d391c9455f38,1bbfff09-22e6-4971-a0fd-023e99c73df0,2023-09-02 14:00:00+00,
d41a0b68-0df4-4a96-84c8-8c0ad3bc6423,400ce689-140a-4090-a2b3-9f1efcf49197,2023-08-11 19:00:00+00,2026-08-22 00:00:00+00
d41f09ef-6f87-4cc1-9f1a-ee796af3d065,312de382-16d0-4709-a1a2-5b3836e371d6,2026-01-17 15:00:00+00,
d55c24d3-a28a-422f-a250-d478317d3760,30d953db-392e-45e9-a514-036a7f00c912,2023-05-14 15:30:00+00,2026-08-22 00:00:00+00
d55f4f7d-068b-4c69-9cf2-de621d1d85ea,adedb695-f98a-4e53-b340-353d00ce7c52,2020-02-01 15:00:00+00,2023-08-11 19:00:00+00
d55f4f7d-068b-4c69-9cf2-de621d1d85ea,400ce689-140a-4090-a2b3-9f1efcf49197,2023-08-11 19:00:00+00,2024-08-24 14:00:00+00
d55f4f7d-068b-4c69-9cf2-de621d1d85ea,00f7a08d-8096-49b3-839a-b438b1158e01,2024-08-24 14:00:00+00,
dc4a57f5-c41d-4b7c-9911-f8c0143162c6,bc07075d-b661-4e83-8d89-594f6969f966,2018-08-11 14:00:00+00,2024-08-31 14:00:00+00
dc4a57f5-c41d-4b7c-9911-f8c0143162c6,4bc42e2a-a630-47d5-95b3-21e67deba946,2024-08-31 14:00:00+00,2025-08-17 15:30:00+00
dc4a57f5-c41d-4b7c-9911-f8c0143162c6,362fd116-c81c-454a-bbbf-9224362fbaf7,2025-08-17 15:30:00+00,
ebb5d965-7b31-4fcd-b112-cec4474abe3e,2415f952-0e39-45fa-8b3d-7174113bc844,2020-09-12 19:00:00+00,
f1b76ad1-eb2c-4609-8e11-c4c75a9c0b5d,6c53158c-9b35-43be-8924-e380139e75f2,2025-08-18 19:00:00+00,
f2134118-abd2-483d-ad81-b37c1203fee6,00f7a08d-8096-49b3-839a-b438b1158e01,2022-09-03 14:00:00+00,2026-08-22 00:00:00+00
f551e1b9-1b4f-4ee0-ab12-5b3d29f7f00e,8350ce70-d89b-4e0a-a5f0-1bea417647b8,2020-09-28 16:45:00+00,2025-08-25 19:00:00+00
f551e1b9-1b4f-4ee0-ab12-5b3d29f7f00e,2415f952-0e39-45fa-8b3d-7174113bc844,2025-08-25 19:00:00+00,
f5cd50f9-2e5a-4d0e-b89b-ccc4a01696e4,30d953db-392e-45e9-a514-036a7f00c912,2022-02-26 15:00:00+00,2026-08-22 00:00:00+00
f6b276eb-040b-462e-829b-e92375cf6019,bfa79885-47f6-40b9-a2a8-e3621b71b00e,2016-08-15 19:00:00+00,2023-08-11 19:00:00+00
f6b276eb-040b-462e-829b-e92375cf6019,400ce689-140a-4090-a2b3-9f1efcf49197,2023-08-11 19:00:00+00,2026-08-22 00:00:00+00
f80af03e-0c06-492f-b2f8-3af6e47da055,b527081c-c01a-4044-9f90-91effef5bda4,2018-08-11 14:00:00+00,2020-09-12 11:30:00+00
f80af03e-0c06-492f-b2f8-3af6e47da055,00f7a08d-8096-49b3-839a-b438b1158e01,2020-09-12 11:30:00+00,2026-08-22 00:00:00+00
f80af03e-0c06-492f-b2f8-3af6e47da055,6ea6e724-cd4d-44de-a150-b80147978e68,2024-08-19 19:00:00+00,2026-08-22 00:00:00+00
f811b131-bd7c-4398-b921-a5a5799561a2,6c53158c-9b35-43be-8924-e380139e75f2,2025-08-18 19:00:00+00,2026-08-22 00:00:00+00
fa82c104-4bb4-44ea-99ba-197e7b9b54e2,4bc42e2a-a630-47d5-95b3-21e67deba946,2024-08-17 14:00:00+00,
fc704d7e-8009-40bc-abf4-077d5caf1a2a,00f7a08d-8096-49b3-839a-b438b1158e01,2022-08-06 11:30:00+00,2026-08-22 00:00:00+00
fd6c27e7-f130-4343-aa06-b74e8ef628fd,fbfe564e-8109-41b8-a949-f7efc0f209b5,2018-08-11 16:30:00+00,2022-01-15 17:30:00+00
fd6c27e7-f130-4343-aa06-b74e8ef628fd,8350ce70-d89b-4e0a-a5f0-1bea417647b8,2022-01-15 17:30:00+00,
fe1675f8-b283-4a0b-b6ae-ac6b2d6c5eca,312de382-16d0-4709-a1a2-5b3836e371d6,2025-08-17 13:00:00+00,
0012a9df-b0af-4082-90a5-869320cc273a,fb3fd3a3-f72f-4bb0-8430-d03c65fc42e4,2025-08-16 14:00:00+00,2026-08-22 00:00:00+00
069e0b34-c880-4586-9356-708a4afbcfb5,362fd116-c81c-454a-bbbf-9224362fbaf7,2022-01-23 14:00:00+00,2026-08-22 00:00:00+00
0b430c59-3cf0-49dc-ad6b-250815eefcc9,8350ce70-d89b-4e0a-a5f0-1bea417647b8,2023-08-12 16:30:00+00,2026-08-22 00:00:00+00
110b5e40-012d-40a1-a4f6-7a8dd3577e32,553e758c-d6be-4a04-8016-6d3e9c1ef7d5,2025-08-17 13:00:00+00,
23018d09-1c46-4936-9727-40496371c8b8,1bbfff09-22e6-4971-a0fd-023e99c73df0,2024-09-14 14:00:00+00,
2441d011-1e93-4a32-b7d0-1418f1a9594d,fb3fd3a3-f72f-4bb0-8430-d03c65fc42e4,2025-08-16 14:00:00+00,2026-08-22 00:00:00+00
27100a56-1d73-4f98-9cab-8092707f2f4c,c36859ee-41f5-4436-b074-52bf466bd03c,2024-11-23 17:30:00+00,2026-08-22 00:00:00+00
280eaf50-a1c8-436d-bda2-2eebff373391,bc07075d-b661-4e83-8d89-594f6969f966,2024-04-15 19:00:00+00,2026-02-07 15:00:00+00
280eaf50-a1c8-436d-bda2-2eebff373391,fbfe564e-8109-41b8-a949-f7efc0f209b5,2026-02-07 15:00:00+00,
2912cab1-b49c-427d-a2f3-46c96d4ca77e,fb3fd3a3-f72f-4bb0-8430-d03c65fc42e4,2025-08-16 14:00:00+00,2026-08-22 00:00:00+00
2dd169d2-509a-4993-ba91-6349e20df845,6c53158c-9b35-43be-8924-e380139e75f2,2020-09-12 16:30:00+00,
35abb6ba-fa65-4591-b6f1-295bd4189044,adedb695-f98a-4e53-b340-353d00ce7c52,2019-08-10 14:00:00+00,2020-07-31 00:00:00+00
35abb6ba-fa65-4591-b6f1-295bd4189044,e5c8cbe9-e464-412a-8498-71d0771063a1,2020-07-31 00:00:00+00,2022-07-02 19:00:00+00
35abb6ba-fa65-4591-b6f1-295bd4189044,1bbfff09-22e6-4971-a0fd-023e99c73df0,2022-07-02 19:00:00+00,2023-09-03 13:00:00+00
35abb6ba-fa65-4591-b6f1-295bd4189044,e5c8cbe9-e464-412a-8498-71d0771063a1,2023-05-31 00:00:00+00,2023-08-31 00:00:00+00
35abb6ba-fa65-4591-b6f1-295bd4189044,553e758c-d6be-4a04-8016-6d3e9c1ef7d5,2023-08-31 00:00:00+00,
3bd16c1f-a031-44b4-a50c-b6ba1805f7ed,bc07075d-b661-4e83-8d89-594f6969f966,2026-01-04 17:30:00+00,2026-08-22 00:00:00+00
3c3d363f-5a99-4862-818f-330ad7a70482,400ce689-140a-4090-a2b3-9f1efcf49197,2016-09-10 14:00:00+00,2017-01-21 15:00:00+00
3c3d363f-5a99-4862-818f-330ad7a70482,dda37d7e-d53f-4bdd-90f9-f7a78abc7feb,2017-01-21 15:00:00+00,2020-09-12 16:30:00+00
3c3d363f-5a99-4862-818f-330ad7a70482,6c53158c-9b35-43be-8924-e380139e75f2,2020-09-12 16:30:00+00,2026-08-22 00:00:00+00
3df9155a-859c-4558-b3e8-ce776b533e4b,553e758c-d6be-4a04-8016-6d3e9c1ef7d5,2024-10-05 11:30:00+00,2026-08-22 00:00:00+00
417e057b-d6ce-4bfa-a7b3-364737fb000f,6ea6e724-cd4d-44de-a150-b80147978e68,2025-04-12 14:00:00+00,2026-08-22 00:00:00+00
4521be15-24bd-4fbd-9440-5b6416d61b11,bc07075d-b661-4e83-8d89-594f6969f966,2025-10-04 16:30:00+00,2026-08-22 00:00:00+00
467d16d7-91c1-4e76-87ed-08fff566b19f,553e758c-d6be-4a04-8016-6d3e9c1ef7d5,2025-12-28 16:30:00+00,2026-08-22 00:00:00+00
4696ed36-622a-46dd-ae4a-f44988d9f0ab,553e758c-d6be-4a04-8016-6d3e9c1ef7d5,2025-12-20 20:00:00+00,
4847b21e-dbd9-4565-90d5-ae0c6f3b0e88,4bc42e2a-a630-47d5-95b3-21e67deba946,2023-01-14 17:30:00+00,2026-08-22 00:00:00+00
534c4433-20e0-4a65-a210-f561bb424741,6c53158c-9b35-43be-8924-e380139e75f2,2021-02-08 20:00:00+00,
5cbd1533-696d-45a7-81e3-3b1ac63b3b48,83b99f75-b3a6-4f41-8f23-9b571d69e375,2025-02-16 14:00:00+00,2026-08-22 00:00:00+00
619f6e84-31c3-4f9c-a03b-42ad670feee1,30d953db-392e-45e9-a514-036a7f00c912,2024-08-17 14:00:00+00,
6b8f9b22-9763-481f-9392-5c3cf4070706,c36859ee-41f5-4436-b074-52bf466bd03c,2018-10-06 14:00:00+00,2024-08-24 14:00:00+00
6b8f9b22-9763-481f-9392-5c3cf4070706,6ea6e724-cd4d-44de-a150-b80147978e68,2024-08-24 14:00:00+00,2026-08-22 00:00:00+00
6ba5d818-aa90-44b9-8344-e76b02f48372,807d15a6-48f7-45cb-9c7d-d765dec9ef0c,2024-08-17 11:30:00+00,2026-08-22 00:00:00+00
74591a67-54a5-4eaa-bec2-37a0b6ba973e,fbfe564e-8109-41b8-a949-f7efc0f209b5,2025-09-13 14:00:00+00,
761dd69f-17b5-4966-96a2-76277e08c754,1f0aeb7b-4ade-4beb-9842-a9fe08d61bdb,2025-03-08 12:30:00+00,
842b8fac-de5b-4fec-af54-364f3d7cd0f7,400ce689-140a-4090-a2b3-9f1efcf49197,2016-08-13 14:00:00+00,2026-08-22 00:00:00+00
8c59aeca-3be0-48e3-87f3-abc04294867e,4bc42e2a-a630-47d5-95b3-21e67deba946,2016-08-14 12:30:00+00,
8c847126-728a-47e6-8521-13af156a6181,1bbfff09-22e6-4971-a0fd-023e99c73df0,2024-02-04 14:00:00+00,
8d592497-8619-4bea-9790-8ad55aa81bc6,807d15a6-48f7-45cb-9c7d-d765dec9ef0c,2024-08-17 11:30:00+00,2026-08-22 00:00:00+00
8d8f7c6c-be45-45ff-8d3b-b9ae64e07b9e,4fb06250-6389-4868-9248-1434356257be,2016-10-31 20:00:00+00,2020-09-19 16:30:00+00
8d8f7c6c-be45-45ff-8d3b-b9ae64e07b9e,e5c8cbe9-e464-412a-8498-71d0771063a1,2020-09-19 16:30:00+00,2021-09-12 15:30:00+00
8d8f7c6c-be45-45ff-8d3b-b9ae64e07b9e,6c53158c-9b35-43be-8924-e380139e75f2,2021-09-12 15:30:00+00,2022-09-03 14:00:00+00
8d8f7c6c-be45-45ff-8d3b-b9ae64e07b9e,00f7a08d-8096-49b3-839a-b438b1158e01,2022-09-03 14:00:00+00,2025-08-18 19:00:00+00
8d8f7c6c-be45-45ff-8d3b-b9ae64e07b9e,6c53158c-9b35-43be-8924-e380139e75f2,2025-08-18 19:00:00+00,
96208a93-4ee8-40f6-a03c-a2f5d26c2388,4bc42e2a-a630-47d5-95b3-21e67deba946,2025-08-15 19:00:00+00,
978b7e27-fc49-4e82-b51b-26bc9a204756,30d953db-392e-45e9-a514-036a7f00c912,2022-08-07 13:00:00+00,
9858f4ff-8524-4a7a-a918-b885dbbe672e,30d953db-392e-45e9-a514-036a7f00c912,2025-08-16 14:00:00+00,2026-08-22 00:00:00+00
9c3e5a68-1061-402c-ad21-25b8c26178ff,4bc42e2a-a630-47d5-95b3-21e67deba946,2016-08-14 12:30:00+00,2019-08-10 16:30:00+00
9c3e5a68-1061-402c-ad21-25b8c26178ff,8350ce70-d89b-4e0a-a5f0-1bea417647b8,2019-08-10 16:30:00+00,
9d0e41e9-55cd-494a-9736-f2afcd359f84,1bbfff09-22e6-4971-a0fd-023e99c73df0,2024-08-24 14:00:00+00,2026-08-22 00:00:00+00
a1b20c33-8ecf-4938-9172-30cedbb9dc97,553e758c-d6be-4a04-8016-6d3e9c1ef7d5,2021-08-21 14:00:00+00,
a2802682-bc33-4a6b-b2c1-724a93d6830e,adedb695-f98a-4e53-b340-353d00ce7c52,2020-09-14 17:00:00+00,2025-08-18 19:00:00+00
a2802682-bc33-4a6b-b2c1-724a93d6830e,6c53158c-9b35-43be-8924-e380139e75f2,2025-08-18 19:00:00+00,
a8573c60-489b-47da-b482-21fcbb55d536,4bc42e2a-a630-47d5-95b3-21e67deba946,2022-08-06 14:00:00+00,2025-08-16 14:00:00+00
a8573c60-489b-47da-b482-21fcbb55d536,400ce689-140a-4090-a2b3-9f1efcf49197,2025-08-16 14:00:00+00,
a8fc2239-2d31-4147-ab75-d0cac4612342,6ea6e724-cd4d-44de-a150-b80147978e68,2024-08-19 19:00:00+00,2026-08-22 00:00:00+00
a9ad7230-d935-4f38-a564-7f3e9173e3fb,6ea6e724-cd4d-44de-a150-b80147978e68,2022-08-07 13:00:00+00,2026-08-22 00:00:00+00
ae038a6e-37a4-4610-ba9e-4cb35f66b3bd,400ce689-140a-4090-a2b3-9f1efcf49197,2016-08-13 14:00:00+00,2022-08-07 13:00:00+00
ae038a6e-37a4-4610-ba9e-4cb35f66b3bd,312de382-16d0-4709-a1a2-5b3836e371d6,2022-08-07 13:00:00+00,2026-08-22 00:00:00+00
b1c6dee8-393c-44d5-aab5-3369c66cf4a6,83b99f75-b3a6-4f41-8f23-9b571d69e375,2021-08-14 14:00:00+00,2026-08-22 00:00:00+00
b2c4a6df-6c1d-49ff-b4e7-1c6c0212be83,8350ce70-d89b-4e0a-a5f0-1bea417647b8,2020-09-21 17:00:00+00,
b37ab2f2-36b1-4b02-bfe1-5cf9b94756b1,362fd116-c81c-454a-bbbf-9224362fbaf7,2016-08-14 15:00:00+00,2025-08-16 14:00:00+00
b37ab2f2-36b1-4b02-bfe1-5cf9b94756b1,fb3fd3a3-f72f-4bb0-8430-d03c65fc42e4,2025-08-16 14:00:00+00,
b40b1695-7a27-4a0a-bd7a-5635abd89983,83b99f75-b3a6-4f41-8f23-9b571d69e375,2022-01-22 15:00:00+00,2026-08-22 00:00:00+00
b4488bc0-e064-48b7-b498-c58aa2b1836f,8350ce70-d89b-4e0a-a5f0-1bea417647b8,2023-01-13 20:00:00+00,2024-08-24 14:00:00+00
b4488bc0-e064-48b7-b498-c58aa2b1836f,1bbfff09-22e6-4971-a0fd-023e99c73df0,2024-08-24 14:00:00+00,2025-08-16 11:30:00+00
b4488bc0-e064-48b7-b498-c58aa2b1836f,8350ce70-d89b-4e0a-a5f0-1bea417647b8,2025-08-16 11:30:00+00,2026-08-22 00:00:00+00
b4d3e76d-0620-4853-b965-d10f7cac139e,c36859ee-41f5-4436-b074-52bf466bd03c,2023-08-13 13:00:00+00,
b7c44e29-4ef6-47a2-954c-0b60eeb245dd,00f7a08d-8096-49b3-839a-b438b1158e01,2022-08-06 11:30:00+00,
babad0a4-ef7c-4e3c-804d-048bdc6c91d4,6809cae2-8277-4d7a-a00c-ead4afe20192,2017-08-12 11:30:00+00,2018-08-11 16:30:00+00
babad0a4-ef7c-4e3c-804d-048bdc6c91d4,fbfe564e-8109-41b8-a949-f7efc0f209b5,2018-08-11 16:30:00+00,2022-08-06 14:00:00+00
babad0a4-ef7c-4e3c-804d-048bdc6c91d4,c36859ee-41f5-4436-b074-52bf466bd03c,2022-08-06 14:00:00+00,
bc02f96a-825e-4289-a282-913dfd9ec102,30d953db-392e-45e9-a514-036a7f00c912,2025-02-14 20:00:00+00,2026-08-22 00:00:00+00
bebb07d8-294d-405e-bf59-07c9bbb7e1d6,d35b5cbf-88b2-4715-911b-0c1a9fd8e924,2023-08-12 14:00:00+00,2024-08-24 14:00:00+00
bebb07d8-294d-405e-bf59-07c9bbb7e1d6,1f0aeb7b-4ade-4beb-9842-a9fe08d61bdb,2024-08-24 14:00:00+00,2026-08-22 00:00:00+00
bfa1586d-9b41-4dc1-adf4-2435f827fd65,807d15a6-48f7-45cb-9c7d-d765dec9ef0c,2024-08-17 11:30:00+00,
bfa7b9dc-bd5a-4874-8671-c0ed83dfeb0c,2415f952-0e39-45fa-8b3d-7174113bc844,2017-08-13 12:30:00+00,2025-08-18 19:00:00+00
bfa7b9dc-bd5a-4874-8671-c0ed83dfeb0c,6c53158c-9b35-43be-8924-e380139e75f2,2025-08-18 19:00:00+00,
c9a47ffc-3016-4301-ad03-e3bcfe5043f4,362fd116-c81c-454a-bbbf-9224362fbaf7,2021-08-13 19:00:00+00,2023-02-04 15:00:00+00
c9a47ffc-3016-4301-ad03-e3bcfe5043f4,553e758c-d6be-4a04-8016-6d3e9c1ef7d5,2023-02-04 15:00:00+00,2023-08-12 12:00:00+00
c9a47ffc-3016-4301-ad03-e3bcfe5043f4,362fd116-c81c-454a-bbbf-9224362fbaf7,2023-08-12 12:00:00+00,2023-09-16 14:00:00+00
c9a47ffc-3016-4301-ad03-e3bcfe5043f4,d35b5cbf-88b2-4715-911b-0c1a9fd8e924,2023-09-16 14:00:00+00,2025-08-17 15:30:00+00
c9a47ffc-3016-4301-ad03-e3bcfe5043f4,362fd116-c81c-454a-bbbf-9224362fbaf7,2025-08-17 15:30:00+00,2026-08-22 00:00:00+00
c9f8e9f1-a6b9-43d2-b510-4795ddd9351a,8350ce70-d89b-4e0a-a5f0-1bea417647b8,2025-08-16 11:30:00+00,2026-08-22 00:00:00+00
d1f67d0d-11a3-4d82-a60b-90f0479f0e50,c36859ee-41f5-4436-b074-52bf466bd03c,2026-02-22 16:30:00+00,2026-08-22 00:00:00+00
d4235334-c064-4526-a005-9dfe729c1c94,83b99f75-b3a6-4f41-8f23-9b571d69e375,2020-12-27 19:15:00+00,2026-08-22 00:00:00+00
d6be337c-9102-4aba-acf1-a150cba17751,1bbfff09-22e6-4971-a0fd-023e99c73df0,2022-08-06 14:00:00+00,
db100fc4-014e-4885-821d-e58e75ba7b2a,30d953db-392e-45e9-a514-036a7f00c912,2025-08-16 14:00:00+00,2026-08-22 00:00:00+00
db5c0678-2734-4ed9-81cb-218e7a0a089b,e5c8cbe9-e464-412a-8498-71d0771063a1,2024-04-07 14:30:00+00,
dc4e0b8b-414e-4811-ae72-8efdf9531f4d,e5c8cbe9-e464-412a-8498-71d0771063a1,2020-10-17 19:00:00+00,2026-08-22 00:00:00+00
df260d38-74bc-4db1-b6a1-981114d38c59,83b99f75-b3a6-4f41-8f23-9b571d69e375,2024-11-23 15:00:00+00,2026-08-22 00:00:00+00
e03467ef-1c66-4910-a2b5-4cfe0992c55e,fb3fd3a3-f72f-4bb0-8430-d03c65fc42e4,2025-08-16 14:00:00+00,2026-08-22 00:00:00+00
f98faf93-e1aa-4c24-b12c-1140704e92eb,4bc42e2a-a630-47d5-95b3-21e67deba946,2022-08-13 14:00:00+00,
fafb8cd0-eb45-4d2f-ab0e-3bafb0e4ec74,adedb695-f98a-4e53-b340-353d00ce7c52,2021-02-02 18:00:00+00,2024-08-17 14:00:00+00
fafb8cd0-eb45-4d2f-ab0e-3bafb0e4ec74,fbfe564e-8109-41b8-a949-f7efc0f209b5,2024-08-17 14:00:00+00,
00490f26-6814-4df9-a1a8-8f3532e6a9e0,bfa79885-47f6-40b9-a2a8-e3621b71b00e,2016-08-15 19:00:00+00,2026-08-22 00:00:00+00
0674829c-1695-4256-9435-7f330b4a594c,8350ce70-d89b-4e0a-a5f0-1bea417647b8,2025-01-04 15:00:00+00,2026-08-22 00:00:00+00
06bb6c3b-9a4c-4452-b53a-aff70107d7af,bc07075d-b661-4e83-8d89-594f6969f966,2019-08-31 14:00:00+00,2021-08-14 16:30:00+00
06bb6c3b-9a4c-4452-b53a-aff70107d7af,9f3c5423-fc19-4dce-a0c2-e807ecfd64d5,2021-08-14 16:30:00+00,2022-08-06 16:30:00+00
06bb6c3b-9a4c-4452-b53a-aff70107d7af,bc07075d-b661-4e83-8d89-594f6969f966,2022-08-06 16:30:00+00,2022-09-04 13:00:00+00
06bb6c3b-9a4c-4452-b53a-aff70107d7af,30d953db-392e-45e9-a514-036a7f00c912,2022-09-04 13:00:00+00,2026-08-22 00:00:00+00
0da7cad4-0eda-42bd-8235-fddd42a644ef,553e758c-d6be-4a04-8016-6d3e9c1ef7d5,2025-09-13 14:00:00+00,
0e3096fb-1a1e-4f9d-bc05-66005ec9d22b,312de382-16d0-4709-a1a2-5b3836e371d6,2024-03-09 17:30:00+00,2026-08-22 00:00:00+00
0e32e827-44c9-48a2-ba3a-a679b8ba4ca0,1bbfff09-22e6-4971-a0fd-023e99c73df0,2025-01-25 15:00:00+00,2026-08-22 00:00:00+00
0f0a965d-ee11-4b11-8539-80efbdc86031,6ea6e724-cd4d-44de-a150-b80147978e68,2016-08-13 11:30:00+00,2026-08-22 00:00:00+00
112a0eb3-0a5b-496b-b396-801917ec861a,312de382-16d0-4709-a1a2-5b3836e371d6,2022-08-13 16:30:00+00,
134b692c-b3a5-477d-ae7b-610a63bac91c,1bbfff09-22e6-4971-a0fd-023e99c73df0,2022-08-06 14:00:00+00,2025-08-16 14:00:00+00
134b692c-b3a5-477d-ae7b-610a63bac91c,400ce689-140a-4090-a2b3-9f1efcf49197,2025-08-16 14:00:00+00,2026-08-22 00:00:00+00
173cfe8b-f489-4922-8264-22e87c1dfc62,fbfe564e-8109-41b8-a949-f7efc0f209b5,2023-09-02 11:30:00+00,
18f7fdd3-0f36-40e5-af7d-f002263d0021,4bc42e2a-a630-47d5-95b3-21e67deba946,2025-01-25 15:00:00+00,2026-08-22 00:00:00+00
2198aa01-1c6c-4ef2-a972-673503c094f7,83b99f75-b3a6-4f41-8f23-9b571d69e375,2022-11-05 15:00:00+00,2026-08-22 00:00:00+00
26e44f55-b45e-40e6-9e19-ae50bd7ef048,88bd03e8-2c07-4b80-943d-168273bf11d8,2025-08-15 19:00:00+00,
28f0f650-0881-473a-992f-f226fe6347b5,400ce689-140a-4090-a2b3-9f1efcf49197,2023-08-11 19:00:00+00,2026-08-22 00:00:00+00
2b1150fd-f2a5-480f-90d2-7de6a0ed51d2,fb3fd3a3-f72f-4bb0-8430-d03c65fc42e4,2026-03-14 15:00:00+00,2026-08-22 00:00:00+00
2de4111b-3169-48a3-8e41-c9fc7e174dae,362fd116-c81c-454a-bbbf-9224362fbaf7,2016-08-14 15:00:00+00,2019-08-10 14:00:00+00
2de4111b-3169-48a3-8e41-c9fc7e174dae,6809cae2-8277-4d7a-a00c-ead4afe20192,2019-08-10 14:00:00+00,2020-10-26 17:30:00+00
2de4111b-3169-48a3-8e41-c9fc7e174dae,30d953db-392e-45e9-a514-036a7f00c912,2020-10-26 17:30:00+00,
38938b13-e94e-4d1b-9a66-57cc4a59849f,83b99f75-b3a6-4f41-8f23-9b571d69e375,2025-08-16 16:30:00+00,2026-08-22 00:00:00+00
3f381c8a-eeae-4940-9b06-ea05f752e310,83b99f75-b3a6-4f41-8f23-9b571d69e375,2018-08-11 16:30:00+00,2022-08-20 14:00:00+00
3f381c8a-eeae-4940-9b06-ea05f752e310,1bbfff09-22e6-4971-a0fd-023e99c73df0,2022-08-20 14:00:00+00,
45f8df16-463f-4069-948a-36689e9398fe,88bd03e8-2c07-4b80-943d-168273bf11d8,2016-08-14 15:00:00+00,2019-01-04 00:00:00+00
45f8df16-463f-4069-948a-36689e9398fe,4bc42e2a-a630-47d5-95b3-21e67deba946,2019-01-04 00:00:00+00,2020-10-18 13:00:00+00
45f8df16-463f-4069-948a-36689e9398fe,553e758c-d6be-4a04-8016-6d3e9c1ef7d5,2020-10-18 13:00:00+00,2026-08-22 00:00:00+00
492147bd-d7b8-464e-9e3b-af7bb5a4a224,1bbfff09-22e6-4971-a0fd-023e99c73df0,2025-09-13 11:30:00+00,
4991dc0c-e021-4050-a305-fda2b44a000e,bc07075d-b661-4e83-8d89-594f6969f966,2020-09-14 19:15:00+00,2024-01-14 16:30:00+00
4991dc0c-e021-4050-a305-fda2b44a000e,c36859ee-41f5-4436-b074-52bf466bd03c,2024-01-14 16:30:00+00,2026-08-22 00:00:00+00
4e9c70cd-90c8-4a6b-b724-f5ea42ed012d,8350ce70-d89b-4e0a-a5f0-1bea417647b8,2024-01-30 20:15:00+00,
4fc6dec6-7b50-4852-a52b-5ba4c7db9034,298e371c-41d1-497f-b9af-fd2deed6562c,2021-08-14 14:00:00+00,2026-02-07 15:00:00+00
4fc6dec6-7b50-4852-a52b-5ba4c7db9034,83b99f75-b3a6-4f41-8f23-9b571d69e375,2026-02-07 15:00:00+00,2026-08-22 00:00:00+00
528f0d18-f132-45d6-a245-4dc41004aa90,bfa79885-47f6-40b9-a2a8-e3621b71b00e,2024-02-26 20:00:00+00,2026-08-22 00:00:00+00
58ecb62d-6842-4969-9c96-1eb5f5a3844e,30d953db-392e-45e9-a514-036a7f00c912,2020-11-01 19:15:00+00,2023-08-13 15:30:00+00
58ecb62d-6842-4969-9c96-1eb5f5a3844e,bc07075d-b661-4e83-8d89-594f6969f966,2023-08-13 15:30:00+00,
5b4d8bb7-50e8-4325-9fdb-667bc1bc5677,88bd03e8-2c07-4b80-943d-168273bf11d8,2023-01-02 17:30:00+00,
61ca5bdd-7e14-447c-8e47-54b3349e7b09,6c53158c-9b35-43be-8924-e380139e75f2,2022-09-03 14:00:00+00,
6200c731-d783-4738-821f-bf7faead0e61,fb3fd3a3-f72f-4bb0-8430-d03c65fc42e4,2025-08-16 14:00:00+00,
66763589-c3aa-486e-a6a4-ff7de250212e,6c53158c-9b35-43be-8924-e380139e75f2,2025-08-18 19:00:00+00,2026-08-22 00:00:00+00
6d5abde7-1f76-477a-acc0-ca49a9fd4ab3,00f7a08d-8096-49b3-839a-b438b1158e01,2020-09-12 11:30:00+00,
7299a365-c7d3-4fae-983c-d6b980719a1d,1f0aeb7b-4ade-4beb-9842-a9fe08d61bdb,2017-08-12 16:30:00+00,
74afb9cb-18dd-4e48-aaa1-2267e42b6bf7,362fd116-c81c-454a-bbbf-9224362fbaf7,2018-08-12 15:00:00+00,2022-08-06 11:30:00+00
74afb9cb-18dd-4e48-aaa1-2267e42b6bf7,00f7a08d-8096-49b3-839a-b438b1158e01,2022-08-06 11:30:00+00,
77f852ed-4969-4632-b499-6cfe91ddbe30,bc07075d-b661-4e83-8d89-594f6969f966,2023-01-05 20:00:00+00,
7aec56ec-d366-4387-8805-091972b29540,1f0aeb7b-4ade-4beb-9842-a9fe08d61bdb,2017-04-30 13:05:00+00,2020-09-12 14:00:00+00
7aec56ec-d366-4387-8805-091972b29540,298e371c-41d1-497f-b9af-fd2deed6562c,2020-09-12 14:00:00+00,2021-08-14 16:30:00+00
7aec56ec-d366-4387-8805-091972b29540,9f3c5423-fc19-4dce-a0c2-e807ecfd64d5,2021-08-14 16:30:00+00,2025-08-17 13:00:00+00
7aec56ec-d366-4387-8805-091972b29540,1bbfff09-22e6-4971-a0fd-023e99c73df0,2025-08-17 13:00:00+00,2026-08-22 00:00:00+00
7d6c012b-085f-4746-9ddb-bfea5a0a66ba,1bbfff09-22e6-4971-a0fd-023e99c73df0,2022-08-06 14:00:00+00,2026-08-22 00:00:00+00
7eb721cb-3e6b-4f7a-8619-396390087e74,d35b5cbf-88b2-4715-911b-0c1a9fd8e924,2023-08-12 14:00:00+00,2024-08-31 14:00:00+00
7eb721cb-3e6b-4f7a-8619-396390087e74,807d15a6-48f7-45cb-9c7d-d765dec9ef0c,2024-08-31 14:00:00+00,
7f7fc90a-0213-4184-b84d-ce7c7d8c309d,6ea6e724-cd4d-44de-a150-b80147978e68,2021-12-12 14:00:00+00,2026-08-22 00:00:00+00
80c83afd-6865-416d-b5f4-593ad9ed1f47,362fd116-c81c-454a-bbbf-9224362fbaf7,2024-09-15 13:00:00+00,2025-02-16 16:30:00+00
80c83afd-6865-416d-b5f4-593ad9ed1f47,e5c8cbe9-e464-412a-8498-71d0771063a1,2025-02-16 16:30:00+00,
849e9e22-c994-4e94-b9d8-18e9ac8d9fe6,312de382-16d0-4709-a1a2-5b3836e371d6,2024-08-18 13:00:00+00,
88563d26-fdb6-4255-8558-cd35401b1e47,6c53158c-9b35-43be-8924-e380139e75f2,2020-09-12 16:30:00+00,2024-08-17 11:30:00+00
88563d26-fdb6-4255-8558-cd35401b1e47,807d15a6-48f7-45cb-9c7d-d765dec9ef0c,2024-08-17 11:30:00+00,
8a942902-7e65-496f-97ab-36b2020d968f,88bd03e8-2c07-4b80-943d-168273bf11d8,2021-08-14 16:30:00+00,2026-08-22 00:00:00+00
8c8cc68d-e4da-41c6-8716-a17bb3f8529e,312de382-16d0-4709-a1a2-5b3836e371d6,2021-08-13 19:00:00+00,2023-08-21 19:00:00+00
8c8cc68d-e4da-41c6-8716-a17bb3f8529e,362fd116-c81c-454a-bbbf-9224362fbaf7,2023-08-21 19:00:00+00,
8e34adec-0f08-47ed-8f15-75fa2e47019a,fbfe564e-8109-41b8-a949-f7efc0f209b5,2024-08-17 14:00:00+00,
8eb9c6d1-4a31-480a-84f6-823341806aef,adedb695-f98a-4e53-b340-353d00ce7c52,2024-01-21 14:00:00+00,2024-08-17 14:00:00+00
8eb9c6d1-4a31-480a-84f6-823341806aef,298e371c-41d1-497f-b9af-fd2deed6562c,2024-08-17 14:00:00+00,2026-08-22 00:00:00+00
959df0a3-8c35-4bae-bb1b-679a38d24321,bc07075d-b661-4e83-8d89-594f6969f966,2023-08-13 15:30:00+00,
9a2e293d-d951-470a-9828-b0958d351f6a,4bc42e2a-a630-47d5-95b3-21e67deba946,2025-01-14 19:30:00+00,
9fa07b42-5eab-47dd-adea-14e198ee9c94,6c53158c-9b35-43be-8924-e380139e75f2,2025-09-20 14:00:00+00,2026-08-22 00:00:00+00
a3839c5a-f87e-48df-9a8d-dc0bc957b87b,400ce689-140a-4090-a2b3-9f1efcf49197,2017-08-27 15:00:00+00,2022-01-15 15:00:00+00
a3839c5a-f87e-48df-9a8d-dc0bc957b87b,2415f952-0e39-45fa-8b3d-7174113bc844,2022-01-15 15:00:00+00,2023-01-21 15:00:00+00
a3839c5a-f87e-48df-9a8d-dc0bc957b87b,1bbfff09-22e6-4971-a0fd-023e99c73df0,2023-01-21 15:00:00+00,
a6b5ae28-d53d-4502-afe9-44c0c9db37f4,362fd116-c81c-454a-bbbf-9224362fbaf7,2025-08-31 15:30:00+00,2026-08-22 00:00:00+00
aada56f0-7a6a-4c3f-8297-9c6560186191,30d953db-392e-45e9-a514-036a7f00c912,2020-09-14 19:15:00+00,2024-08-17 11:30:00+00
aada56f0-7a6a-4c3f-8297-9c6560186191,807d15a6-48f7-45cb-9c7d-d765dec9ef0c,2024-08-17 11:30:00+00,
ad03317e-4fb2-4aba-b887-32348bcfcb2f,bc07075d-b661-4e83-8d89-594f6969f966,2023-08-13 15:30:00+00,2024-08-24 14:00:00+00
ad03317e-4fb2-4aba-b887-32348bcfcb2f,298e371c-41d1-497f-b9af-fd2deed6562c,2024-08-24 14:00:00+00,2025-08-16 14:00:00+00
ad03317e-4fb2-4aba-b887-32348bcfcb2f,400ce689-140a-4090-a2b3-9f1efcf49197,2025-08-16 14:00:00+00,2026-08-22 00:00:00+00
af06eb0f-d679-4b50-b0e1-14cab602991d,6c53158c-9b35-43be-8924-e380139e75f2,2025-08-18 19:00:00+00,
b3e3ad3e-3d3d-4547-936b-63f488921d83,1f0aeb7b-4ade-4beb-9842-a9fe08d61bdb,2024-11-02 15:00:00+00,2026-08-22 00:00:00+00
b5e6c9ad-10c2-4bff-9f45-746f6a7b3465,362fd116-c81c-454a-bbbf-9224362fbaf7,2021-01-30 17:30:00+00,
b71a5acf-9c2f-48aa-8d97-648cf8f07551,400ce689-140a-4090-a2b3-9f1efcf49197,2025-08-16 14:00:00+00,2026-08-22 00:00:00+00
b7d5d127-bdfb-497e-9767-9dee5b80a9eb,30d953db-392e-45e9-a514-036a7f00c912,2018-08-11 14:00:00+00,
bc7b3008-ecdf-482b-a820-20ef64676b4e,e5c8cbe9-e464-412a-8498-71d0771063a1,2021-05-09 13:05:00+00,2023-08-12 12:00:00+00
bc7b3008-ecdf-482b-a820-20ef64676b4e,1bbfff09-22e6-4971-a0fd-023e99c73df0,2023-08-12 12:00:00+00,2025-08-16 11:30:00+00
bc7b3008-ecdf-482b-a820-20ef64676b4e,2415f952-0e39-45fa-8b3d-7174113bc844,2025-08-16 11:30:00+00,
be053f5a-34d8-4bc3-a672-da0c1dd36231,362fd116-c81c-454a-bbbf-9224362fbaf7,2025-12-06 12:30:00+00,2026-08-22 00:00:00+00
bec3286a-79d9-4125-ae8e-4c789e476cd5,2415f952-0e39-45fa-8b3d-7174113bc844,2017-08-13 12:30:00+00,
c04f867b-36d2-434d-a473-384c086a4651,2415f952-0e39-45fa-8b3d-7174113bc844,2025-09-13 14:00:00+00,
c210e153-763f-4bc6-96a7-063bc363159a,83b99f75-b3a6-4f41-8f23-9b571d69e375,2023-09-03 13:00:00+00,2026-08-22 00:00:00+00
c62d4152-8c36-4bc7-87f3-320f6f7092bf,1bbfff09-22e6-4971-a0fd-023e99c73df0,2025-08-17 13:00:00+00,2026-08-22 00:00:00+00
c71d2ed6-c4f9-4cb5-9d6d-8b41d839ba2a,807d15a6-48f7-45cb-9c7d-d765dec9ef0c,2024-08-17 11:30:00+00,2026-08-22 00:00:00+00
c75af093-e51e-4ddf-b1fd-d1daaf9ec36b,6809cae2-8277-4d7a-a00c-ead4afe20192,2021-08-14 14:00:00+00,2022-08-20 14:00:00+00
c75af093-e51e-4ddf-b1fd-d1daaf9ec36b,1bbfff09-22e6-4971-a0fd-023e99c73df0,2022-08-20 14:00:00+00,2026-08-22 00:00:00+00
cc48ff04-fda2-4ab5-b65d-7a7fe526fb2f,30d953db-392e-45e9-a514-036a7f00c912,2021-02-06 15:00:00+00,2023-08-20 15:30:00+00
cc48ff04-fda2-4ab5-b65d-7a7fe526fb2f,bc07075d-b661-4e83-8d89-594f6969f966,2023-08-20 15:30:00+00,
cc9f6cec-99d5-4243-9648-f83c036bb95f,6ea6e724-cd4d-44de-a150-b80147978e68,2022-08-07 13:00:00+00,2026-08-22 00:00:00+00
cfa0cd66-03e4-4dac-b6ab-aaf0a86fddf8,83b99f75-b3a6-4f41-8f23-9b571d69e375,2022-08-13 14:00:00+00,2026-08-22 00:00:00+00
d4219aa9-a443-42da-a605-2fdf63d60e9d,fb3fd3a3-f72f-4bb0-8430-d03c65fc42e4,2025-08-16 14:00:00+00,
d61ea56d-0474-4524-a061-9869f4ccbb19,e5c8cbe9-e464-412a-8498-71d0771063a1,2020-02-01 17:30:00+00,
d773f228-5102-4554-a7e4-aadc6a213084,6c53158c-9b35-43be-8924-e380139e75f2,2022-08-06 14:00:00+00,2023-08-26 11:30:00+00
d773f228-5102-4554-a7e4-aadc6a213084,4bc42e2a-a630-47d5-95b3-21e67deba946,2023-08-26 11:30:00+00,
d938f509-22b2-42c4-8a7b-38c0a2557740,83b99f75-b3a6-4f41-8f23-9b571d69e375,2025-08-30 14:00:00+00,2026-08-22 00:00:00+00
e3a78660-310f-4ed3-b4b7-77beca004592,4bc42e2a-a630-47d5-95b3-21e67deba946,2018-09-01 14:00:00+00,2023-08-12 14:00:00+00
e3a78660-310f-4ed3-b4b7-77beca004592,553e758c-d6be-4a04-8016-6d3e9c1ef7d5,2023-08-12 14:00:00+00,
e48f8c8d-4ddd-47fe-8ded-e1c27e46b2c4,2415f952-0e39-45fa-8b3d-7174113bc844,2025-08-16 11:30:00+00,2026-08-22 00:00:00+00
e52e1494-f956-4419-921b-f4e9d9125549,553e758c-d6be-4a04-8016-6d3e9c1ef7d5,2024-09-01 12:30:00+00,2026-08-22 00:00:00+00
eb440bb2-7556-470e-9dbe-618751a5494a,400ce689-140a-4090-a2b3-9f1efcf49197,2026-01-03 15:00:00+00,2026-08-22 00:00:00+00
ec207835-87ee-4056-8795-9b04f054dd05,30d953db-392e-45e9-a514-036a7f00c912,2023-09-02 16:30:00+00,
f0ffe8c3-0d4c-4896-a6bf-6698f03b7745,6c53158c-9b35-43be-8924-e380139e75f2,2021-01-02 12:30:00+00,2025-08-16 14:00:00+00
f0ffe8c3-0d4c-4896-a6bf-6698f03b7745,fb3fd3a3-f72f-4bb0-8430-d03c65fc42e4,2025-08-16 14:00:00+00,2026-08-22 00:00:00+00
f54fb77a-5b11-4bc9-826b-aaa232a30ff1,1bbfff09-22e6-4971-a0fd-023e99c73df0,2025-08-17 13:00:00+00,
f61fc53a-22f9-4be7-9679-f9db4c5516d2,6c53158c-9b35-43be-8924-e380139e75f2,2025-08-18 19:00:00+00,
fa7f3fbe-f1a1-4944-a63f-c28478e8c6e7,4bc42e2a-a630-47d5-95b3-21e67deba946,2023-08-12 14:00:00+00,
faa6df39-9f37-4a86-bb1a-58232e80156e,00f7a08d-8096-49b3-839a-b438b1158e01,2018-08-11 14:00:00+00,2026-08-22 00:00:00+00
fd38c29c-1522-4d3d-a93e-66cb66d14a11,2415f952-0e39-45fa-8b3d-7174113bc844,2023-02-11 17:30:00+00,
2c189328-ae45-4c5e-9130-8d65e1af8f93,88bd03e8-2c07-4b80-943d-168273bf11d8,2021-05-23 15:00:00+00
