id,game_id,fpl_game_id,understat_game_id
1,097dfed0-bbf1-4113-b64c-1f4436f8d56b,,14666
2,dc252879-2d8e-4093-a5cd-bf9bcbd9f4f3,,16628
3,5b9bb471-55bd-42b3-be43-f08e710eb003,,22100
4,11810811-33cb-4b37-9a6c-a546161c8862,,16509
5,1e20331a-e56e-4ee1-b8df-6dbfe5d4802b,,9268
6,07fd659b-3b53-4a3f-8e03-c726e270a54f,,22275
7,d5e63fc2-6e09-4fa2-b754-b4d8b5f8e205,,16643
8,0a479863-dd73-4c40-ad31-2b81390f1f70,,11997
9,c7222078-94d8-4cd4-85c4-61b337b4274a,,11849
10,a452d94d-db8a-4b1d-aa33-818a55c76846,,486
11,d883bccc-f5f8-43bb-b912-d7a2910c313e,,11919
12,dececc68-3440-4b76-b6d7-a22be8c8c501,,9431
13,7532bbc2-b06e-44bf-8eb8-46eaf8677df7,,26822
14,45a2e688-2659-4e8b-83a0-9d15850a8d9f,,14763
15,832de765-ba2f-419a-9058-391d80b47038,,22058
16,e343bbe1-9612-416d-9e34-56f9c07f4e1a,,11755
17,e7e81b20-4d02-470f-9975-9b61a8b7aa66,,7476
18,afd1184c-4494-44a0-9716-652e667821b5,,22008
19,6151f8e8-513d-4026-9375-97591ae5111b,,3396
20,65bf2f63-5718-40f1-9bdf-f4bf477f9292,,526
21,48368e6a-ab86-45c5-858b-e7095464d52c,,481
22,7285f10e-ce3e-4eed-96ec-37d0e08acdb5,,18579
23,94b741d6-4f7f-4f32-9d8f-47419338d8cc,,16445
24,edc9f521-09ca-49fc-80ea-0a2e04be7324,,14644
25,9d24d62f-1142-4085-9040-9955c6361943,,3409
26,cd0d66c8-d0b1-45cc-a76c-7e6c05e31c71,,11753
27,62aa1c15-6879-4510-925b-2eb99588cadc,,11854
28,19b76782-c579-4dbf-893e-8dc91d103cee,,11879
29,deeff968-b525-40ff-950f-fa63211c93ea,,18224
30,c6f7c635-eb59-43e8-aef1-07ecea6913a1,,18312
31,96cd7694-49fc-43eb-bb2e-94a10d24d428,,22240
32,2ecd9df1-7cd9-4bc7-bc76-03616bea0783,,16403
33,927ffb6c-c2e4-4a19-802d-52123b9c2880,,12011
34,d0b73696-64f1-4bf8-923b-e2a47a418cdb,,14802
35,5f95bcfb-e578-4829-ba82-9bdf2e0457aa,,11756
36,01b626af-2d1f-43c3-8fd6-944088a64ddf,,12010
37,dfbe4c1b-aab7-467b-b95e-3a340abd7a9d,,22107
38,fdd27730-df6e-4f2e-a743-fbfb17230a70,,22264
39,14389a60-2672-43ea-ba02-a1ec8c623969,,14537
40,4e7407a1-e05a-4811-b046-86dd766a7f54,,26793
41,baca4eba-9396-46af-a7cd-fd1a0af71161,,22267
42,096dd16f-0746-4393-af69-79e13bb52167,,11871
43,4f0f5935-6847-4b7e-ad73-01eee6d5b1f2,,9206
44,4332b7be-244f-421e-b736-8de5a9e7290a,,14547
45,ac6266cd-1c77-438e-9d0d-09b6daf995dc,,14810
46,7fe1cf57-b11c-4b29-8dca-c74f08331dcd,,14647
47,3285acb1-8b07-4689-9e50-da803cb8343f,,22139
48,35641437-f51b-4822-a3aa-c796ee3c5849,,7153
49,bf2e0cce-dba7-49d4-8eb6-6517754a1885,,11749
50,75e81dde-d260-4bc2-80ce-fe22acdcf8ef,,2681
51,377e92f1-b31d-46ec-ab79-e1281d55b2d7,,18521
52,b647da0c-7cd4-4c5e-9215-aa4efc3124df,,11649
53,3d30cb76-4d3f-4eb8-a3aa-591d007cbc27,,18452
54,19cda276-9456-4c95-a69c-14d31162ec28,,16588
55,e046c4c5-6567-40c7-9216-06747c5bd7b1,,26762
56,8ad28120-550d-426b-932e-84ce3fdbcf6a,,9295
57,e6bbad84-7aec-4c67-bfeb-ec4f70d1cc52,,3503
58,ba8ec698-7365-48f4-ad29-da542249a38f,,14507
59,50e9b336-f744-42b3-bc87-05379aaacffe,,3486
60,91e042d5-7bbc-44c2-9584-8aaabd5ce3b8,,7446
61,ff08a431-3325-44dc-a613-f40b685f1507,,11762
62,5e35c69a-f880-4cbd-803a-54d1a1c5a485,,9529
63,3fae17c9-7be9-45f0-8ac6-22c04255d76c,,9325
64,16814159-a4d9-4463-b8db-fe3f99a9b1a1,,9507
65,a429bdb8-ec85-4b64-b4e9-0f342ce9354b,,3437
66,41f8c504-f38f-430e-b593-9b4d5c5e0a95,,26661
67,557cb4a7-ba4d-4cfe-ae4a-a896b4931530,,520
68,1eba821b-47ab-4167-9d2b-aeecbdff1a85,,22262
69,45562c22-edff-4c08-a174-36a054114c6c,,3155
70,51e48e3c-4498-4bf7-84cc-a80cb5c2c75b,,22268
71,33ffaf9f-541d-496b-aaeb-b42673e12086,,14483
72,a416b77a-24a4-4c5c-bff1-a4e6f838a77a,,22144
73,91aa4f95-1fbe-48e1-a323-e3b95c4069cf,,11804
74,b1c95789-3130-48ba-baff-e12fdbb7fad8,,14730
75,1dad995a-1bfc-4d3b-be6e-459f43d2d034,,7441
76,f86cd64d-4c9f-4a0b-a4a0-435eff6df1ac,,9470
77,17afb658-842e-407a-9d53-54c69218b91e,,26610
78,44e3f2c0-161a-4e88-92d3-9dba7f617c71,,7123
79,5132f6a6-ceb0-4e97-b601-e19df6112ea6,,3446
80,1755c3a2-ff61-4472-9421-fb4cc92384ed,,22116
81,af8fd080-1e08-4823-a6a7-fdf4f6358c08,,26672
82,f94a348f-7088-4ffb-bb01-eec7f6ed65da,,21946
83,dda73ce2-b13d-4f64-8421-de1c5ecff941,,3345
84,09246580-c0c7-496d-84f4-33294e9eea8c,,22031
85,3c08b36c-dbf7-41b9-9130-833c437157d9,,9506
86,68ed461d-1a12-47f7-a8b7-ebd1725491b0,,521
87,26ad9ef1-b247-4927-a9ab-456a64f2b4d7,,18541
88,e409dee3-576d-483b-b7b4-ac60c89d90c3,,22209
89,be61c72b-4ec8-4047-acad-a5c8147a7122,,472
90,8f05fb6e-4902-440d-9d87-72ff38de78c9,,21967
91,e1463faf-d23f-447d-aaa0-ab72c7ebce2e,,18339
92,010033a4-2012-4ed3-90d2-eb8f0757add7,,7381
93,5e9dacff-b497-4ede-9809-44dde135d3ca,,7202
94,dce8bac0-fd5c-45bb-8854-2fa3ada462a3,,9280
95,6e632d95-a29f-465b-a18e-c019ac4b16bd,,11791
96,0497f355-0466-4832-8c53-dcd1a2303d9b,,18565
97,87a176fd-7313-4c03-943b-1929099423ed,,18276
98,a64e43ba-27c7-4a15-830f-f1b8e140e112,,14602
99,c11a181d-c183-43a9-8b3e-73a3ff7731d1,,7151
100,34af8ad3-c9ac-43df-9055-646ba503355c,,18354
101,5c4c6568-1b8c-478a-a12e-5766fcdaa3d9,,11774
102,3240a674-6d1a-4357-aa1c-77903894aeb7,,18447
103,9ea0c2cc-5507-453c-8009-83693208f7f4,,22181
104,776c757a-62a7-4fab-8c9d-18583af9ef84,,9487
105,effc6348-c547-49c8-841d-8c7b5e7f6ae2,,3477
106,9afdb302-69e3-43f2-914b-174dcc4298e9,,9504
107,9b3491c3-8c9f-4a1a-99aa-6c12cdd73404,,3369
108,4bea6228-0ba9-435e-b6fa-ccf071d64222,,16652
109,0b7755a6-8f6d-4cb4-a8c7-52a90e47b51d,,22081
110,3b9719d8-fa56-41de-a7cb-8d09079fab19,,9323
111,8453614e-2164-4423-9db4-c8ffbe193031,,16598
112,7514ae1a-58fc-42dc-bd9b-5a1a31075053,,16429
113,359528dc-8e1e-4dff-a8a5-3ded3b666744,,14678
114,4738cfa6-c724-4625-a5e2-bd1cba95bf37,,11658
115,b1008c02-1851-4ce0-a534-2a3bbd4b2bca,,3365
116,b244cec8-3e4d-4846-9ed3-e91af0a5f507,,16664
117,841d0044-27c0-496d-a30b-bc8168429e46,,22172
118,150ad853-a90a-4156-b312-417ddbc8007e,,3380
119,f8d5a83d-f853-408d-a51e-f51f1c295d97,,16409
120,bcde6d34-b2ed-457b-8079-1c14da4c3299,,26616
121,e0e1cc75-eb93-4357-b4d5-f0421591bb09,,11643
122,05de0f2b-c1c2-4b8d-8002-cad7d0c1f4c7,,11744
123,4cad5a63-a4ce-46e5-bf30-da7aa6a4a032,,26722
124,866b4451-19a3-45d0-8fdc-537d499e1a9f,,22285
125,076e1817-5fee-4cf4-94dc-ee9a4a02b994,,11847
126,866b7c52-1dba-415b-9c7f-caa861a9c912,,16615
127,14f3264e-1faa-4f37-a139-7a54c0c0ba6f,,26812
128,b6848bd9-58d7-46e8-b01e-f26d141a0d99,,11875
129,73b5b007-4c3f-4e35-bf3e-0a3519f12a68,,26836
130,052573be-0782-4c70-8082-97f48a460f23,,11867
131,134f6b78-f550-4e5a-8cc7-2b6c633d0ca5,,18448
132,60f7cc51-8042-46aa-96ad-8baec4e8358e,,3385
133,e73f55e4-af50-46f1-8999-f0e198a12a1b,,7291
134,05ce3105-7a35-44a6-81c1-8b692b09f212,,11660
135,811ca2ba-bda5-4901-becb-2a0fb99b5149,,3351
136,683354bf-0efc-4b9c-85aa-990c4ad3bc7d,,16657
137,58e88885-3667-4bcf-9d62-ad63be981a8e,,9256
138,9243e37a-8669-4ff0-8b37-bf99f3baa21d,,3482
139,ae35a5a5-ed35-40d4-b2e8-65f3c8c3ee51,,26860
140,17dfe02f-3e58-42ed-8733-07e80e7a877a,,461
141,7854c1b7-e27f-44c7-8203-dc0da7014f99,,7140
142,5be3530a-a0c2-430f-915f-0cbfcbec564e,,16533
143,41eeb97a-648c-433d-acc9-6c95f54c3213,,14633
144,1015f739-86e2-4e95-b868-4f9762fb44ec,,14086
145,bbedb037-831a-4fc7-a3ae-2254b79ef3a6,,14741
146,587feb87-b123-4778-99e1-e74f181ac93e,,9296
147,637a45d0-11b8-445e-a760-cc3c5674842e,,22069
148,e8fa2bd0-8d86-475a-9a67-cf3d380a072d,,16381
149,7b4afe83-fa51-4e4a-b954-8a21b28b264a,,16619
150,2b9b8ee2-0a87-4b2e-8c75-9e0de7dbb406,,14743
151,f832f0d2-24cf-4906-a7d3-2d458b6d559f,,2686
152,66eada1f-f4e1-4f16-a752-94123132d057,,9212
153,c264f974-10f5-48be-90d0-17e403341422,,26665
154,1d87f7b0-620f-450a-90a4-f210032f04da,,16430
155,fbd4bcaf-2385-483f-b587-9be309dde832,,466
156,a7103b1b-cda3-44e3-b998-36dedcda27ce,,26648
157,aa5ef1b4-0f0a-4e01-bcd1-4d6a56a7d84a,,9201
158,8d917a06-0cca-4dfa-b78e-ae026452eebb,,26740
159,5e61c9ed-9ca6-431a-97ed-1f9a67b59bb8,,22050
160,23997a1e-9195-41ad-b464-1b5b8b49a8b9,,14594
161,b7612cfd-9b96-4b36-843d-a0ad43fd7bcb,,2709
162,00303c43-80cc-433b-9def-65fdeadafdae,,519
163,4b6bf23b-05a4-4d66-8319-0d800064251d,,16420
164,1da8b449-c9ba-4fdf-83bb-1ce5d3e4d2b4,,9491
165,57df767f-5bdf-4e46-9698-228a8fd6cee6,,22120
166,5bd66645-e683-4ed0-a904-8c93cf53b2bd,,505
167,4d8e579f-7d4c-4a9c-85db-b138ee81bb2c,,3418
168,d9054a8b-b6c2-4ea3-b59f-01932d741ca0,,14532
169,93849c21-1835-43ee-a35c-4acf39c209a3,,26858
170,f470b81a-7813-4a58-bd70-1b66389ac4fc,,9257
171,89a2236f-e3a7-4417-b1e1-283dc52476f4,,14585
172,2b560eb9-92cd-4481-bd0a-809a9284b1d5,,3401
173,71a66f4b-c666-4fa0-b9c1-86094845f274,,22046
174,ec363100-e0de-418d-9a19-9a415f1239d6,,11698
175,2bb5d026-8f47-4829-93b6-78bc93ee0e8a,,14725
176,36cdea01-387f-4bcf-971b-8dc0f10fe12a,,3336
177,214dab1a-0a9c-4ad5-83e7-a2c580bafdc2,,14514
178,af03b7eb-d5ce-4860-98bf-8e7096ed1b40,,16505
179,2724370c-cce8-446b-8d5d-a3731249d8ae,,7437
180,a9edd109-71ff-491e-85c0-eefa4674c2c8,,18393
181,f7db833e-dfc5-41d7-bb7f-4beb81e49c4d,,7488
182,731fb464-1237-410b-a692-eca8fc2516d4,,9379
183,b949dd1f-c311-468e-bc11-705c4f0a8d4b,,11814
184,e949f0b5-8a4c-4c3a-9dd5-647a431cf8ce,,16647
185,2a552d6e-0c61-4bad-b1bd-2b738c1416a5,,7224
186,a86b5ede-c752-4964-b322-c20eaed31b0c,,22049
187,6538a7fc-bd92-4606-81ac-9fbc257ef3b8,,26602
188,278365bd-87fe-454a-9e03-c981b23c02d1,,22080
189,2841de0c-4db7-48d4-8c46-c556dbef0bfb,,14549
190,7c2c72f9-bf25-4457-8272-bdd324bc1e51,,14605
191,a145231d-25d5-4176-a0ac-a99bb7e65167,,18351
192,01c42ab0-dd3c-4190-876a-1fa9ae0e8041,,7402
193,22b2195c-32fd-401a-b577-83f09b672b74,,18410
194,05699ba9-0027-41f8-b297-b836d77729b9,,18459
195,74a0fcdf-c987-4d37-ba8b-6003d21a32ed,,7186
196,f43c4ccf-92eb-412a-9f3a-28dfed86f735,,18270
197,7a0de8f4-c9f1-4422-8afe-d4c412a57687,,18530
198,3d479f88-11cd-4a0a-a2e9-42baba707bfc,,21956
199,4950f841-2bce-40ce-b002-6ce3f0c681c8,,16660
200,23f6c11f-69c0-4797-a8d8-d52485436d2e,,18514
201,32299f7b-e763-4c56-a610-38192cff95df,,11948
202,8e382c21-2d5b-4ac8-b5ba-d3d54368cf05,,7156
203,5de1ab72-8f29-4042-97af-f234cb19f30e,,22186
204,5c830876-1e49-4aa8-9694-149ee3048bb1,,18358
205,013f782b-5b10-45db-b694-3e350da516b4,,26784
206,87b902ae-8c98-4666-ad22-3ff2e2c1a699,,14692
207,d6c75e1e-02b3-48c5-9a2a-30c079b047c4,,11740
208,f612b4b9-fc16-4ab8-a668-7a3b86f320bd,,9533
209,83188c07-2d84-4394-bda1-e70c579f82b7,,18535
210,15234125-abca-4e89-8981-05fb1348561a,,14711
211,45671dc9-928c-4b38-831a-7f45f1aad16b,,21936
212,b9a56941-cc92-409e-bbb8-b31cffcfa54a,,12004
213,cf0691e5-b567-4035-8e48-7c015b3c81bc,,18478
214,2ee627db-f19d-453e-a308-095807681089,,18435
215,1a0168d1-5ee5-4833-ada7-c219a53a0696,,18526
216,2ece4a13-438f-4044-a02a-cb93cf3c16dc,,9363
217,d72503aa-dab5-486f-8cde-bcd445effacc,,14468
218,d542e94e-1b76-4ca6-9956-967698f301cc,,26818
219,b9ef860d-3b0f-4b08-af35-053c9ba3f35d,,9549
220,c1d241a2-c26b-4162-9375-79a65edc6477,,22103
221,5a748f7d-a7d8-4d52-b3f0-4e6cb38e1c5a,,3398
222,ee53b090-82df-4046-81c9-5c97573defc3,,14604
223,0c180b29-2115-456d-b29f-abe74408a92a,,3338
224,19c77a7e-57ea-4f86-a714-84c5edf2b71e,,18244
225,25bbed45-0cee-4b67-98d3-75aefbb00aad,,9286
226,0572e15e-1bc1-45a9-9961-fedab99d5cf1,,26803
227,b04e55c9-897e-41de-95ce-d75ad14d967f,,22183
228,775a9f7a-403a-4c10-a2a5-5e20cf2dada4,,18301
229,2acf58bf-6835-4165-84a7-960eeb0f933b,,26689
230,fe85c24e-dea7-4d1c-a18a-26492b523535,,22157
231,ec32dbaa-f278-43d0-becd-ff566132ff90,,9542
232,b458ed9a-fc25-4606-8e08-222a09badc01,,7336
233,cab8ec16-c5c9-46b8-906e-de3b2d55d63c,,9211
234,7fe8e21f-d572-48a1-906a-5d014027106b,,514
235,7f9f0dde-f900-4efd-9f75-891b5b60d27a,,7149
236,01caabad-6753-4e72-b2a2-8953eb1b71dc,,11726
237,9cef9112-c7b8-4e2d-97e9-2e7879e50588,,21985
238,2ca4483e-3a36-4c58-ab92-2ce661a659d6,,3467
239,61bc1a4a-1d2b-48f0-8693-a7e97ba2ea20,,14596
240,2b4293e9-9781-46d4-b9e0-e933f5c295e6,,7477
241,bb80ba5b-7424-4960-8ba6-6ed49574b0cb,,471
242,c2d37f16-aa65-4fc0-9959-abcb4bdcfa51,,14634
243,32d153ab-d11f-4969-adfd-14a5c97145ca,,18398
244,9ea2a62a-1171-4b05-b3fc-014e5bf66d86,,18549
245,06ae1af8-49a8-41df-80d2-4abc2bde4c8c,,18461
246,72be55de-33a9-4492-b6a7-fa4d795668c7,,7433
247,74235f9e-1cf4-478a-b973-672b6969e5e2,,26783
248,82b67843-38e5-4e7e-a5b4-4c359cebd566,,16487
249,5948b1c7-7188-47ec-8be7-0e9baf42e465,,12013
250,2d580c32-8e05-488a-9a24-f282e1d70671,,7128
251,922bcbf3-6cc3-40b0-b7f2-99224348f835,,7146
252,ae502304-e953-42e2-8967-de62d823b2d5,,22136
253,f1e69752-be11-43ce-a70b-5040c6e8c535,,18556
254,b742af09-ac1f-41bd-a4b3-ed12d952588f,,26814
255,5463869a-6491-4a1f-9099-7d3a8168fbff,,3451
256,b9716c31-6380-44c0-afd6-22ef87941e26,,21979
257,a2328f81-2bc8-44a9-be03-6ea2ed7483d0,,9281
258,15b82fad-36a7-48fe-a9d2-708e532ba9fc,,11869
259,0c982528-7973-4bbc-99e1-c4f72e0335be,,14632
260,fc8f4efc-4766-4bd8-b52b-e7c29cd1342e,,3513
261,ecd92601-6c7b-48d4-9bd3-8c58fda531e2,,22007
262,530c517f-c875-4861-8ac7-cd314b22a39d,,22162
263,a9acc28d-3ef4-44f5-b814-512ab2bf913b,,16744
264,5724ddf2-57a8-44fc-9765-60967dcfd3ea,,7434
265,1ab7d4b2-f207-431c-971d-90db84b13dec,,11950
266,0cfe0cec-2467-4c76-822e-e6d54821be91,,18250
267,e17ae030-2e54-4364-ab76-fdfd2c2609af,,18552
268,d90bd5f9-e477-4406-8781-37c614fee41d,,16419
269,75f6c6f5-deb8-4d05-a24d-2f0d941dd607,,7399
270,69be7e79-62fb-4690-ad1a-4251eae9e66f,,18326
271,93b38ac7-b5cc-4652-bcd2-ce10ec7480ef,,22101
272,2ddcdee6-3355-4323-a8ae-288626d02246,,14792
273,7801a77c-ed05-475e-9fef-500957c2bc08,,14611
274,716472cc-6155-4b03-9676-6d9744466e41,,16421
275,062912ad-f360-495a-b0ca-bb86c1910573,,9498
276,3384d9c1-7546-409c-a5c1-b0a599de72d2,,26810
277,6971f7ae-b517-4373-a1f2-af6b89e27371,,14530
278,6677e621-458e-4b83-a9c6-d87e14b9c5ba,,7131
279,a7379b23-bca3-490c-90d9-1b64efed4cbf,,16586
280,79050a4e-7ea2-4d00-845c-89657e3e2c2f,,22248
281,4bc590a1-d819-4e85-89ae-5eb3050d81b6,,21965
282,9985d136-f278-4283-ae06-9aa125fed6a1,,22033
283,8a7039e4-6ab3-4137-8569-9ab445624db4,,3412
284,b64811ce-63a1-43fd-9673-b4d8001cdb28,,22013
285,7beadb01-d0d3-454a-9fc6-374734e7188d,,7409
286,9c24c6ef-0a67-44d8-b4ca-42e410f2f3b2,,3363
287,768d27ab-bbe6-4c26-9ac9-434ac541e173,,11748
288,21d1eb4c-bb1f-4723-b1c6-1963ecbef372,,22016
289,70b28282-1f61-4720-801a-11209767e60a,,9287
290,efa0cf30-495e-4af8-bc07-f9c8db7c712e,,9511
291,f06e1e13-cfa0-423f-939e-82bfec44624d,,26837
292,69126dbd-c044-4a71-b515-30709d17b74a,,22014
293,3515bb39-3e40-463f-a773-079e1124ebf3,,22150
294,26198004-79d6-4a2e-b32f-df27a655e00f,,2692
295,36a2ccb5-0f17-4a20-90ff-93e189ea1162,,21940
296,6e990541-6a78-434c-8461-6a12e3ac55f7,,9299
297,47b77801-3736-462b-8cd5-374078ba6373,,16604
298,9bad9ab7-d3ec-4d0e-b226-96b16c36819b,,18436
299,9ae32242-91be-425c-b860-49916ed07b5e,,21929
300,96043122-20cf-4405-8512-60fbd0fb01bb,,11688
301,f628eda1-faf4-44bd-8da9-947df35599b4,,16442
302,68d078bf-b5fd-4844-9a01-7f009939c344,,11897
303,7972a07f-8de7-4576-88dd-969e54972b07,,7315
304,23af23fd-962a-497d-bd97-089bdbfcb326,,26774
305,18eacb07-3144-4a89-82da-d4919b6b05d7,,11783
306,6f35f390-4bbe-47bb-8d42-cb418257e15e,,18265
307,2e8f45b1-8db3-47db-a349-bbc629a151e2,,3487
308,496b3a8b-21be-4a9f-bb3f-bd06281aa41c,,3161
309,3d7fc76b-5e9a-4003-b1d7-da7a07870bee,,18495
310,e5ee02b5-69a1-4580-b384-bec34703232e,,16612
311,5341ba7b-f8da-46ae-b4a4-8bdc77e0f012,,7232
312,43b51bf5-8575-4b7b-8dd5-94cf3a309b6a,,14579
313,81225b66-9a8a-4cc7-a472-622b01d4ed9f,,22034
314,511fe86a-ed84-4d7c-92ea-c3bb0edbd8ea,,16435
315,f8032d29-2410-4381-894f-96d23cef3341,,7360
316,660de84c-4faa-468f-a336-2d1b6e811cfc,,11738
317,d9247930-2e47-488d-add9-f127a1d40c3b,,7175
318,27236fc2-eee8-48a6-9443-7e1bead3e84d,,21970
319,3cb6097b-0cd1-4299-8fb6-bfa6f238a5cb,,14497
320,01a7095b-1b86-4bf1-b3e8-5f4b5869b4c0,,2677
321,a0ea943c-6935-4372-bb86-1bd0765e35ec,,9397
322,4f8bc3ac-8df4-4da3-90b1-211ad53a5538,,7474
323,a06952a6-c1e4-4810-a1c4-947cd39048d1,,26728
324,981e370e-f638-4d5a-910d-6b4b2ca55578,,18516
325,7cb8fc70-f933-4c29-bb89-915e3e005098,,22199
326,6805f4eb-ec65-474b-b1c9-8144e17870ff,,18524
327,1988b391-9633-4d2a-9a70-e03d8e014bb0,,22102
328,1a015c1c-6305-4259-9680-6fb97fa4c412,,7396
329,30e09abf-32f1-479b-870a-1e2ae949d977,,16680
330,9c45e853-4bbe-478f-897f-2948e03b22bd,,18343
331,8d799700-59c3-436a-983f-2cff4d81ac8b,,11693
332,ddf95f94-76ec-4cc1-a8fb-22f5b091abfc,,9485
333,30556968-1f38-4bdd-9240-c2927cd81646,,16556
334,e10cd0d0-afab-44a3-9318-2768a965ef9f,,9466
335,c0d0dfc1-ecf1-4838-a7fd-ccefdadc6763,,26804
336,eb624d1d-0037-45f9-9a5b-d87605beddc2,,9303
337,f69e9800-26c9-48ad-8aaf-148d0d772029,,9426
338,e9f06b10-adf5-4dfa-82bf-6f80cc182bde,,22056
339,9683f7c1-bc53-4ebb-9463-ab317937a4c5,,9541
340,13b6fe58-7ee0-4690-83e2-c44634c96b18,,18454
341,05778fa3-d378-4337-85c1-ab6020ac8248,,14485
342,7e1cc1a8-a6d5-4a4d-be38-a04b15a0c86c,,2689
343,b4ecb692-7565-4991-b447-585e4470ff38,,2690
344,4ba50bb2-a07a-4ae8-9bcd-ce8aba9d091f,,7222
345,8ababbbd-3a74-448e-83f7-ea606d4719eb,,9433
346,af2ac774-99f0-4c5c-9afd-f8a5d78e716e,,16658
347,1d5cb067-ab3c-4688-9bb3-ac39fec51956,,9474
348,a7c69a0d-6066-48d3-a95e-01a7a6027c15,,16578
349,a914488b-5224-4cdf-95d4-29c31593ab23,,9399
350,168f27e9-26a4-45db-98f9-cfca7c158baf,,11982
351,141de39f-b56d-4e4b-9088-1822346345b7,,16461
352,d7583ac3-470f-44d9-8a7e-ad8413adbf5b,,26821
353,758c9970-f060-48c3-9719-80f5d7669cf2,,16577
354,341564ab-4922-43fd-8ed9-1ed4505d06ed,,11786
355,979b0fdc-7e54-4a8f-a716-ace48d8672fa,,11935
356,a0162540-e1f8-44ad-9408-2dff72d1f240,,14700
357,69d544ba-6c4d-4199-b0ad-70bd8fb2b8bb,,14628
358,1cba0f94-52f6-473d-b2e9-f82418b8c76b,,7187
359,35038d2e-43af-4323-ba5f-04d64b1f945e,,18500
360,61cc7496-cb7a-4853-8f80-912841c8f794,,11657
361,fd9b52af-00f2-4708-ae77-82cba02658f9,,7447
362,4c347f02-a357-4fe2-af34-51250e19351b,,7418
363,bad63e33-9fcd-4c5c-a433-94341b5f12dd,,26613
364,1c8c007e-d2d3-4103-931f-387f502225dc,,22276
365,1e5bcea7-d1d5-4391-9857-d850c2e03fde,,11913
366,ba9571f1-696c-44d7-a93f-002f544cef0e,,11752
367,25b34021-3cb8-463b-9b78-a69fd88bfc2c,,18241
368,0ffea036-fa37-438a-a95e-6f1a2d8e7776,,18417
369,0193c6f5-f49f-4b19-b9f1-d95c61d04570,,26806
370,8b91a225-1dd8-4d4b-bb57-a6791c3d13a2,,11811
371,2401163b-148e-4dde-bf75-392944b36f14,,14672
372,5bbfcece-a245-4e8f-a8a5-0dec04c7367a,,16541
373,52f1bca2-81a8-4a26-926e-fbf159ffe6fd,,22263
374,cb7707db-d118-4a93-b6c2-bceb37946ee7,,16592
375,490e0081-f338-472e-b466-182cb982fc37,,16717
376,39a17ab6-2078-4bd5-8769-d0f468158ee5,,18233
377,7db23644-8995-4d22-b435-a4357141a2c0,,14575
378,d4a84435-a136-4935-a3f2-cee7fcd1dd7d,,9472
379,c96d10e3-1d0e-4934-8e9b-36c3ed39bf45,,9255
380,25318e0e-eebc-4723-ae27-714d6b5a9522,,22073
381,099caeeb-9443-48c3-ac5a-3346d70fea85,,16678
382,affcb1be-a560-42fd-9908-f5a6eafae75f,,9527
383,4fddcf7c-b1b7-470f-9f93-0fed74a30b47,,7239
384,b905be98-23c0-47d3-acc4-dbd4b2bab40d,,9514
385,9b790db9-ad08-4eed-9d42-f149bdbecb6a,,7430
386,88a71a17-b098-402d-9396-4e03977f99c8,,14581
387,05f2c08a-820c-45f6-b60a-1a2e602752d7,,483
388,a8abd367-05e9-4572-8e0b-d04fce4d5c4e,,7241
389,44d7accd-6fbd-4d48-959c-838b68f1003f,,18551
390,79021976-8ce4-4260-bbc1-0e4c9e4d6c73,,26820
391,361c78ea-c1c8-4483-83f5-107341c3dd20,,18515
392,f7c08fe0-873b-420e-a86c-673547fe3d59,,16611
393,5b7f4a1d-6e3e-4124-ba4f-202cf9b10b49,,3427
394,64a7d64d-080d-4427-b4a6-a630b95ba3f6,,9315
395,872a7a1c-e869-499b-b3fa-73a6489c0b95,,3147
396,a058ff40-bdb3-4ffd-a67c-d8860cb15fa1,,9265
397,668a6447-2f09-4535-bbe0-6535780a48d9,,3367
398,6416db80-9e36-4e62-b64b-1292077556af,,3134
399,110c0861-2c92-4549-a5d1-22b30fe594fc,,16490
400,ab02b9c0-1402-404d-bb85-f75442cd056f,,18378
401,7e471182-9319-435f-9310-a9fd13f4d887,,11695
402,fd6b90cf-a865-4ff0-8eea-5af2a986d075,,14705
403,89c17fda-6c93-4d99-8cf3-a65ad0f077e1,,18306
404,87ca24ea-e713-470d-9040-8d49d84ccede,,14097
405,c78397c8-c532-43ac-a7a2-1d8ab5b458cc,,26684
406,82e0d7b7-c34b-44f6-8be5-622d63820034,,11683
407,f227cdbc-0cf6-4631-bf27-b4c0661c80b7,,16663
408,58258cf7-bfb1-41aa-b1e2-c0dc977bfe96,,18485
409,3b4cda5d-a61c-45eb-8c26-806cffa34948,,26680
410,9f4d3e31-c1bf-4f2a-a3c3-175407a07e89,,11939
411,43714bcf-1106-4539-9c25-d520ea5ac1fe,,492
412,7e5af462-5438-4e3e-b5d4-791804c12cc6,,16743
413,d7db800c-a883-41b3-a335-aca4976dc4a3,,3478
414,7e806b52-04ec-4af7-a08f-2086db76635b,,14658
415,647c1da8-82a5-4cf9-8d7c-8b01c6417951,,26663
416,9f723cef-4798-452f-bf1d-dc26ef0a98ab,,26725
417,aa76136b-8cd6-4fba-9fe1-9ff42b9ba7ba,,14509
418,06f61b40-0bf5-421c-97fc-be6560d8ed9b,,22249
419,b1bba4cf-cd18-4df2-b742-07ee67a84380,,18543
420,2117c224-c9db-4aec-ae9c-3016a5115fdd,,11957
421,ce37474e-6395-45e1-8875-f361faf32d17,,7448
422,5e9b57ed-7be8-4452-925b-727dc0eff398,,14571
423,93a46a40-f8d5-4150-890c-fc0318a8ce3d,,14622
424,2f95b153-b19f-4001-b448-2a461413f18f,,9502
425,45f2dd6b-9026-43d1-8239-b05d8ae2bd4c,,26752
426,8633e589-b53a-48b2-bb01-d797e26dd1c9,,12006
427,36705d00-61a0-4683-98d7-4168ea63b244,,3465
428,45bf6ad4-8533-42ac-8cd0-d3b8871e169e,,7209
429,e9721b82-050a-4023-98cd-9a938b8fb846,,11650
430,6d2bbca5-853f-4d09-9ad9-74f882394fa0,,11843
431,381be052-a3f5-4d7d-b2da-350e313135d9,,14772
432,525ed2ed-04d9-41b1-bb56-c8e7ac74c41a,,7256
433,37ae101f-b09d-4a65-b9c3-37d7c4f5d2fe,,9451
434,75d83e08-34c4-4645-8b09-079697e92c1d,,11812
435,0db14aa2-1851-41c4-9469-abdb924813ae,,18401
436,31cba432-a921-4a1e-a52d-2a91e26de0d9,,508
437,d172f8e5-707e-4860-b7e0-f154c323e1f4,,9546
438,82a6b531-2187-4633-bd83-91d94ebdb805,,469
439,f400ffcf-1ba6-4131-9515-1eb5906a1189,,7327
440,e6b3b3c5-9796-43dd-9de3-7b0f35d4be48,,12019
441,55a90566-4417-4579-b6f4-0d7b3892022e,,16507
442,129d2fda-7d0b-483f-837e-2d62477e6d6c,,22090
443,cf543d2c-11c6-42bd-ac35-77f474e7bc3b,,3126
444,0c18e3a7-e90c-47d8-ad11-ba43dc01e3da,,9300
445,643f8cbd-9749-43ea-b7d0-170d29cf0202,,22155
446,d65e12af-c03a-45db-9d85-4ac0055477ae,,18315
447,f070a6b8-70d0-4293-a944-d2ab36114710,,18396
448,bc907542-ab41-4834-9f18-8a58d87f54d4,,16642
449,49145940-9490-43f9-9c60-cfd3dbac4468,,22082
450,a21d86d1-389e-4d2f-8b39-f3b552416da7,,9449
451,e2f3ba97-49fd-4645-a67c-eb4739a60b7d,,16506
452,4ad4dbb3-3a79-4a1c-9262-a1a591e18fac,,26843
453,278a4c4d-76fc-4e27-92b8-ab855e7c01bd,,3490
454,3b44fda6-dd0a-4383-b2a4-7f359b58b913,,11914
455,01dedea5-9776-4526-868c-99ccace8073b,,16681
456,53c5f2ae-96f5-4f90-9b71-ac150ab75330,,16616
457,5b5d2a84-0e19-4b91-9e03-5dfafc883a9f,,16659
458,5459a990-385c-4132-b5af-2765aed44f75,,7343
459,59c8e8d5-ae18-4273-8f50-73774985d1a2,,11840
460,b0ac5904-9683-41ab-9c89-9cf36d52486e,,9447
461,659b1af9-9058-4da4-b9fd-f4197940bae9,,16655
462,069538c3-c7c6-4522-9ed6-98600abbeff1,,21990
463,cd21375c-f7cf-4d03-83f4-34e4ba1ca06a,,22289
464,760ad75d-08c9-4ce9-b6f2-88cca6b9b767,,22041
465,d7136475-3e7f-4bf8-872c-e61fe54deb7d,,9205
466,c25d4a1a-4142-4529-92cf-e37d2e074fe0,,9321
467,70c09f26-d097-43ae-95d5-495d1bb19777,,3366
468,efb2e466-4ec4-44ef-baa0-cc85af9728e9,,22051
469,d175167a-142b-461b-a488-3d274744054f,,22299
470,9ddc0213-e326-4063-b8fd-bd479ca0832d,,11848
471,b56e6df2-0f9b-419f-8b2c-479bd4c47f83,,16534
472,bc88a040-58fc-44e7-aba5-cba98a7146f3,,3422
473,d948bdaf-e136-4c68-8577-3b23f12c5ad1,,16479
474,42287f1c-6374-4b62-b963-3ce714027855,,11992
475,f8a0331e-d5bd-4167-9400-7fc62acf9faa,,7206
476,3d792920-e818-4e4e-b706-415d5033f153,,14554
477,260bba92-2900-4895-8f9b-d21e6bd02fea,,14563
478,20baf918-d68f-47dd-8d03-9cfa175c715f,,16645
479,ce5872a2-1e82-49d4-9511-a3e8870b5879,,3140
480,4aa19c91-810c-4926-acd3-6705e9a07be8,,16629
481,93d7b03a-d8ae-4287-9947-d854ee74179b,,11772
482,2a6c2379-2fd7-49f2-913b-fbfd6d8faaba,,22117
483,ed220609-8a2b-4c63-857c-0ac1fea8068a,,22154
484,9e56b2af-51b3-482c-9294-59c38ff55c01,,3349
485,42fe43ab-6654-405b-9d77-402b14891094,,7445
486,68573f95-548e-4f5a-98f8-19ed4251126e,,11787
487,efaa0cbf-4a94-42ed-b303-68bf78069cc3,,22189
488,a48c27b6-c430-4553-825d-f1c1aa1950bd,,16491
489,90117212-050d-4dd6-ad27-e1792f89bb1b,,9407
490,59592918-3173-438c-a05e-56b04721f41d,,14757
491,265c4dfd-3a94-4f24-89f4-fd550a0f28d6,,14636
492,a2e3d0b6-60d5-4204-ac55-a7ba6a3047bd,,7147
493,189ddc15-44c3-4ea5-b59e-230bbf9aef56,,9282
494,e16ee89e-3742-4a3c-9cd4-f0387d170611,,26717
495,b62b0ab0-4a4e-4204-b821-0ba7a216a262,,21945
496,4fc639ff-2a04-4fd0-a3c1-120c3aa5009f,,18286
497,487dfb26-9f96-41ab-a9d5-37b65ff78498,,14610
498,27f27f00-dfb1-4a6e-9b2b-4d6b44a045c0,,14735
499,cc2ad4b7-d1ba-4224-9cee-c4b52225e761,,11952
500,837e2ff3-b5e1-4560-9e04-44cee1280d2c,,541
501,8622b500-a082-49ca-85f5-e1a1e8eb435f,,16431
502,801f99f8-7fd8-4618-9a6f-3376f6a4df79,,3343
503,a2d446fc-999c-4102-b771-fa3bb1a0be78,,14094
504,13139a0d-796c-4ee9-8fdd-3606a7c787bb,,22297
505,4c9cc4fd-049b-4ecf-bcd5-e39b39f15e72,,7201
506,05e382c4-a093-44ae-8753-5bf4f4799d43,,26794
507,703375be-a94e-4dab-9edb-7c0c2e36b6e6,,18243
508,0e86de46-2586-47fc-b5d8-5548bce08f7a,,11998
509,b80bcfd5-da7e-4899-a16c-8b2b5f7e577a,,11747
510,02d90c6c-64ff-4abe-b74a-6ac51001cfba,,18222
511,e8b7dfe0-f071-45c8-9de1-b7b81ee87e6f,,3499
512,d5274016-d703-4436-aee7-2d7937f8082f,,21961
513,b70d944e-c996-4479-bab6-bc85e155b52d,,16400
514,a3e47427-fd76-488d-ac87-ef58750f74ab,,7284
515,4434a067-778e-4f32-81fa-c68308130497,,18412
516,867a15a0-b8e2-401a-bd87-ce92b6ac37f8,,11838
517,5126c937-f29a-4bb0-ba27-2bdb656ce14c,,16648
518,d2ed93ee-ac0e-4acc-8b26-2c51ba13eecc,,18405
519,b4c96134-5105-481e-8fe1-46b854b2f062,,7233
520,86a5e0c8-891b-4cbb-b4b2-ce8c1b5ad926,,18456
521,6352ce86-9b54-4c7f-ab9e-9009c50e0649,,18254
522,761a0936-a15a-4b30-94b0-fb4c5ee17896,,510
523,1aecb82b-6037-443b-beb8-84fd8e4ad57a,,22251
524,8b82084b-f53d-4d9d-b684-cdf1898f0022,,18476
525,7c7d0f2c-5dd2-47a6-854a-5d94216f345b,,26622
526,d13bd2c3-8e71-4252-926c-3bfcd847060f,,22006
527,d90ee764-c4d5-498a-9a03-f8fcfd110433,,14471
528,97a78cea-d7e3-4db7-8b85-8f3f1d66b155,,16554
529,070b43d6-19a2-433e-840f-5dd6f7990554,,14527
530,df7f459e-e50f-40d6-91bb-77c4cab3fa7e,,26635
531,e13cfd89-2ed8-47b1-9ab9-e3fbc39d311c,,18386
532,3b1832ad-1674-4a94-8b07-a0efd2196c03,,16748
533,7e7a883e-2a56-4f40-a2de-f068f2c3578d,,7267
534,ec9c7402-9e47-462f-94d7-dd688d4669b1,,7184
535,38cd32e8-5baa-4224-b69b-4cf582860b96,,11852
536,93d54d1a-a26a-4ee4-b97f-f20acc739b86,,14659
537,3e20b9be-a737-43da-a3f1-945db9971eed,,18469
538,126de1e4-68c8-4f83-a70c-324f2abb7f70,,11768
539,340b5d21-33ee-4e46-b6df-d48f10d84e44,,22284
540,6c2d3378-12ca-4101-a06d-188698fa7589,,18304
541,7fa51087-3426-4e71-a758-f2233318eedf,,11958
542,9e9ca901-0052-4558-b982-911fe01d45e9,,3408
543,081dbdd8-bab3-44c7-ad3b-5d3815d642e2,,18202
544,4aaf2e8d-072f-49de-88a0-3b977593adf0,,11938
545,89d62aba-78b6-431a-a450-b979053232e6,,18277
546,bfb9526d-335b-4f52-9b65-e59923da78c3,,7215
547,c77eb996-fd25-4ce0-9a6e-0903b3022f31,,16547
548,66e7af92-d8ee-41ec-b974-4a1871135100,,501
549,76d02285-0f9e-4c1f-b2d3-a06e3792ed42,,18492
550,5a927046-8568-4c27-a7a0-d87fb897ae13,,2694
551,a2cbb101-b7c9-414b-b914-fc8995c86598,,14544
552,06394e39-3551-47e3-9bbf-6dda7ac625a5,,11704
553,c33e1d36-df5b-435d-a6f0-6f4f5885537f,,7157
554,7591a494-8170-4b0f-9515-586f786841c5,,18559
555,9eb6a199-f8e9-4912-9d4f-eb05a84b4043,,11697
556,02ea6a13-751b-4acf-896d-5d24c3995bd1,,7193
557,789bd35a-d3e2-4a50-8699-504f51aa975d,,2687
558,918820bb-e33e-4aa3-a448-b47f18ec56e3,,11736
559,f4a8bc5e-1e9e-43e2-b0ad-ca91894174d6,,16679
560,741942fb-e09d-4a6e-ad2c-c70adc327d68,,7486
561,8e1dfd7f-b6ba-479a-9501-be85911d12ea,,9276
562,333ba159-b602-48fd-9d89-d5eaad8117d3,,16465
563,0cf770f8-de53-4263-9e13-94845ad454c8,,14650
564,a333acfb-36df-438c-a979-99950b05c64f,,26657
565,b21511ae-cd73-4b20-a122-9860bb552b6f,,26682
566,4c71c784-018b-4a9a-8ede-3ba7d371a9f7,,7322
567,bcdeef8e-be74-45b2-a4b9-47a12decb77e,,7335
568,6cafed43-e77d-40a6-8588-87d201018d23,,22225
569,fe15dd90-ee8a-4efe-8964-f1ce1c005201,,11647
570,fdcf3264-45a3-41a7-a5a9-e58fabeea037,,22176
571,2a94a4ec-d7c1-4d3a-acf4-45b83b3bab5b,,3435
572,c8bf1292-93a0-4330-81ff-093f423c8075,,3377
573,b3cf9280-c395-4210-a0ab-090858acfefd,,14681
574,3ffd0d4a-c5c7-4f62-8167-ebf0556e9123,,11808
575,423e056e-04ff-4e05-a0b3-d051d3d802e0,,7468
576,0449e72f-bd36-4594-ba21-6c8b2bf822b8,,14529
577,da490bf8-1075-4911-9db4-4307f2c235b0,,9503
578,69871bc9-362f-436a-9c24-52a87994c56d,,11778
579,18199c4f-7258-40aa-8d7a-c97c3a6889c2,,3448
580,abe7ec03-9a2b-4093-931e-341414f7ae66,,11972
581,b9c6210f-140f-4733-893d-ce549e319977,,7129
582,d20ad32e-9258-4672-a716-48757efb75cc,,7178
583,81f074ac-57fb-4543-9bf1-ca6ae0836efe,,3494
584,31a0bb12-6aea-43f8-bed0-81fc6ae028db,,7223
585,ceb86b78-31b7-4e4f-bd9c-419475c059e0,,3379
586,49eced4d-b545-4854-a567-29f0cbfd78dc,,7287
587,8bb76431-4faa-4a7c-a1d2-5382840cfc33,,3373
588,bf16c19d-0c05-4ce1-bc3f-683713336571,,14760
589,aa8eb920-c965-478c-8dd6-79f145f0d7ee,,3454
590,dcfafdc0-b7f5-4563-8d6e-2738058c3751,,16399
591,cb759380-b1ef-4b1d-aeb0-7cd0123ff19d,,18403
592,1a3c21f3-804a-4bac-aee4-fca73776ae14,,21991
593,4ebc0c13-1823-4384-b537-2c2553ab185b,,14543
594,6146049e-b7df-4633-9e48-70f5782b490e,,22153
595,d7297f47-829c-4b65-b270-5d6216590f42,,3115
596,671acde9-fe12-4dcb-850b-b66c2478411a,,3139
597,813aa59c-8629-449e-a9ef-64c90a3041fd,,16576
598,31195cd2-82fa-449d-a26d-9afa99540022,,16537
599,0bd1a71d-928c-4a16-934e-24c32a080b16,,18207
600,629066f3-5363-4c82-8c94-e50e6847daeb,,11782
601,213fe664-9fb1-4b8e-adbe-fb20e876109c,,26679
602,582b30a6-8971-42d9-91c9-702e63927014,,2682
603,987fd2c5-0adf-4bf6-91ed-50adf141df60,,14719
604,19fa5a32-5ef7-4387-acc6-ecfe66bfd32d,,16377
605,b3251c07-e7cd-4c1b-b213-8cdb49c5781d,,9382
606,556e143e-b683-4fe1-9960-761606dd8d56,,18373
607,3488edd4-9f99-4ae3-930b-8287233a9b3c,,11674
608,44219f69-ca6e-4016-8a7d-056cf1a675da,,9258
609,34c9fb63-e943-48e8-816d-d8dd1f96aaa0,,22196
610,78b20e2d-5474-4553-8e44-49a3d7f9a409,,26746
611,bf90daa4-8cbc-411a-a070-ab0da1e7375f,,3381
612,c8515528-1dbb-4d84-8399-81e4e37659d1,,26709
613,644f402d-e6c3-44f3-ba16-f23a773fd47a,,18520
614,8d6f9cd6-e86e-4a4a-96b3-6fe9c3ba1182,,22294
615,963b7485-1021-45a8-888c-9908eb9f574d,,16575
616,fb7eb89e-f0cf-4abc-ad41-090b0fd96a65,,7393
617,dd733ef8-8ff7-4270-b5c8-54f8dfe591da,,7355
618,d6a3147c-9aef-4065-a0af-b072a6580866,,11893
619,d5e2ba30-13e4-400b-9947-f0f726998f82,,26766
620,3a6e8953-8a20-4d26-8b9c-f682698ef80b,,9432
621,7a12c9c6-1b3d-4182-b16c-f94384e39a75,,7281
622,95086908-1523-4205-93cd-cd22928a4ba2,,513
623,94e97533-06d1-49f0-a34e-84a5bbcf6401,,7470
624,73628c44-87d5-4f81-afa6-b583fd3f29bb,,14473
625,9fbc10db-fc3a-4d09-8637-eaadd4547dc2,,7286
626,3fe5e899-43a4-44c2-9f44-ba41bc09213a,,14808
627,0a141ada-ad14-4a11-9f46-bfe13de9705c,,9417
628,e0d8382e-e716-415e-862f-3421224d8c5d,,22274
629,e7505d7e-a1b3-47e7-a3c5-3e80ee535696,,11687
630,0b3860fa-ed2e-435c-8209-566725f51593,,7168
631,bc3518cd-3259-4306-91f6-f5cd3b569be9,,16737
632,03b0a5b3-c052-4517-88c8-c8726ac1ebdf,,22212
633,018afb4e-e305-4eb5-9598-c42938f4c191,,12017
634,50157309-f26c-4584-988b-a7123e2ce532,,3362
635,70fa5878-748f-4738-ac20-416a42728021,,22019
636,3c0958a9-0422-47e1-bc59-6b5344e80ccc,,18442
637,dac67d98-8266-4ba0-b32a-8a95d5fa91bb,,16718
638,956c4eb5-cc61-4a18-8d0d-a76cd8c27df3,,14546
639,15c2fd8d-19a0-4800-a701-8501566326ea,,11712
640,c99c9d1d-25fc-4eb0-b70a-be634c6bf498,,9510
641,901cd637-0252-4b72-a8bb-aed94e299f11,,16441
642,1205933d-8b0f-41cf-880d-47acbe46a6bc,,18392
643,f149826e-b8ad-4f07-a250-2e1bd303de4f,,14484
644,3902c4d2-f40f-43d9-945e-a91e359ac937,,11711
645,2dafacfd-fcfc-4ff8-a30a-1bd62f03dc94,,7226
646,fd3eb2db-2c40-4130-bcb9-6c4194f8ef08,,14660
647,f6da0c09-1c12-4943-a00c-5aeea864d0a2,,16498
648,158e45f5-4db0-4100-aed2-c8707927cc1e,,11771
649,95fb3fc7-31c6-42b1-97be-15b75d2d151a,,18272
650,ac5878b6-cf99-4b16-b9df-b582e8706a0c,,26664
651,028c1ce1-91a7-4131-b97d-c08e12030f92,,16686
652,ec09b953-cb64-4fe8-886e-f1941b64abf1,,518
653,aa33dad8-11f7-4cac-a261-92c4c3cd3721,,22021
654,2f134ce4-b4ef-400d-8e7f-610570ca2acc,,3124
655,2abd5807-7c30-4c65-9a55-940fa2895660,,11929
656,4e263e53-2524-4d44-998a-8f43e8b7ee0b,,18370
657,ec157bc1-d805-4e5b-befb-eaf3e92a9c58,,21994
658,f03dbb1b-c7a9-4a2f-8fff-e2d3cac01fc8,,22238
659,ea794ac3-3fdf-4c5f-90a2-3a8e82152426,,9291
660,00dec6d3-ffe9-4a8b-9c5f-19c6b7b018be,,530
661,5148dd48-7258-4dd4-9a01-ef019a29b58f,,9285
662,295d1c5a-2838-48b6-8ee4-e530a92d4780,,14733
663,a1ec32c7-32c6-4f2e-b8a1-2d1fc36ae493,,26719
664,467bfa84-9f03-4997-8737-327f87739c8b,,16455
665,21b0f8cd-c87b-4bc0-b869-d6d9f81ce61c,,16701
666,2523f858-1857-42c7-8d21-2ed13aeb2b3d,,18273
667,50782358-d1f0-4b92-946c-cd852c09c655,,11673
668,11966ed2-17cb-4c3a-8bf9-7a796e411ce5,,18324
669,8f63e322-ea2b-4460-a7a0-ab460aab13cc,,16462
670,eccccf44-396c-4390-8a35-81f05898d625,,18406
671,3d8ae919-2daf-444c-b61d-fa0b7c6909f3,,9521
672,3f4a21d1-6874-46db-9d04-337bcb82a1da,,9415
673,34d143b0-c146-47b4-926f-8a8b36a290ef,,22067
674,b6271065-5840-4df3-8ca6-720b20f2a2a1,,16589
675,82523778-a820-4655-bf5f-6bfc27090ff1,,2679
676,9cfc77e8-7cb9-48f2-8530-3caf4e6f37de,,7119
677,55a8ded6-dc6f-48c9-bbf2-bbb544008eca,,517
678,23cb0c96-c972-418d-ba52-2149ecd72f7e,,22053
679,98cadd40-0124-4141-9cd7-7ead44a75036,,14627
680,72fbf854-9aee-44ac-ba7b-289f3fe1af8f,,14552
681,a3b36e86-9722-4d39-a31a-c1a4d9c8050e,,7154
682,5f8f3124-ecaa-4188-95e3-1f808de65ff2,,9226
683,264ce932-d73d-440a-8f0a-44a09d443730,,9551
684,e970322f-827c-4497-82b2-e06d3205c637,,3337
685,4d0b240a-a9fd-4735-a176-33a97955e6f5,,7294
686,66de750a-8740-4438-b608-4a7c08729935,,9221
687,8bdaad5f-1836-4dd7-8979-5dee17cccd6f,,7135
688,37f719fa-c5ce-4b12-9bb3-0f84b784721f,,16595
689,8a35b738-2835-43ce-ad74-ce1222393d0d,,11856
690,ec29d3ff-dd29-4ea9-b795-d1df91c1f621,,26807
691,13027bb1-4313-4bf8-b0d0-677f7deb7a8d,,18570
692,00ad796f-8443-4c97-9ef2-31659b5f219f,,22221
693,b75264ee-ddd0-4e65-86d5-803b478218cc,,16476
694,a24a2661-bc3a-4425-812b-1037f3215dd3,,14737
695,6540d4c4-eb61-4c4b-b201-378e8bce5b82,,9495
696,ddc5b682-1513-4154-882d-e4a126d69fb4,,21971
697,fb8b86c2-f787-4e73-9c34-28bd55b4bdff,,3505
698,dc06ebb8-fcd0-40e7-b6de-192e109425f7,,22089
699,07163705-39c0-4fdc-91cc-cb2c984b2fc1,,11857
700,ac9e5eeb-3b3d-414e-beb2-920f9bf842a9,,3353
701,6cd31475-9058-45bd-9d72-934bf4639780,,18497
702,8527db7a-f7f7-4f74-ab67-6fb4a5add1f9,,9320
703,c779c8f5-551c-495b-9ca1-15a12f1acbe1,,18482
704,7ea17d79-31b0-45ff-82ae-49c6021b488a,,11705
705,c87b44d8-80ef-4e24-ba81-ff570fa61f24,,11794
706,96752c4a-afb8-459c-bcf1-f17362639cec,,3105
707,0cb15307-5d2d-4141-a9b3-6f245ab47ed7,,16613
708,b85c3050-f2fa-4493-8faa-93b5d3a81322,,7248
709,bd53d089-6cce-4f07-a097-0bc1204f0cd2,,16755
710,a38d9821-d594-4d06-8efa-7444ae092720,,14698
711,d72eeb15-48b2-4bc2-8163-977bacb45a1c,,26636
712,3ef5dc5a-a084-43f4-99e2-eef0c1abffc3,,14664
713,f8b0e175-ac16-4333-80da-e849673fc623,,7121
714,f0f74499-5f89-4c17-adde-8edaa2f2621d,,26633
715,c6fcb96a-99e6-4abf-83cd-342fddc3478e,,18414
716,20b5cd0b-d576-43b9-9b05-ad5098fb35d3,,14712
717,510f31a6-2bcf-442c-b460-5645c338e165,,22280
718,67574e7d-7987-4995-a556-bf2aa82868d0,,9334
719,18a25f02-6494-44e3-994e-765af50c6fa0,,11716
720,b3138ff2-6fca-4df1-984b-0f0234763d5e,,18511
721,e1135d74-dbff-4b68-8095-5297ebb9a8df,,9394
722,0284276f-7d87-4976-8191-d415479b0038,,22048
723,212998a4-55fb-4afe-8be7-7ddf3abdc3d3,,26785
724,5d8444b5-cfbd-4190-a063-5d72777eb908,,3468
725,e81f637d-5015-46b3-8aac-1064825eb82c,,22149
726,0476cf14-0e0d-45a7-84d5-b3186637f8d0,,22283
727,59e1cc5c-e23a-466d-9e2b-391f2bc5f1ef,,26649
728,ab878a8d-9482-40af-b162-6dc008b2df87,,11717
729,ffb90956-927d-4a71-aa1e-65a9e4a261b1,,3388
730,75020b06-e448-46ac-b2a5-006cd5aeb356,,3466
731,31e0c0d2-1241-4cc9-8ad1-f0f48dadff4f,,16386
732,0f1528ba-2146-4585-9179-688026d843ed,,9234
733,ffff9fa3-944f-470a-841f-d05eebbe72aa,,11863
734,3b998166-699e-468b-bb62-0bcf7f9beca6,,21925
735,9abe2a3c-e0c8-4c1c-a361-4c18b22f5c59,,14489
736,d180243a-755f-43bf-a88a-03e6df0854b9,,11855
737,f514a516-760f-44d1-b7da-82ceec27bc3b,,14477
738,ffa43ce6-5361-4118-a065-6fd6fed8d4c6,,3470
739,a689a000-e63d-46a7-9a42-63dc59b4da5d,,26830
740,33ff9941-3025-45b8-b376-154ee401c939,,7207
741,c137ae69-7562-4479-bc24-07bcbebfa19b,,14500
742,ca814f66-7948-4df6-83da-d754d141eb82,,16513
743,5d2abd1d-27e5-48c9-a8e5-cc54e288517f,,16426
744,671f25c7-3c0b-40be-9886-67a4f2c91523,,11710
745,1e0d5c82-933f-46b4-9bac-a47477380d94,,14608
746,a6049883-4a02-48c6-80f9-44551d8cbf05,,18344
747,f80570a1-1725-4fef-916a-3ae9ae8fcb23,,7183
748,158fce22-0dad-48f8-83d2-c676f01a44bc,,18349
749,db835b6a-27d5-4781-a391-612e1852c495,,22152
750,f27a8d1c-6803-4f8b-be96-e8abeddf2156,,26681
751,891e2783-f474-42d3-be27-9edb64967db2,,22256
752,7ea10174-7e93-4854-92f5-9f01fef043cf,,16579
753,03d969bd-0e40-4ec4-953d-55163c210d7b,,9565
754,aa04ab1b-bf5f-44b6-8950-5b809ab4868c,,11901
755,01b70b37-0d92-4ec1-84e0-48ddf43c9b68,,9435
756,2ad3d6c2-2790-45b5-bd98-4ea94292e662,,18536
757,72e4faa0-dc6f-4e04-940e-6f84f4183a26,,16528
758,febad946-c8bf-410a-96ea-1d8c5e19a21f,,14766
759,f970cd01-2f69-40c8-a504-758442f4e760,,16434
760,fe3c1a13-f082-4f30-b163-85eb0cb9c9bc,,9403
761,6b67da82-72cc-4061-81ef-3ecac252e2ee,,14801
762,931c51c5-dcf3-42a2-98ef-7f9ab2d1596c,,18542
763,07e8a9b1-4600-43c1-b394-084f55ad5693,,26833
764,69097eb2-ddac-4a6e-ae91-f9c815925ffb,,18468
765,5448196d-2e58-4228-9846-623943d08745,,476
766,63561853-cfda-47f5-b9cc-a56bb7bb9ac4,,7463
767,df4aeecc-ef59-47a3-bce8-9c272c7cc212,,16407
768,1c9624b9-be7e-4300-95a6-339acd96bb15,,14639
769,5ffd1829-5692-467f-b4f5-eeb5edf439fc,,11981
770,769be403-a5ae-49ec-aaf3-684734e105d4,,462
771,ae42668b-0242-436a-b29d-1e45da93af06,,14096
772,e18ea102-0095-4723-9477-d85c4afed3ee,,14814
773,3654a284-0503-4dc2-a5fa-f3d212cd3f83,,7353
774,4913f84d-f97d-401b-985b-f6aa74eb90d9,,529
775,78bf48c4-0350-40d3-80a4-7e9553533fd3,,22298
776,f0ac8b51-e088-45ab-afb2-842014d4dd11,,18375
777,a578b2ca-e45d-4965-99a3-6131663208ca,,18455
778,9564e8b6-7433-4dc2-bced-471ec9fd4b20,,3119
779,16c503f9-f6f6-4076-a6d8-30bccd4beed1,,14478
780,0b8a85a4-1366-4ba9-b51e-1278fcb9175e,,11880
781,77655a93-0020-44df-a706-fc4123db067f,,18567
782,3f084045-5498-4b13-bdd3-4ffe2bd85358,,22078
783,ad5088b1-723c-448f-ba95-7f71520b35e9,,3456
784,a36c597d-8786-4589-a554-97a64a0bccb9,,7257
785,45b2ad4f-e1d5-48ce-84e9-883cac2cb7b0,,12000
786,0726ce7c-3cc6-4ad8-822d-5e86e0b5d49d,,14742
787,a91e5f23-34f3-4b14-98df-75608bd52c14,,18496
788,ae360dff-c83e-42aa-b87e-3710ee130f79,,16624
789,5902931d-8bda-474c-8a1e-5ff67db05af4,,21972
790,852f62ee-e58b-48ab-a37b-d651ea75b1a5,,9370
791,743f3248-7447-486f-80c3-7886c268c8f8,,22220
792,664f3d52-571b-4266-985a-ece0c82d3a9d,,3389
793,4f615c53-5130-4363-aff4-5abb18707e95,,16689
794,4ef4dc1d-bef8-4c4c-9088-72f95fe98802,,14616
795,47231b94-c215-4d58-9add-6a0ad8a35614,,18408
796,203c18a3-ed4a-48b2-b19d-8f12ee693012,,9329
797,75631d77-7aa9-4007-88cb-8017d154d0d5,,14467
798,c64314f5-0bb0-43fd-9366-ae8194a5c892,,11986
799,2e34a1dd-1297-4a84-9aad-5a3dbef77083,,9348
800,19d56104-89cf-4dfb-afeb-652d41b58476,,9437
801,24d56603-175a-4042-9ebe-65bb7199cf3f,,539
802,1f907634-efb4-4603-8b8c-9a076d293462,,11739
803,86a67d57-1e04-4805-bed8-c1f80f8337ff,,7347
804,a903da53-6288-4d3b-a85d-c3dbd42d319b,,7401
805,95a1d05a-8375-4e71-a5e4-1ccd16a8bff5,,26868
806,d39a2283-20fd-4ea0-b37c-badaaa4e5c43,,9409
807,ebcf7ee6-f5aa-40d1-9b34-dce10cdad8cc,,9560
808,b8f3f307-19a6-45a9-847b-e768a9068ae1,,16470
809,2a7ef931-8b3e-444a-9db3-27fbaa50cbd7,,18421
810,b87d7e09-9924-4126-b389-dfccdec3c2f1,,18513
811,40e2e3ff-0a94-4acd-af3c-c3b90ff054ef,,11971
812,2dfeada8-e480-43d1-9212-613fbb2cc7e1,,18234
813,de9bb832-d54f-47d7-aeea-70ce61913787,,7145
814,5fc38fe6-fdcd-41b9-a777-1c2e92aa0690,,468
815,eb1ea441-3981-48ce-bf68-c6b397e89407,,9444
816,34726d9b-a05e-402f-a1e8-6f552e69a429,,26777
817,acfff871-6947-4b5a-bc28-ca276ffc75fc,,26694
818,ee58998d-f9fb-4e1d-93ef-852fc40d57f2,,9202
819,5fc9986d-92f6-44dd-bc61-6d1a2500c73c,,16543
820,ae0c190d-ce94-4897-a3e3-3d9d9274df3e,,14794
821,13003b4f-ca7f-400f-94e4-8c9efea36a3d,,14731
822,fccd670d-9d5e-4cfd-b016-47473d54c729,,26674
823,c412cb10-1d58-4667-8562-c5035bfa4c97,,16414
824,364f1c8b-4ad5-4892-ba83-ea7ab0b7ce36,,3157
825,b3005935-faef-486c-a775-189b643e0004,,12021
826,b07e807a-67f1-4b9f-a5e5-2ad84741680c,,7438
827,dd036ade-3b1b-47b5-979f-0c8f4eb4044a,,16676
828,5f7f922a-2c59-4430-bbf5-4fb8a9ec010b,,18477
829,a1701861-cae4-4c51-bb12-35d5ddb14646,,18529
830,6d32469d-82a8-4d88-be17-c18e6dd768bb,,14680
831,4408d140-cafb-42ab-9440-fca5065b276d,,3506
832,1a0d9a5d-b495-4347-9e35-b1b07b055b1e,,26751
833,096b0b74-df81-4534-a7af-fd4a4f2bb752,,16497
834,92b47762-c11f-4208-8f42-f40c9b9c32a9,,16526
835,f8f96a94-0b0f-4183-977d-4a97bf06a5ff,,11663
836,21f955cc-a3c0-4012-a1c4-07fda88a24b9,,22156
837,e0edc32a-4422-48fd-8fa9-5662739ecf34,,11667
838,7cc0c6ab-26ed-4af7-8db6-0fa12eaed5be,,26776
839,05f2510e-d98a-4e4f-9a56-b3f893284a3f,,18369
840,9a2e5f4d-55dd-4e12-ac35-20a4f28c96e2,,11968
841,276ad18b-6bfc-4e0b-81b0-75b078369b30,,14790
842,bf7456b8-f9ed-4c41-887f-809af0315926,,21992
843,61ed7ee0-7d38-4917-b454-85cb8eeb984a,,26738
844,2bf65809-3a81-4c11-b8ef-e7f291fc4b6d,,26759
845,2d202df9-f802-4edd-9d7a-1b5364bfbc89,,16709
846,27e24048-9a0a-42d8-8fac-990f70699e0b,,11841
847,4db169c5-95fb-4214-a139-3f0dc92c157d,,14087
848,ec833ca8-89a1-4f57-94bf-181df33ebae8,,7375
849,f628589a-451d-4cda-b87c-9889cf1b025a,,22286
850,247beefd-f9c8-4881-bd43-72e32745b25e,,504
851,642a6405-f3c2-4981-b95e-a5ce06a78dab,,22036
852,7856532a-a09b-4b5f-bd9b-c60363708a0f,,16518
853,dfff936e-17d0-45dd-a97f-4825d1ea1b39,,16502
854,d37c42a4-a032-47f3-af80-ae8f1d5ad930,,22044
855,f10ca9fc-289d-4ac2-a072-3fcb4629c36b,,22010
856,fde8670f-8014-4c26-b840-45567ef27851,,11758
857,d2616f24-2ccc-4af2-b1fe-04f5dc575cfc,,26813
858,9dd932cf-17f4-466f-912c-42ca44303ea7,,9395
859,550f371c-d0c0-418e-9424-81949f2ef575,,22083
860,0a3a16f3-10d3-4087-9e34-84ccde352f6e,,16662
861,80166f00-35d3-432f-b65c-49a1b9410f04,,9362
862,aaf3b4cf-5d78-4acc-8222-7cb337ad6bb9,,9445
863,d03500bb-82ed-465e-a894-082b89ff7af4,,16423
864,0351c009-1e6d-47ea-b3a4-cd43a28dcbdb,,22302
865,f8e4690c-648d-47b0-8473-a2bc61960959,,11784
866,7209191d-28b4-4253-b988-0349fe53d210,,16478
867,1460f784-60a6-4e0e-8ebe-27490988ca87,,18525
868,5a50205c-c842-4f29-932e-891b477007f7,,16614
869,b86a1917-6f1f-41ac-9773-e89f5191c26e,,14804
870,de89a1d4-9833-41fc-a9ac-979267efe218,,16555
871,bb77a173-194d-4bf3-8e1b-d522da72a102,,18318
872,0e8e380f-8101-4ed7-b357-b8c2d2e4d5e9,,11706
873,19364e25-db41-42ff-bb04-f5e6fa655aa8,,26853
874,73a3685d-9b40-40ff-99b8-ccca3303ebc3,,26609
875,760e58f8-0abf-4014-a3ee-4c32dbd4b2a4,,18314
876,32f8e9ce-3d4d-4716-b8f8-4c453df505f7,,18531
877,0ad0c480-73ad-4d26-8d3f-8bc311456ddc,,11985
878,a82640ff-799e-45a2-8a95-c68d94e05f33,,9293
879,13dd6eef-4a4c-402a-b0a2-f166db74de56,,22039
880,eb2dc09b-f86d-42bc-a201-9df76b7457a8,,7249
881,5f1df8d4-82c3-490c-ad6f-e394fba29be8,,11851
882,0332cc1e-70d2-466c-a1c2-1e0865ccf231,,22218
883,0a61ffa4-1ce0-4c09-8045-afd0ac3c0926,,26825
884,3cd0ce4b-4509-4fa2-bd18-f86110de6ae2,,22024
885,208a93f3-8454-4e5d-aaa1-375053a826e7,,7414
886,c8e7e7b3-4b55-48af-8e4c-a72e991e72a0,,14093
887,f0ce1800-b56a-4b3f-a44a-102b7c3b7034,,14770
888,a13ce181-973a-45c7-9e3a-0271e246c985,,26605
889,15aefd4d-c9d8-4490-8bac-cd41c5f2b702,,7384
890,fd378717-dd7f-49ba-b39a-f7d6bc0cdc25,,14673
891,18f6e163-01df-40c9-af30-81d9bb52f4d9,,26797
892,13cd3373-5107-48fd-a62b-12c7da27549b,,11686
893,dfe7c02d-18ce-4ba7-8835-35fa31f56e25,,11792
894,b9c765ef-66ce-4a75-9ef5-24c248099877,,9396
895,6d19bd9a-b1c8-460b-98c7-7bc5f52fe4fc,,16500
896,4e61d6df-c099-4ce5-b298-bacfced3efd3,,12007
897,b696e949-9ec7-49e5-85a0-372671bbe4c8,,3510
898,1b0ace12-9c4f-479d-978e-a7a601209c3f,,11775
899,886261c8-518b-4971-8000-b8e80f279d1a,,14601
900,755c87d7-6aba-4461-b038-90821be10633,,18259
901,2587b7e7-8f6c-42e4-bb7e-97309452bc54,,18438
902,2dab7ddd-34c7-4c8e-98c3-3b89b0abf2c6,,9380
903,5bc5fa65-c9ed-469e-836e-396fdc024ef0,,7213
904,11e81d57-a65c-4652-b5f0-e668dc93285e,,9438
905,e3702c05-b489-4322-b218-ed0be4702efd,,3143
906,9951cb1c-2987-480e-a652-d8950968a835,,2688
907,be1ab46c-9757-427a-aad6-2d6e2d826a97,,9248
908,d07be6ab-8455-42cf-9d31-f8dbba01d3ab,,9306
909,65b7deed-d4df-42d4-817c-37053f1d6809,,7208
910,047dfc6e-65bd-4b4b-be3f-c5eb6e2c06bc,,11886
911,775e04b7-178d-43aa-9dd9-a04efa5cfc18,,18246
912,94497601-6b78-418f-90ec-22309cd00fe4,,477
913,27572e7c-75c6-4b01-8645-da19b2f6c32a,,525
914,61d0d451-907f-47f4-95a8-b4f476e17997,,21963
915,6b6a8db8-b89a-4119-af86-69641531180e,,480
916,e417b404-3b3d-49e1-aef2-b91c92c4c120,,7169
917,06aa6829-d54a-4ee5-8c4c-fefb82b41d77,,22258
918,c2ae1de5-e7b4-47a4-92e8-b785503cfb0a,,18443
919,5023c3c6-5c15-4acd-a240-bed5c9df4b1f,,22145
920,c52fbce2-61f9-4545-9401-13ecd3d9563b,,9207
921,7c18c761-1a38-4090-89f0-83c8d4a758bf,,3455
922,bf1ceba0-8385-445d-9297-6397515fdd67,,14525
923,0781552f-5e52-410d-86a9-90a03c6eb5b5,,14669
924,f9905e35-862d-456f-ace6-b0a71010849c,,22214
925,a249b99e-7124-4440-88b7-549412730a90,,14699
926,e8dcbe85-c63d-41c8-9b29-9c3367a7e8e0,,9516
927,5b702f68-d429-423e-acb4-080e71b4ff53,,14707
928,15636106-5bdb-4f02-885c-ae430eca80ca,,14786
929,8bb7d91e-9697-4acc-a9a9-9e04af0066d8,,3375
930,3f7c2336-32a4-408b-854c-3e849335c20f,,12012
931,df059889-faee-48a8-835c-6f90e7d5c335,,16634
932,e4413a2f-3d4a-4c17-8085-ef562f9b47eb,,9454
933,22c7490a-8060-439e-b00e-810d5e317706,,22111
934,124a0565-f09e-492b-a3ab-45b596de3098,,14789
935,1d3ec1d5-f83e-4ef8-9ec3-6d5f8ae7d6c9,,14687
936,54f6c211-dad6-4bee-8a39-4cbcef5d2ca4,,18268
937,3b52521e-04bb-4631-b5a8-92f2f3fec3f8,,16563
938,74e2a432-a654-4a30-b7d0-05a473ae10ad,,22243
939,515f908d-cacc-42ff-a3c3-13bc2e98ea67,,9458
940,2c7e63f6-f4e5-4b6d-b1b4-903ffa3724d5,,22245
941,c60df6bc-9ca2-48bb-a3e4-07c5e4e7fddc,,9364
942,2970cf79-8aa0-4ee0-9064-2893e7ef8ea4,,11682
943,78722893-03d6-4d78-86c1-c402feec28d2,,3424
944,f317b62b-7da5-4a03-8b6d-b1f4b7875445,,22161
945,92d95419-6b6f-4807-b61d-d76e6036fca2,,9434
946,cc9a9560-c93b-44f2-8b32-ef3bcc169d30,,18279
947,bc54f7b5-6442-4ca7-b59c-f5933dd33bf3,,22121
948,0f10e885-6a94-4084-957c-3c12a0dcff97,,14624
949,975f3e91-edbc-4563-bd59-0d6472c24e75,,21949
950,af837562-7282-4afb-8c77-579cf5ab8ed6,,11865
951,55f752bf-daca-48a2-81ec-68297e00fd13,,9406
952,9deef234-8058-49a3-927c-8146659d3718,,14476
953,2a8994d0-86da-49d4-836b-3d928c737bef,,11883
954,b12cdf40-8e95-4975-9b93-cf98404536f1,,26779
955,b0aa7b06-11ce-4402-b9bf-d7cbe96a3c8b,,16738
956,e8b8b867-d68c-4266-8012-1c084b4ec1a7,,3329
957,2e7effaf-2892-4c9d-afa2-adaf394dbf15,,475
958,aab4bbc7-c99a-4402-85eb-57b5298e047e,,9480
959,fa1f638b-5e7a-4c68-8314-de08655b146e,,22184
960,927d2143-8e08-4349-8cd2-66f76a86b5fb,,11915
961,92d8da5c-9e8f-484f-9c0c-f652fc95b057,,14694
962,759bb1e8-1f2c-459f-b0e8-e7a8d048cd81,,3383
963,d0213498-0503-40ee-b26f-69815034c1b6,,11830
964,cf2db3fe-62bb-4318-ba95-42c382cb1500,,9412
965,00806b9f-09d3-4ab2-879d-ce50f3a713be,,11864
966,abc236fa-5c3d-449a-87af-90fed3b9dbbe,,7349
967,63e11a8f-dd43-48b7-ad7f-2ebdb673bea3,,14590
968,1efe5e31-48ef-4ece-982b-e31588c78bfa,,14542
969,bf625b51-aa63-492b-b451-b4d2eceb1db9,,470
970,b55d9746-a267-41f1-aca5-b6601743d1da,,9332
971,682ba98a-f2cb-47c5-b656-4ba0cd0c23db,,7191
972,6ab93db2-f6fd-4bc8-aa45-dde5d24a7009,,22191
973,8143cd35-4c88-4dbe-90da-07f1dd82b351,,9240
974,9353237a-d159-4503-ad1b-f91b7bb3268a,,7125
975,da7bbdb8-f245-4a17-aa40-6d0f090a8c5a,,3497
976,4596258b-019f-4849-9de3-ed7723378ad9,,3330
977,b3cbb929-891d-40b6-b22a-1803868b19fe,,11806
978,7c12d062-69ec-4492-9c8e-538939f791da,,26640
979,d6361188-179f-4d25-9df1-fa8590155674,,26690
980,e868874d-f5aa-4d8e-9df9-1184d2b13a7d,,18544
981,d5a9fc8c-7880-4fe2-ac99-6e34d0997eea,,16591
982,2c4e8f94-c4e5-476e-877e-2d5a15953ef6,,3405
983,d386cc5c-8127-4ef9-b2c5-d5b3d9c9e27b,,2695
984,4178b312-c9b3-46a1-a606-3429d3e85c45,,9353
985,9cd49788-324a-423e-82a9-4816ab0047d9,,26739
986,0c8d9f33-2463-4642-b971-2dbf72de3bff,,18275
987,9510af69-80a6-4ad3-9d66-98fb3eaf3b82,,14625
988,5d8475ed-d43d-4a75-a657-b5cca3e914d3,,7165
989,bf168455-dc13-4755-a9ba-8a8ea5083a0d,,22127
990,635fb137-7899-42e7-b4da-88e7471574ca,,21937
991,1590fda9-3720-4168-935d-dabd99335c95,,7127
992,be01e72f-dc82-433c-92ff-beb02950f5a3,,18577
993,76977398-b3e6-46fa-8309-8b58ac6a3479,,11976
994,682cd7f3-f8ee-4504-9da1-f0a476f65ede,,11825
995,c542e8c5-b6f1-4569-80a2-7a5c3ffb9054,,22025
996,f6d02b6f-9d4c-438a-b426-9e86a0fb37e5,,14670
997,0393d007-f36d-43b2-a094-fc0d1a8d1035,,7352
998,ca53788b-640f-4cfe-b779-1069cce115ab,,7459
999,558c37be-e1a6-4e20-99f7-3e6b85e54532,,14635
1000,36b7035d-62c8-40c5-86dd-3b27036aa630,,26603
1001,69378763-e8e5-47e6-a8e5-7d52a400407f,,22057
1002,a3592b50-1e4f-4e70-9ffb-87a8bf7bf994,,9209
1003,b700b362-6ed2-4170-98c1-35f17a7853cc,,14750
1004,14d877d9-0929-4ea8-af67-85fccf7f7fe1,,22147
1005,9f6eede1-93fd-4c6b-8731-614b7655ef4b,,7173
1006,f2e6b0b6-5b01-4ba9-b874-d3db869ae7a6,,12020
1007,356beee2-b77a-4235-a5a2-66090cb5341c,,16559
1008,07780bd9-e90b-49b6-9db7-3fee4ccf5fda,,14729
1009,7ff942dc-cbd3-4e14-a3ac-1cc72b97cfc4,,21976
1010,470c3099-496c-4c1b-b4a8-a87f17457a45,,11927
1011,74aec31a-cd98-41e1-a5cd-2aeb9116b73f,,21973
1012,46907f48-77fe-4361-b3d1-3cdc1f0f9225,,16571
1013,e10e15dc-3cb6-42e9-aac2-4e5e279b6020,,14599
1014,7404f71c-5f38-48ab-b27f-bfbc7d9c0971,,7289
1015,84f05001-a30e-44e7-9cce-0f4fac97d907,,18211
1016,5b0a21e8-9695-4a2c-9efd-93772b7e4a1b,,3443
1017,4838f490-dc4e-408d-a6a1-147ec87b1217,,18538
1018,4bdd2ab7-ee2d-4a24-b4ae-404df7e671fd,,14490
1019,b3d1aaf0-9a37-4f64-9f3b-cd7ec0ff7ac5,,3489
1020,8751f303-5992-4180-9476-b0896dd5e67d,,26757
1021,31b84998-561c-410a-91ff-36551c433063,,16618
1022,c143f54a-de41-435f-84a4-ff0f8003a049,,11789
1023,a0284cf6-5807-482c-a5e0-0b0b333e5fc7,,14812
1024,8d4f84db-6eff-49a1-8eb6-7e7f74a6242b,,26768
1025,417403c9-5adb-452e-9912-f4d3a5cb8218,,3391
1026,ad441345-79cf-49b5-b0f0-125ee7f1954f,,16477
1027,1301b489-deb2-4b2d-bfae-1cb87ce77622,,3355
1028,6e38a80e-c31c-4bec-9d52-53b53172667f,,16512
1029,0ab154b2-726b-4f2c-974a-381cd23f72e8,,7374
1030,fb26610c-b120-45f7-aea4-f61a535a8029,,9374
1031,f311c5db-a7f9-4cfc-b0b7-50978d47d7eb,,16682
1032,d6f7d765-45ad-40bb-b5f2-1a842d4cc20d,,9371
1033,2b6b905f-041b-4f4a-be46-e70b333a39b7,,14657
1034,7d2ee9ad-c167-4ea2-afc4-6b3b2c24440a,,18427
1035,ec4bf5d7-c568-4263-ba8d-5a2d77837234,,9525
1036,7bf694c1-0523-41d2-9ec8-60280d135cc3,,11813
1037,8d08d917-582c-4e45-8164-8dc0a7851db2,,16574
1038,debc7c9b-0611-4e93-a5bb-618476dbaeee,,3153
1039,e78343c3-c76a-4200-a816-e09c0f334aad,,493
1040,d43729ef-ee3a-44e0-aec2-3ecf9b2eb28e,,22216
1041,c37203ba-5fe7-497f-b4b5-ec3b37b99a17,,7283
1042,1b220f16-4fc1-4d21-aa10-09b4e8ab2925,,9568
1043,37c11794-2f37-41ea-8d0b-21cef4e3fd83,,11714
1044,491c5ef0-2fec-45e3-acc2-bae97f393fa8,,11885
1045,eb8702ec-14b5-4ca9-9c9d-22c56fc36f2a,,3364
1046,c6a89962-830f-4ace-b1d8-7f09b9c63e4a,,7481
1047,c6e3eb3a-9634-485b-bd3a-33bd59bad18e,,18297
1048,55911bb3-b887-4bbb-83db-b58ba4966665,,14495
1049,72501fe7-15ba-47fa-9ccd-362374811577,,3421
1050,96541fcb-c6fe-42b5-9b31-f2911e1313bd,,11821
1051,d63dc51d-71bf-4381-9bad-5f04f77f01a3,,22059
1052,af90c98f-42ca-4278-b486-157c3077e048,,18282
1053,6e3e1156-e40a-42a7-a612-2baa86fc6f57,,16590
1054,b7ca208d-5d72-4495-9347-f24e73112af7,,26854
1055,2b99edbf-b892-48fa-ae7d-90a122bc75be,,18216
1056,d5af9fb2-0627-4ec5-a7a6-c81af2a3c317,,3508
1057,d72681c9-6a23-4009-b526-21408aa93a8a,,3516
1058,985b4a7a-a96f-4539-ae03-bb54d296a13e,,22027
1059,94f58efe-1429-4d01-b03c-10404e6cef38,,18433
1060,f6e2f446-d673-481f-abd0-3b35ba1a6f42,,22260
1061,e6ec7348-4716-4f7b-8780-dce1cb7a885f,,18499
1062,65cb9b92-489d-4136-b656-e2f468b0430d,,463
1063,28182f12-0c0a-49f1-890f-14de348e51b7,,16453
1064,35fdeb2f-5b4a-41a5-9623-48207adafc1d,,9574
1065,11d8c24e-b47d-499b-aa5b-6780a0ae4dca,,11729
1066,763086a1-8c12-4095-979f-56eb284285ce,,7472
1067,25aeeea3-d2e0-4f74-8fd9-fc403bf06d12,,14501
1068,c664ec7c-1a55-4b1a-ab2d-3b4311e6bce5,,16562
1069,3072e141-e3ab-4408-978b-2914ab347d45,,7333
1070,6fc50e25-4dc2-43d3-bbf6-8809c610bdf7,,18523
1071,c6b03e1d-36c5-473c-b690-aed6d0a7c99c,,18374
1072,0f2a0d44-63b3-4fe2-83b9-81a4183b3a93,,7364
1073,f456bfc8-19fb-42a8-9e7c-233b5747bedb,,22282
1074,834e2dd1-9603-4ff7-9355-4c69d9ce351a,,7342
1075,74763d2a-5a70-4dcb-a84b-171a9955ea5b,,7443
1076,7bfab958-b235-4424-a50d-d8402aeb2059,,21987
1077,f30f8ff3-c8ad-41a4-8658-7dab117df3d4,,16692
1078,f4d77514-b120-4856-bf07-a5e5af7138b7,,9402
1079,a29e8dd9-fdce-4ebc-bedd-7735fa727e6a,,9367
1080,3c691198-8c1b-49a1-a9bc-4ce21bceb497,,7326
1081,7f8eef42-84ef-42cd-bd91-d013399121d1,,14503
1082,0ece3bdc-2c87-4b0f-9096-5139f7654270,,9246
1083,6888d63d-075f-4993-9573-e0e9c3d759b8,,11933
1084,5b77a4e3-6450-41a9-942e-bc2477ae8e42,,26855
1085,871f4bbd-041a-41b4-8b0e-511bb99667aa,,18303
1086,c38bed43-a188-46a6-8682-db39eb781105,,18504
1087,30428e2e-4e9e-4153-ba90-da4ad0d12ddc,,26732
1088,0b614495-8728-4f1b-b8eb-31afdbb5db2c,,7466
1089,159f0086-4fda-4304-8ef6-4e17394199b5,,18218
1090,6c5fb19b-c377-46d7-a631-0398a73910db,,22148
1091,87f38990-6d6b-4ed2-89c8-dbd89864c53d,,2706
1092,adb1673b-2b8b-4736-a711-c3260874b6b7,,26765
1093,4537cde9-67e2-4be5-8ca1-0f0cf0b19e19,,2711
1094,a25c6753-4fa5-4b6d-ae82-4b4b94146d05,,2704
1095,e6b8fc84-6085-4c92-b2fc-35318b2ab3fe,,22094
1096,f49f3245-693b-4f06-9634-b35edead3825,,21951
1097,ff3c67c7-bf75-4b73-a763-ecf637bb2869,,549
1098,676090f1-91e0-40b4-a289-fd269c1d3f59,,21950
1099,26410ccc-bd7a-4db3-902e-12df0aebd8d9,,11906
1100,81c27aaf-1dfc-45b8-b6a1-9190e84c3734,,16550
1101,6466db99-7359-4ff9-b13a-3baa1f15120b,,18539
1102,a7c91985-075b-430a-84ff-4efea65b1ec0,,11795
1103,488a5308-bf48-47be-833f-5e516017f971,,21935
1104,1ddb74f0-858f-4134-a79a-6d0fd67f56f8,,11694
1105,c9a20284-b86a-42ec-8e3e-37f088fba94f,,18431
1106,f88a5c6a-bcc2-4239-a4cb-e9eb51177398,,18457
1107,e892d1c4-1ed4-4ff4-913a-8dc9c3cefd95,,7475
1108,8bff4727-3888-4aec-a654-d92af48cdd94,,489
1109,724fe9f3-057f-4e4d-9122-08bc3686a7c8,,16384
1110,a52c070c-7f4c-4ac3-b94b-89e1b350d066,,14498
1111,47fbeb22-fa03-4906-ab13-ffc21cec58d6,,7243
1112,46093336-a996-4670-8289-a9acb618ce67,,18578
1113,3da71bde-c34f-4192-82e8-ed4e4865b462,,3428
1114,faa82672-1626-4899-a72f-cb06e43864f2,,7412
1115,d513a27d-9d75-491e-8f5e-af857b1380bb,,16740
1116,cf1939dc-3015-4d57-94cc-c5f2f1231290,,16524
1117,97622f8e-e311-4d73-afbe-4508b9a315f7,,14520
1118,4e197be2-27aa-403b-8e86-31544685ccdf,,14807
1119,b296e0a1-c568-4547-a2e1-d9418803c574,,18271
1120,555292fe-92f5-47c9-acb7-59270d1b7620,,22104
1121,75950847-81dc-4879-8fe5-6b4e0a92d3d1,,7358
1122,22ceed7d-26fc-484b-9643-7840be9959e9,,9538
1123,cc9d0b09-3e5a-4faa-9811-ce2fbdaf2272,,16436
1124,bc7c0d6c-8ee4-488b-92b6-858a39275b12,,26771
1125,50fb5dde-b9d2-4691-981c-75c7185cf434,,16499
1126,6389b2de-b505-44a4-b4f6-a94e7bdba533,,7465
1127,1cc46efe-e236-49ce-9d3c-517fff9a9383,,22222
1128,b32eb2b2-b34f-458b-b192-68cbb5b4d0cd,,14108
1129,ba7bb9bf-27f7-4fab-9209-107a159f3da5,,14767
1130,c7157786-6b86-4aec-89ee-998370b69e79,,9352
1131,9bca607e-5169-4060-a1dc-80015f195c61,,16683
1132,ef9e833a-5375-4352-bb57-32c07ae3f5ea,,7454
1133,77922449-f7dd-449a-9f52-a9f09521da18,,9360
1134,41bd46df-f408-4528-829e-75021bf8812c,,18480
1135,b7fe74d2-1aa1-4d1d-a56b-caba16dddc23,,18564
1136,2bde265f-3250-440e-b402-64163e6e074c,,22167
1137,e6e3f2b1-3207-4e44-bbe2-a916bc70308b,,7272
1138,700bad4c-9c5e-47f5-962a-ffa5dbe3e211,,9311
1139,bd9eab4c-ac16-4fad-a3e9-3e1a39c2e642,,7391
1140,568a5a4a-f3f4-46b8-a6cc-6fd9279f6145,,18251
1141,49944d9f-b14b-4ead-999c-4cfc95fa6c16,,7407
1142,05c4a76b-1a94-46e4-89d7-9b69e643997d,,16483
1143,f50c12b3-e91f-4e1f-a686-363086b031f0,,22113
1144,930c0717-db43-4aaf-a0b7-13062a6aae5b,,7330
1145,8fb8c94b-355d-4107-b0de-d7ed1954f4fa,,16745
1146,0328ccc8-dd17-4006-85bd-8691499e5d60,,14526
1147,095a6f5a-532b-470d-abc3-fcf92a3a9f51,,22076
1148,f453f6d7-db89-4346-88b8-701ec0ef9990,,3360
1149,75bc6545-32c1-4df5-a337-879fca4eaf32,,14640
1150,159c391c-ff44-4092-a147-94b8c78e0953,,11661
1151,bb544ba4-e5d7-4420-a9cd-8baf99d74ba2,,16450
1152,12d105d5-9b75-4924-9085-c2bb2549d08d,,18321
1153,e0a50eb9-02e3-4761-a286-8323dbdac784,,26685
1154,e153f9ec-3e55-4a49-a145-8cd8527a11a5,,9422
1155,59b781ed-9942-4ff8-8417-08996e3704e6,,18342
1156,5f4eeb94-82d9-4092-842a-278daeb13aea,,18281
1157,135f82d5-d7cd-4e21-b4c4-ed3e878bcb50,,11696
1158,1fd13a9e-7e22-4cd9-a296-f7033ab2acdf,,3492
1159,50ec2fd4-a1c0-4b55-83a8-43efc00c4b3b,,11989
1160,c7c52ebb-f932-4743-95b4-263c823cdcb3,,16584
1161,7c9d3208-0dad-4076-b851-ee64b2f4494c,,11910
1162,90753149-4c9a-41e1-bdef-5f2ddb4b0259,,14491
1163,be4f0627-19be-446f-ac58-603fcff8205a,,18236
1164,bb0ac53b-829d-4bd0-b92f-ef2267053069,,7297
1165,58b3cf5c-63e4-41b7-9383-368bed53785b,,16469
1166,ea2d7e59-fc8b-41eb-859f-cea40cce3e2e,,9567
1167,ed5e5e4c-d082-45e3-9e91-fe2f99e23f87,,11760
1168,71a20569-aebc-439f-a90d-a0f9710ba632,,9336
1169,447b9411-9832-4a71-96eb-c21ee998a787,,11662
1170,fa040c6e-0a11-4816-8084-96d277fbab22,,3469
1171,3501c33e-66dd-4a74-b536-05e77281c540,,9423
1172,40626897-7d36-4ba2-9087-30fe03d31186,,22193
1173,0efdecb0-8918-42b4-99ed-95152514ff38,,11680
1174,bbc6b03e-9ff5-479f-8c89-ac5a9b4f0480,,7265
1175,d27163be-8ab7-4984-ae66-222ca374fb84,,14582
1176,348c2f69-b81c-4ded-b132-98146a2b9e9e,,18212
1177,1526841a-2eca-4ece-904b-c2044a2b0eb5,,7328
1178,fe6916db-3ce9-44b1-b2a1-683b5f0e08d9,,26780
1179,2072f934-4363-44f5-b022-3ff5db5d6ce6,,11930
1180,6ea55836-f3bb-4260-8615-aaf7577e0dc9,,14663
1181,01dfe34c-dd4f-4fe8-912c-61dc2d2e3151,,16454
1182,bdf10199-d617-4449-8d7b-18ea472a9f69,,7301
1183,93cfcb1c-46a7-464b-9b18-f733aef82cfa,,9512
1184,410a62aa-62c8-42b1-b379-d15fa7abc57c,,22272
1185,efc42c18-4120-4f78-b1ae-90048d0c24de,,14474
1186,907cda48-4ee7-4f07-a1d3-c44625d4cb96,,26715
1187,7b36389a-3400-4c1e-80a0-f589f8af421e,,11679
1188,79109867-797f-44b6-80b5-a80b1855d090,,14783
1189,7e64d1be-619a-4cfc-a3df-e83a0c6678e4,,7282
1190,da2ac4c1-4220-4a10-b052-2f9772617654,,7395
1191,8f503353-fc6d-4a7c-bda5-1f1bd217557b,,14710
1192,f6feb523-f186-4206-ac6e-bd34f734d642,,18450
1193,54474b6a-ac5b-4bb7-8d32-d739aaf539bc,,22092
1194,cab77dea-9097-4123-a1f1-909737feb3b5,,3502
1195,934c61cf-48fe-45d2-804b-a273dd0fa926,,3397
1196,5e946a48-c0f2-4ac9-a984-c5e6da8775e2,,7182
1197,47703321-1d83-482a-997d-567cb9eb3a2a,,16529
1198,68cd21d9-bf9d-4917-9f3b-be61a1447c71,,26867
1199,019dd71f-7f1d-4586-a71c-dc18fab6a6b0,,26678
1200,4d121303-4bd2-4029-8531-4cae0b2a334a,,26638
1201,d283c5ec-7df0-413a-8840-8521923fc489,,9535
1202,e2c76865-8276-4fd6-adab-f1e294c630d3,,26703
1203,2051b2b2-72e2-48ed-bfbc-ab03edfb9459,,14738
1204,f60fb0e4-fcb6-474f-bf24-de359cba21e6,,11820
1205,ff8a5e22-0799-4d66-ac07-4bce34ad9957,,16721
1206,8ce22fbd-938e-4508-b624-4dbda64f1c0f,,14588
1207,617aab07-bf45-4693-af97-ef5d4506c2f1,,7290
1208,e936bdcc-cafa-4b5c-89ac-ccaf15500730,,16593
1209,c0279d3f-ce97-4379-a6d6-a0c12c53dcc7,,18437
1210,72ca6567-4465-443c-bf4e-6cabdcf97d7e,,14726
1211,67497da6-0236-42f5-bf2f-207a62d019ed,,7130
1212,46be9c50-089c-41b1-8d52-cfa8131edf5c,,26614
1213,20449afc-696c-416c-b4e2-1b314e5a1b93,,3142
1214,2824e3b8-f588-4bfe-a262-b3a4b24f6bdd,,26698
1215,0c7f1d0e-7e7a-400a-80ac-a09ed912c100,,3426
1216,13843573-3560-40f0-85e1-66cfd00c9524,,14709
1217,814b677a-3f20-487a-89f0-a81b674ca5c9,,7387
1218,fb4507cd-81f5-4e5d-9c74-3597ae2baf36,,516
1219,8e754790-25c7-407d-bc71-dc807907affd,,3471
1220,133fd363-4563-4e7f-9166-8694e2799da3,,16439
1221,1fa8cfb8-4fea-4a69-b62f-7c010150386a,,7484
1222,54ff9e65-82af-4234-bde8-3fb233dceb6e,,18260
1223,7abd5c83-c9c0-46cb-9b68-8f49271509d6,,3152
1224,45a48e34-1d5f-4143-a731-448eff38a2cf,,18352
1225,1da7972e-5644-42b9-a0f3-926795305d07,,22135
1226,9a0401c7-ef32-4656-90ad-ec1d2a68cab0,,22233
1227,992e9a4d-c4e1-4ba9-a7ed-e829f91eaada,,11834
1228,7ff05cda-cb33-4068-8c94-5ca602b6efa1,,16501
1229,c600a207-a9f8-4a2c-bf94-bb5f20c7fbd8,,9199
1230,fa73f805-3074-4250-8730-51d125755c7c,,16481
1231,9ad6a748-53c9-432d-8625-59c75f416a4c,,3374
1232,94b3495b-2f45-4098-abc4-453c0bf0e3e1,,21942
1233,935602c6-47f7-4ad2-bab4-f4f747e9d313,,14562
1234,657e0784-5490-4d8d-83c9-1ab9c99744a9,,14765
1235,79502458-f825-40e3-9cb7-64c68ab2ccaf,,14100
1236,ebc17ee3-aae3-44d7-9635-0872dd0a7611,,9331
1237,8ccda761-a170-4450-9cbb-2263ff480758,,26708
1238,f18cc2ee-f715-4b5b-8637-967e0441106b,,7277
1239,9ab1deb9-0c42-43ac-8841-50b0c0c2d601,,16710
1240,d8a630a6-2d1e-4e96-98c3-afe8d9e2cd76,,11718
1241,2352a28a-a0be-4246-9321-492a30f28e65,,16484
1242,019d8011-01cf-439c-aeae-9cf68f5f099d,,22227
1243,3b1225fc-340a-4a12-a754-822c32e9d997,,18441
1244,1fc7a146-c35b-4e59-9c6d-49ab18020376,,26729
1245,d95f24a4-2bed-44b4-8cb3-c6cf2d8bd72c,,22077
1246,38f22bd4-762b-4c1d-9726-7c6508025e95,,14652
1247,445ce027-24e5-4e76-bfee-b86449d7b705,,16585
1248,fc4c9cad-7697-4ef4-abce-aea24cc32816,,9384
1249,a6f49c2b-0654-47a0-9d4d-8a1d3e778227,,9330
1250,2c6969de-fecd-463d-8caa-f5bc6c3fc476,,11709
1251,00166579-9022-4ffe-ae8b-8238c2e77c81,,11713
1252,90e4df06-61d9-4ccb-922a-4a3358da5253,,3382
1253,5aabd306-5249-4c93-ada4-813941b6bca9,,22143
1254,87395392-ae57-4eaa-8d47-8b0a795b074d,,9496
1255,b01db104-1964-446a-980b-4e5a89ceccd8,,9236
1256,3345a20b-4265-4335-b451-0fed569ee6b1,,11990
1257,dd695763-daae-4f83-919b-759e3066d49b,,18558
1258,36a58a90-e1b0-4c67-84a9-abd4f31a1d85,,22110
1259,60a8e7e4-a725-42f1-9cd0-b8753d1e6b30,,7244
1260,fbe103c7-6353-4306-a5e7-0240587f3ac6,,7306
1261,be08882a-c5c2-46ff-be32-3f923bcdb152,,22257
1262,7e13d436-6931-4adb-b6a1-c025137d93a5,,21955
1263,62ad8c5a-de97-4c3c-bf1f-648fe0a35d19,,26687
1264,0156d0e7-6075-4c43-a53c-4ca5c2e18b46,,14469
1265,69fa1139-2184-44f2-bab1-8ac073b27b5c,,3485
1266,4edcda29-73d1-4fde-87d0-25bfab9127ca,,18444
1267,c1747495-d10e-43d2-b610-f4f163cb2cf1,,11940
1268,0c1d9172-ca48-44a0-9447-3ae21442ba79,,16418
1269,939aebc4-09c1-4755-a22f-0f6a8609dd2b,,7422
1270,125ad6de-fa5c-48aa-a794-f318ff3174f9,,7432
1271,75a8bbdb-9a90-45be-832d-aa7a1fccc6f7,,22171
1272,a1457261-51b2-4b51-b3bb-bf38da1cb593,,11731
1273,80cb6d14-ba87-4508-938d-4f772480861e,,14516
1274,82c34fe7-7ebd-4800-975f-6b97d0b7979b,,2712
1275,6c729706-0062-452c-a9ba-27adf3401e67,,16392
1276,4f86e342-e7eb-40f5-aebf-0c92b7bb21c1,,522
1277,30a68d3e-c734-484c-a8de-cf338c4f1679,,14591
1278,497111fa-21f8-4f36-b142-777e2eec8c07,,22206
1279,9a74d717-1970-4f89-aa88-6751034057ee,,26618
1280,a1b446a2-b69d-44ed-93e9-07aa1fa79a3c,,11815
1281,bbadf991-6430-45d2-a61a-cde339d1f53a,,9523
1282,3783b0d2-cbbe-44da-86c4-49b075704779,,18481
1283,fa511a35-9b80-4ead-9631-e2ca6bc04dd0,,14104
1284,d86be9a0-b121-4516-9342-0104473168e5,,22201
1285,8d308b08-f4ab-4ccf-970d-22c846a2c6a3,,11800
1286,4b8045d4-4cc7-442e-b67f-d5c8d216a780,,26799
1287,fa1706d7-bbe6-483a-a177-ca2aff805e7f,,9247
1288,f27fd483-1e0a-4bab-b6d4-1c30e44b3749,,18446
1289,31d55f09-2320-4e2b-b2f9-7a28174f86ec,,18574
1290,5071969a-7a42-446c-b377-ae21f5832321,,18231
1291,41a98933-7624-4587-8dab-4d141be4c181,,7300
1292,6e94b736-ebfd-47b3-98f8-78acbccbf62a,,22141
1293,654859fe-17c6-4af0-b311-ae655e601c1d,,7469
1294,a58a1247-aa00-49b7-b2e7-bc672c595c4e,,14774
1295,021184dd-4e63-4461-aeae-7a0efc4ac6f2,,26809
1296,2734ecc7-2b8b-423f-aa3f-aa452e5c8259,,22068
1297,f17dc993-1d93-4ece-b2e8-c33451fda0ad,,22269
1298,90bbdfb0-364e-4864-b825-427a126159ff,,7144
1299,2d11fcb2-bfe6-43d4-96a6-634f49bd71ab,,16523
1300,80f4f62a-cc68-4e30-a495-e899e88277f2,,21986
1301,a1c06100-1b54-4e3d-ac78-f2c0cbe4f369,,7274
1302,ed53c136-9355-449d-a8d3-cb4ad884e354,,9534
1303,75b2fc04-d177-4283-9ee6-f0d3a0b941cf,,14531
1304,68bf543c-085a-468f-8188-42ad30b568a9,,18489
1305,31dcf1f1-f0a7-4bcb-94bf-1e1678192ca3,,9459
1306,b75b7a15-4b2c-49af-8fd7-fb3df153009a,,14713
1307,4a2f2343-6218-452b-99a0-3a8935145533,,18532
1308,c2009c5b-0bee-464e-9d41-1946c14176f9,,3109
1309,d3df4bbc-20c1-40f6-99c8-d327a265f44d,,18517
1310,9efaff31-8e49-4147-85d5-c1223926074d,,7276
1311,ef4e3067-e529-4e19-9817-c070fa0b3843,,16516
1312,6c06de09-5b99-400b-9143-e0e2a9b3a8e4,,22177
1313,cfa75945-76e8-434d-8d4e-8f5e7c619354,,14576
1314,369ea765-6df7-4042-8fa5-f7e2a8f72be0,,9365
1315,5c669a5e-4534-40d4-a9f8-55d40094fe3d,,11900
1316,e4def7cc-b485-4317-b8e4-cde1c17973ac,,546
1317,bc63371b-3022-46f9-9399-86fcb69d3740,,11653
1318,fb9b362b-2f36-4cbe-a74b-f2f16bd8338d,,16674
1319,147dba54-aa3c-428f-8511-c5909cb92520,,14630
1320,16401d98-5a02-4ae7-8e43-1e48b07a718d,,26831
1321,187099b9-60e5-4bb0-ae0f-d55aaa1cafdc,,11799
1322,f4b3e5f3-ebba-4c1e-b4b6-b2e2165d8dc7,,7254
1323,1a06ca44-15a7-4255-9712-d8f639bd7dd0,,9356
1324,46413ed0-1913-49a9-8101-f67012115885,,16620
1325,67cd4155-af4a-4623-96c8-83a13d4a0931,,9283
1326,68c6e4dd-0a1a-4ee8-8c55-4fb03e7e90bc,,9210
1327,fc85571e-54b9-4742-bbf8-ea78b6d12cff,,11923
1328,bf657066-81fb-4b39-82a3-8a5e2024fac7,,9450
1329,cf07fca3-83ce-4110-b87e-ed7160e69055,,11685
1330,aa5e1caf-2c31-4340-9104-082723586c01,,21993
1331,949a10ab-dadc-43b5-8f53-f3cdfd7bdac8,,9358
1332,ab80fd92-fd2a-4818-8749-2958d91ff494,,18550
1333,41a0e20a-0e10-4a62-937d-a10a23491875,,11690
1334,5cf25ef6-8a64-4e03-a9a0-b62a909ca56a,,11955
1335,21506b1b-4c28-413c-8ee2-88713f74a8f6,,22182
1336,6c77eaf3-53e1-4a72-a6b7-6b6f6f47ba19,,21938
1337,b4d9c7ea-7975-48ad-99cc-7a640cc00250,,9476
1338,b16967a2-7f35-44b6-a167-7e9e6944cfda,,11652
1339,5e1b0416-e4ea-4f20-b0e2-9530be98f170,,7264
1340,cb650a1c-c28f-4401-8fc5-89778c31bdff,,2708
1341,038cce6a-b973-4234-a403-3699aa33e44a,,18376
1342,aab2e134-2b6e-4469-b52b-ca5221fd931b,,3472
1343,8c169f8f-6cec-47e6-99d0-3b24a9d0fe22,,26847
1344,5ce515a3-6a48-4e66-8953-c8e42b8b2728,,7369
1345,0705a1e2-45b0-40c9-9c26-3399c8e6dec9,,14755
1346,4638a6c8-b8fc-4681-a265-fe20b449e1f1,,11905
1347,19cbdcdc-10fd-4d90-9c9d-61348d8ce1ca,,14494
1348,e37bdd2a-452a-44e8-879e-b7497941b8a1,,16653
1349,2a2e2b24-d787-4860-8a6c-1580ab435bda,,22192
1350,a8c500fc-b880-4af6-b807-629e3e3fe14d,,11921
1351,0826f8a1-f17d-4517-b647-7198cb109815,,18547
1352,b1e8f10f-8b65-4905-8838-2ccbecc46e57,,3359
1353,6c2858b6-2711-4ba7-ad25-bc5d94d4e71c,,18364
1354,69baaefd-3004-4845-9144-a04f3c05752f,,22131
1355,270fca09-0cf9-4f48-993a-d07f542770be,,22124
1356,9fb9e4a2-fa2d-4a3b-b700-f63d263b41ee,,14470
1357,dd0043f3-3115-485f-a990-f21d00b04bd7,,9499
1358,a819a28c-eb9e-4dd5-aa7c-368391f0766c,,22126
1359,b06e8c1e-c210-496a-b893-89a605dfd8ea,,9217
1360,f4909629-06f1-4add-bcff-32d406157bb6,,18506
1361,ec4b86ab-19a2-4599-bce1-e2761515d97a,,9482
1362,a957421f-1f1c-48c9-95e8-2a013e5f188a,,11823
1363,19a7e7ab-649d-45f1-a789-8b76b0c4d151,,16492
1364,6fb70570-c16e-45f0-9a1b-53cde97cb36a,,3136
1365,4f99e9b5-c01f-4760-8bca-72a198270487,,16412
1366,72e5b389-c4c7-4fb9-9e9e-48b03a78ba43,,7417
1367,c261e1ad-98d2-492a-a6ed-5cf66b25046b,,26677
1368,9cfb823c-92bd-46a9-92af-8d94f3d12ae6,,14813
1369,9e846dec-323e-40b3-8009-62bc8630b9a9,,11951
1370,a3cf4c66-3d99-4d72-9054-f6c63740f47d,,21960
1371,ef75f06b-7288-41c1-97ab-541c7ef91d18,,9492
1372,99219a4c-c052-412e-b7f7-5a0ce5ad2a46,,22213
1373,797075cc-f9e3-4ecc-a6a6-401f17448f4e,,14620
1374,fcf830db-a85c-4f01-8a76-1b9bcc3fb6ab,,16482
1375,543271b3-27e8-4c42-a365-cb5505276d13,,3106
1376,24591058-abb5-49fb-b83d-9c56edbeb0bc,,11961
1377,cf4266bb-f02d-46e8-ac3a-f2ce96ae64bb,,7234
1378,2ef0fef3-8d9b-40a3-8feb-4c9999143287,,9310
1379,a8695699-3e64-421a-82dc-375967ecdb89,,11741
1380,4b61df05-16ca-4ca8-89c5-87371b0033f4,,18226
1381,33ff94e4-28aa-4610-b597-cd01e8db3d93,,16746
1382,79b5bcb6-6c9f-4f59-aaec-909865aff088,,14567
1383,a0a500ef-c009-47cf-9568-deb57f494c06,,11978
1384,6db4f8d5-c69b-49b2-9d4e-ba5e34260601,,21998
1385,74a0534e-c96b-4227-a509-52a06408f825,,14095
1386,ad38cfc7-6a6b-45ae-ac89-4b2af3f6e68b,,7308
1387,98b8a409-f6ff-4ee6-88c5-72d5f3a8bff2,,14105
1388,839867cb-eab5-43b2-8476-b43298da0843,,3440
1389,aeb01369-a955-4e0e-a80a-2d04f12c0505,,18545
1390,2401c7ba-34e4-4a48-9f90-f3b3ab11396d,,14638
1391,56918da6-eb90-4f70-ace6-5b4de910c5bb,,18474
1392,9f40c442-5870-49f9-af91-ce1af76d8153,,9208
1393,4ca7480f-52a8-44a0-8390-bb1da9afe3e5,,7250
1394,d80d606f-88a5-46a0-b871-6f05334903bb,,18509
1395,8593e078-559c-470e-9944-e20ee1c8167e,,3138
1396,05c8336c-37d5-4f39-96d1-a8d1d582ea19,,11977
1397,6d3ca087-18fe-4899-9538-50d6a4847e8c,,9244
1398,5ab40b88-b83e-433a-8022-342fd07da67f,,11737
1399,f43e0270-28e5-4c8c-bbbd-0fbf3245c34f,,16417
1400,1854046f-72ab-4a9a-889c-09caf1eafdb1,,11678
1401,6f122c32-bf34-4e43-aeac-1e8d90bb0257,,16675
1402,e486c64f-cbc2-43f3-bf83-9c0871302c98,,22208
1403,e7dc41f3-eb34-41a0-9c59-448744fc01cf,,11809
1404,e3f5566c-fa3d-4ef6-9e31-95d5e4f9d740,,7485
1405,242f0d70-1a1f-4bd5-94e8-8fb7f8b72db3,,7221
1406,3fce39f8-9af4-4df7-bd76-50633efe767d,,18310
1407,e39de786-09f6-4b23-b9e0-0b873a39a679,,9289
1408,ec197063-8196-4ae3-af23-4777d75d58b2,,11689
1409,6a0ece13-e538-4f09-a265-f9946dcb4df9,,9385
1410,5b3c4b94-916a-4165-bc5d-e41d58975ea7,,18399
1411,fc250f14-cf66-4b78-b2b3-473973afe62d,,18232
1412,a90511d5-713a-4d0a-a79c-e234bd961c03,,7416
1413,9f016c0e-7faa-467e-98bf-c7674ac16816,,3459
1414,b66cc677-17fb-43c3-b455-8e53179470a0,,11780
1415,595d9131-bd4c-41c1-a27f-690a6908d980,,22270
1416,20d34e72-0cf3-4cb6-9117-72f2ccde69b8,,26696
1417,7bc44719-2047-4e1f-8113-29c7784779d6,,7220
1418,6f534654-3b64-42dc-8fc9-71ade4c11c8e,,26859
1419,ce12460b-9c03-4adb-a5ee-9adedb9c0dcc,,9414
1420,86334971-2c7f-4679-a326-60c89dbd5ee9,,22203
1421,321e57a2-f1db-4fb3-8284-9eac10a3a2be,,14691
1422,c24f3b27-e612-4156-9444-0c72b9e29d60,,9252
1423,5e51b211-42bc-4c0c-a99d-860c8df03c80,,7194
1424,19462e46-a418-4576-957d-d11e62cfd74b,,22178
1425,e68d9dee-d145-47c2-b4cf-7a197661518e,,3335
1426,8cc194ca-7670-4f06-a68d-039670e1f7c9,,7361
1427,95b84177-2ba0-4e04-87b6-c4f44c88ddad,,14679
1428,aafa88fa-f7d0-48bf-8387-8e4be7831b7a,,3122
1429,dfb7f22e-ec7f-4012-973b-f4140ac9cf56,,11920
1430,3a8fed51-2ea9-44eb-99b0-c0d06b2d304b,,9274
1431,62ba35c9-2a4b-4576-8485-2205be962864,,7122
1432,04b0fd34-5304-431f-895a-cedb612606c3,,16626
1433,be2761c4-8944-450f-9737-1e5e89a55a27,,16691
1434,eb470b5d-d48a-4d80-85a7-52281f46a8f8,,7270
1435,11a052f2-2464-44f7-bf47-ac0bf26998b2,,9200
1436,209e591e-0289-423d-a3cc-348059dee043,,11681
1437,886ba3f0-5382-4dcb-8f01-35cc211f0262,,26701
1438,17e21b84-5358-40f3-b9a5-cce2966bb233,,14482
1439,ca35e1aa-36a8-4f2a-96c5-2c143a354008,,16752
1440,94feffd7-7f96-4a34-b7d8-a0ab89d45c37,,3334
1441,58ed78f6-66ab-4033-9f88-6a200f2b3ff8,,3461
1442,7453f845-61b8-4cd2-8c02-9b191debb3d7,,9349
1443,5598dc73-dfef-4f7e-b772-41dcd6402a6f,,499
1444,1d2c268c-0130-4a00-81e3-f845a88ec17a,,16394
1445,31306019-0dcf-4dcf-966f-6ecb80516dc3,,18208
1446,6ecd01d5-38fc-49a7-ab69-5ec3f5c7d425,,14612
1447,cf8a316f-ef6c-491a-b8a5-6ad4438e34ed,,9251
1448,3f642946-96c5-49fc-8f1c-ddaff29da5a7,,18356
1449,2f1dec9b-d528-4fe2-b5f5-b2c417fb07e3,,18449
1450,531edd2a-f202-4352-b142-f81ebffff13e,,11868
1451,2137268c-1004-4c4c-8ec0-74d7a0675bbd,,11904
1452,f3fa0030-e4c8-450b-9d07-6add44c1bfc2,,18215
1453,86c931f4-aa21-479e-a9f5-6ebf2dd14dd4,,7362
1454,e17b9132-c0df-4c39-8d31-513f60308bb0,,7150
1455,29b0e0c2-ae44-4ba3-9c31-a248c1ce7cb5,,16393
1456,28d0a317-a7c7-4010-ba51-5192155ee7c2,,22099
1457,d1956fa4-21cf-4cfa-9bff-7171aeb06f86,,18217
1458,10a4eeeb-f1dd-474a-bb6b-cef12e6d0985,,7174
1459,81d5d88e-2c9a-4b11-b095-c5accbc711ca,,26795
1460,2c472469-d90d-461f-a35e-0cf5ed758a41,,26844
1461,20cfb88e-41f3-4e64-8ded-21ff3214511b,,21983
1462,1c19276d-6589-4add-a981-57a46c8a804f,,2710
1463,3874bcee-caaf-4004-8d0c-b489d96fe7f2,,16532
1464,4d03e160-c07e-40e0-8aa1-00c0514c072b,,26718
1465,2983f56b-3062-46c9-92b8-1c7e6e090fdc,,11916
1466,ac250296-5cdd-4617-9336-3694c91db222,,14101
1467,9556bf32-3b55-4c19-8ef7-085c8c38dd00,,11785
1468,2543822c-a6f5-47fb-92e5-d3246dd8695c,,14504
1469,92c95b44-2316-4aff-bd86-37fde6f5c4d3,,3112
1470,f6cdb6f4-7706-4f53-abb8-50549cbf474f,,7314
1471,03aac2d6-9836-4181-b0a2-a2f9b73a4eba,,22061
1472,dbd3b75f-cac4-4e2b-96de-f5b2c2dab545,,18227
1473,806f3297-928c-4cc6-8705-4a6427314277,,26634
1474,f3e381a4-dde2-4c56-b152-6f9e4d1fe420,,7313
1475,3cb61ad7-f530-4857-b502-45a02725e5e6,,26838
1476,d8ad7552-8b59-452b-a70d-728b364c499f,,14724
1477,1813401a-cf31-4f57-8e58-bd5131c5a207,,16670
1478,c7d0e7ed-e1df-4347-8fc1-865870a68438,,14655
1479,91e2d403-583f-4b8f-8b9c-0b1960e393ea,,11645
1480,19b75102-4253-48f2-9343-792d9146317b,,26611
1481,ec66aa44-5725-4984-a2a5-9407c82a9dcb,,9457
1482,b1ab1824-9308-4901-9a64-1f265840f3bd,,11874
1483,dca353de-55fb-4070-82bc-084151db5958,,9573
1484,1cb1e7e7-760c-489b-a5dc-2644e9936777,,22224
1485,47cfb48b-d748-4085-97cd-3f2a7b57f2cb,,550
1486,9b516daf-91b9-4321-bdbc-922689a26106,,16433
1487,46b82820-375a-443a-b7b8-a30ae13ebefc,,18434
1488,34b7d679-db9b-4501-bc65-4100c00c7e10,,3340
1489,498176d9-c365-48b3-a1fc-bf4968257c2a,,7309
1490,6f11d01d-8b31-45e8-9de8-af3f3453d98e,,3368
1491,ec282d08-ebb0-4aa5-9142-03f54a2fcf19,,26667
1492,d879aaca-2abb-4266-977e-84e773981e44,,3441
1493,bd73a886-2f44-4f78-a9b4-cd8772e8baa0,,18420
1494,e067f235-8102-45c4-907e-853a8ac1652c,,9420
1495,a1f1c60e-9e0b-4347-9ee5-a347f131730b,,22217
1496,0393ea22-989c-4f8d-a68b-4de35e4387b3,,16754
1497,03a0d6e8-84d8-423b-b7a3-d80910ace4a1,,16401
1498,0cbc1e60-2a00-4441-85a2-90384d370558,,14521
1499,4bf63116-67be-4653-99cd-a632cd992e0d,,22202
1500,670a3cc6-3e81-4450-9957-5c30e1a18975,,22030
1501,fa5e8cd7-e1db-4f44-86bb-7dba8a79883b,,18571
1502,9ae67b35-d6cb-4ecf-9331-b077fb6552b4,,26713
1503,c48f305e-9d65-4962-b537-d0222093d091,,16716
1504,e271ca04-d917-40e1-8938-1dbe03b13dd0,,18534
1505,1d84bfa8-d8f6-41fa-8ddb-046069ad09ad,,16733
1506,93f4497d-b3c2-472d-94e7-a9e3f38a7d1f,,14715
1507,4c4eb9ba-6358-486f-8f74-56e591a40f11,,26884
1508,33ed7c79-6c92-4016-ab05-c57ea7022f27,,18397
1509,20b7a53c-6bba-4e1e-a0b3-a2f6e71d2b17,,12002
1510,00a064d7-7a01-4a21-ba81-9c56b192c0b3,,16494
1511,93597bae-35e8-4c8a-896d-0e661345fe29,,18464
1512,6e3da56b-7f3c-46eb-a57c-6b773c1fea65,,7379
1513,e2629244-6b87-4c49-b8a8-29ae55f1fd44,,18237
1514,c35997d8-8c61-4e41-90d7-665c0c34a412,,11773
1515,050aaf91-3fb6-4b23-8df6-a930d65bc92a,,11888
1516,a9dd1d42-b688-48d2-b012-f3397fe58938,,9522
1517,e850182a-5ba8-4cc8-9545-8fa594aec2c0,,16504
1518,cc0141d0-545f-4b68-bebd-b70e32b945f3,,21978
1519,3e75590f-a8a4-4775-af20-ea47139ee960,,3121
1520,832eef58-2c54-437c-8feb-2d0e420e79a1,,9270
1521,13ad3679-b24f-4671-b2a3-decc6f98946c,,14727
1522,ab528f99-b11c-4960-8cb2-e4576ae6fca5,,9381
1523,b4e01f13-1ab9-4f6d-b424-caf301fd03ea,,7383
1524,7f081287-8858-474d-9a1b-4e71da53d4de,,22204
1525,6b403ebf-e169-45b4-aab1-9e75b64e5842,,7211
1526,ed70f3c4-1503-48f6-a6f5-e1843a4fa33b,,16540
1527,83113449-8959-4378-b001-3cf2407f95c0,,9346
1528,71c3aa9e-127a-42da-9825-7d9811297821,,11684
1529,88805261-4352-46c3-9bb6-447a0fa5b52b,,7258
1530,3aed04c1-71c0-4f7a-8e54-abf20680948a,,18257
1531,c64663c6-8cc4-4ba2-9ed7-59d37025cd12,,21984
1532,bd71656b-cb69-42cd-8075-73e076036e78,,22045
1533,59f413e3-9bbd-4204-9ba5-eb2b31a0c397,,9273
1534,108741b4-37b9-49ee-ac92-693fe309f630,,7219
1535,38131fcf-7abd-4eeb-9b4e-ad77bce1ba6f,,16413
1536,cf7e8a18-1073-4dd0-a508-14f8ae00b256,,11956
1537,71fd6611-79db-4dd4-96a2-c880f7593d89,,11845
1538,c3fb3d49-205a-44c0-9f0a-88cec26f1518,,3410
1539,0ba19bf2-7d28-4940-a07e-127600c8ad17,,9490
1540,af493aca-ea3d-434b-8b6a-d9eb9a4c371d,,7329
1541,209a2798-3f00-43ae-8365-9ddef8e2471a,,16669
1542,8e9fdefe-c297-4ba6-b2eb-5acfcae70adf,,14479
1543,a54ed1b9-a933-4bfc-83fd-1a2469742d0a,,9545
1544,fe0f5900-e782-4326-8eaa-32501a1bb31d,,7357
1545,408695eb-0b77-4917-a172-a81799e228c8,,9230
1546,1f5ad17e-efc0-49f0-a938-c3f5620304f9,,18471
1547,42c3df6c-be1d-492c-b5d5-1e76f73bc8c0,,2716
1548,a2c15998-bf6c-493e-bdd3-a716a96480f4,,22198
1549,4d12b0bb-78a1-4975-bbac-167dd0ba3380,,22231
1550,b4f132e5-bb2f-4c79-9021-770d64092e25,,22288
1551,ca24c596-b15e-4ef0-830a-3f64f28c8b39,,18256
1552,369d4eda-34b8-49b1-b805-23611fbeee26,,11846
1553,b80df03f-b4fb-4543-8a33-ede4f7b59358,,22188
1554,e3ebe198-f820-4327-976f-210b6874276b,,3425
1555,3933a468-6aa3-4348-92f5-8ac401f757ce,,3449
1556,4f1fb4cf-9a52-4e50-8672-3411dbb4aa4d,,16673
1557,b34a2f63-2cf2-4e8c-8f30-6aac2cf4de06,,18320
1558,519a21cc-dff8-4163-a41e-b6868e6eb952,,18219
1559,8ccb8066-8a1f-4e19-83e8-46736575fe85,,3144
1560,c55e4ae9-6a8e-46e7-aa4e-5eb992c5d9bd,,22296
1561,19cd9b32-8d86-487e-a211-5f77bc965947,,503
1562,ee1d9391-e4b3-4203-a417-db1dfa5c3933,,16468
1563,e1278e58-2f54-4101-87be-f67950039bba,,16741
1564,45fe6961-8784-4f4b-861e-23a4c2a2cdcc,,3114
1565,b21eb363-d560-4d1c-a041-799e08a701eb,,22168
1566,a4289210-d9d0-4f08-8b1d-15b1b1cf6b75,,16515
1567,56b98f65-f0c5-4a21-bd59-6872a381f467,,11917
1568,9a8a5def-775a-4f43-af71-480f36aa6425,,26828
1569,22c25cc3-10da-42c7-a9e1-6feb2dd1bad0,,26620
1570,d9b447e6-5338-4bb2-85ac-b34c867f70f9,,26835
1571,ecfa7ef1-f7ff-4a03-8380-955ef03f0c12,,26802
1572,f6655c0e-00df-4205-a99c-5dc81406ae1c,,507
1573,ebd0520e-3cb4-44a3-8509-2c46767d315f,,9220
1574,c160fe87-feb3-443b-8ec9-c306b05ac3f0,,11751
1575,4cb7cf50-6d7f-42d8-89df-7a45e35678c8,,11763
1576,dae2cd4d-ec3b-419c-8910-8426a588e181,,7392
1577,14002af7-bc68-4f84-9091-1ef21da6fe07,,14621
1578,38ee14c7-a82c-4302-9358-165b99a81e03,,26662
1579,24cb1821-85a0-4235-97fc-66b84ac85759,,9569
1580,1499acd1-99f7-4266-bba1-b6ba65511416,,26781
1581,69e78c9a-1c28-4e27-b694-1e1251c0aa13,,12014
1582,cbc2a0af-0722-47e9-8e21-1aad1a2cc1af,,9383
1583,1bfba9c8-365c-4eba-8b5f-582e7fba6036,,18361
1584,d2ce06e6-04c6-4067-91e0-48cdd59a6813,,7137
1585,70cf9efe-1daa-47e7-ad12-8d1afe156b86,,544
1586,0e860958-e147-44a7-98f2-31066b394d89,,11969
1587,0448b9a5-8b6c-4d41-a0ba-f845ad43a27c,,18553
1588,c157e297-e152-4a40-b770-9e7ce5cea55b,,3160
1589,35842e31-c38b-43ae-a2dc-3422b458b5d2,,14566
1590,5962d980-29cc-4ae2-b2f3-01d2bbd7cae7,,3361
1591,bdb8987d-3892-4af3-9328-6039f7ba341a,,11677
1592,b7addb07-e6cc-4b02-8f6e-23197898dcbe,,3452
1593,2de1d4cc-97f2-423e-b048-a0ea52fed5cb,,14572
1594,3f2426b2-5bf0-4626-8f8a-4c01f90a8eba,,16376
1595,98031112-3689-4097-9e28-239ef188fd9b,,21975
1596,16423177-e466-443d-95ac-66368bd951d0,,26861
1597,2d09f6a1-40f3-454d-8a97-c437a31f1271,,11790
1598,01fcf743-a2e9-4fb1-8c8a-75323f93a9c5,,502
1599,50ad22d3-ffb0-4488-8f70-5c4c7643be9f,,16627
1600,9a4bf0c0-4bb8-4fdf-a8be-c69ccd280ba4,,21928
1601,f2448246-de1e-4144-b962-09be9bc9a8f3,,18390
1602,24dc25aa-8054-4d9e-8fba-de4dac779c05,,22026
1603,c80137fe-e2db-43ff-a771-03ff4c7ca041,,9376
1604,31730509-9213-42b0-9b7f-84844500342c,,18313
1605,0c8bce3d-edff-4538-95b5-99c723da06b1,,9465
1606,2c2c45d8-5f17-496c-9210-7112567cbfd1,,21948
1607,78d15d62-6c74-4907-9d25-53ef53ffa5a1,,16535
1608,b6875d21-e1f3-4aba-8094-7c27c9fd66df,,7473
1609,f63a66d0-922c-4f81-9928-84bf460e69ca,,3339
1610,5ece7592-369a-4b6a-ab87-04fe47d65171,,9333
1611,895e6b11-9d21-4bb7-8e3e-9f7d807249a9,,18419
1612,03cc9b3f-136a-4985-bdc7-cdfb1fab8bab,,14759
1613,dd692222-d41c-451a-adda-86dd96b4b9ca,,2703
1614,00028a73-26aa-4ebe-85dc-94a39a1e171b,,26702
1615,41938573-908d-43d6-9d00-4103a1353343,,9213
1616,bfa2c5d2-8a79-496c-be37-8e8163b3d41b,,14574
1617,4d00ae6f-cf96-45cb-a42e-f2b5642f6c82,,22087
1618,871ad37b-1269-4735-891c-9bd77041789a,,14580
1619,e12486db-1df4-48ba-ac76-2ec860b89777,,18350
1620,689dd066-1690-4a74-a0a4-61401b78c46b,,537
1621,42f3f43c-33d9-4ff9-9da1-5654a8b1f084,,18362
1622,88c757e4-bbcc-4f4d-b163-02e341de6972,,11810
1623,7070f478-bc28-4baa-b07b-7aa55e144abf,,11973
1624,32c3dd1a-c7ce-4ae7-b405-7257e688fcb1,,3386
1625,bfd448a3-d424-4175-b594-325cab36939e,,22265
1626,a9516178-cdfb-42f4-b72b-725fad19f4ed,,7159
1627,0fd64473-11ae-4996-bf5f-d3ca96fd7bca,,14651
1628,e5008232-69ac-4470-99a0-aadad916cc44,,11801
1629,60d7815a-87ce-47a8-8114-3f3dfa1bdd0c,,18205
1630,ee07cf92-7e7b-43ba-b123-9b03f37aa889,,548
1631,3878cc8d-d9e4-471c-ae8b-99083eeff189,,14758
1632,5f1f4c5d-8d68-437c-9adb-4ac07ac5a12f,,3390
1633,751e08ef-a977-47d5-9f09-8db148e39cd4,,22020
1634,6a2afef6-21cf-41bf-9516-cfe368312aea,,7378
1635,c1b29662-9a0a-45f1-930c-eee1896734d7,,9388
1636,c612ab86-9596-4944-a7ef-26b770432fec,,9436
1637,381f5ea9-5ea5-48ad-b98d-59e489da78d3,,9556
1638,d80e686b-498d-43cf-9728-6d065152f4a3,,22086
1639,929905a5-8b67-440a-9b84-1518884743b8,,7334
1640,cedf7115-97ce-4ca4-92a0-2cbfa6384650,,11859
1641,9a891c84-b230-4afc-8d89-277dc41e9705,,14614
1642,d9388773-1632-45bc-9595-cec72b597dbf,,22250
1643,98ef4f52-234d-4362-ad0a-324a7fd38a23,,16702
1644,2de75cf7-04da-42fa-9311-93175a6316f2,,11654
1645,9868dafa-a48a-48d7-bc66-5495b240fbfb,,16495
1646,f315ec87-c49a-4940-b8f6-3911ca6059b3,,9198
1647,5f4af542-2d40-4f3e-a50c-708568196997,,18470
1648,bd4d00d9-3035-4a1f-8a9c-db03ff26f75a,,22197
1649,0bc15e01-9a60-4260-9236-b9989df4b8f0,,26769
1650,3c1f375c-3106-4283-a4cc-f5e3d6eab14d,,18221
1651,83138c4d-6952-4d57-b4be-70589d9ba24f,,26700
1652,b01bcd22-6bfe-4e91-b155-d37256005f42,,22239
1653,4be5aa3f-eebf-4498-a041-342fe4773c5a,,16700
1654,e895465f-c608-4389-87d6-613f1499bf6b,,9576
1655,6b8828b5-4339-4332-b6b9-9f1d14dd62c3,,26691
1656,93c85ea8-b1f6-4f6a-a47d-275992185090,,14626
1657,80fce0e3-342f-4e32-a641-78b0e9d72b17,,18384
1658,20f735d7-56c7-4abf-b690-5cbae7221229,,26741
1659,61c599fc-803a-44db-8776-4bea1f012a31,,9494
1660,0a120264-0904-47c1-8e3f-be7ba331c27b,,7493
1661,68096b97-5897-462a-bc90-291741e54d91,,16493
1662,9c66571d-5151-47f7-8df8-bc8c36886c3b,,3394
1663,310ac42e-de56-4e44-a0d6-6774b7b34460,,11651
1664,226bc865-d630-4077-87b8-eda5f6222ecb,,21959
1665,c20e5771-f3ac-4be3-8279-c965b21c4bf2,,16452
1666,175fcc81-98e2-4852-8abf-dee3a5525bec,,16539
1667,ff028b7e-28d5-43dd-957c-b459d28c4bf2,,26711
1668,8b47403a-6290-4992-9585-ef73ec09ec01,,18479
1669,9d132fec-54b6-439e-9b40-78a467ee9752,,9277
1670,2f926898-4fe9-4b33-b743-f46e035c6686,,11850
1671,9210a0ce-5852-4a8d-a7c5-71b4a9dbdc85,,18337
1672,60b2492c-4b0a-46de-8f82-08e5e27dedd4,,511
1673,04d39f31-90dc-4e4e-9ad1-3ac5463cf280,,22295
1674,e9e2576a-b279-40a5-ac76-2e4b27ffc2a9,,7176
1675,153467df-d758-4c3e-819c-c0c20995ace9,,18388
1676,afa574f6-a87f-408c-842a-71adbefa4a0e,,11970
1677,02099c6e-e15b-46dd-8a2b-7d0271bc7329,,7487
1678,265e9a93-9eae-4c88-9aa0-e0010dd536d3,,22242
1679,f75cd901-59f3-41c9-bf1c-26c23ab70730,,9292
1680,1d190c13-5d41-4f2a-8e1d-aa1a15da0837,,22032
1681,0358d750-1c96-4340-88bc-b0cded0887d1,,26631
1682,357cc7aa-b3a5-40bc-b847-33d8b59f786d,,3357
1683,6f3f0434-0f76-4cd1-9696-b6eb44b4706a,,14523
1684,28fd8109-e4de-452e-96db-746c3725ad41,,7494
1685,ad7c4f75-bdde-4c37-bd86-be8ebc1ee170,,11715
1686,113da968-0ae6-44be-a31c-ad3a90553dcc,,26733
1687,252d0941-51dd-43f5-bfaf-025ab5d245ff,,18372
1688,7af134bf-e03a-4c4c-854e-d8e237f91ec6,,26842
1689,e61e0e31-2731-4bda-bb85-30309baed88d,,3496
1690,27888f1a-1138-4680-9ce6-f39d8749c9bb,,3511
1691,6aecbe8e-7cfe-4210-8df8-1fe16e97669b,,14539
1692,affe7111-78ae-4598-965f-bd7acba5a793,,18576
1693,586239ff-0571-4ebd-9185-74d5150f559f,,11960
1694,5dfefc02-4695-4eae-aced-29cdb77f901d,,21974
1695,d871532d-7b91-4ad3-a72e-4ee13c9908b4,,11655
1696,708b18e0-45d4-4f07-bbf2-692bf0e743d4,,26615
1697,8c017478-b1a4-49de-b14a-de9b6ebf898d,,9411
1698,8255e38a-f321-4ffa-a376-0290d4e37e9f,,11759
1699,4d57bc0d-4c43-44f7-b7a6-41b3f9009bc0,,11798
1700,bc65e8ec-bcb7-48ee-9405-800fa22b19b0,,11797
1701,7266b08b-8f89-4a82-984b-d6ddb33266b4,,18229
1702,620bbaf7-aeb5-459c-8094-e6b7356adc76,,16639
1703,e4e4bc44-c549-4795-9784-502724640230,,18242
1704,01e7262f-5ab2-4775-8bd7-8735e4209e46,,14472
1705,ec7eac67-c25a-45dc-a9f6-908a1c4c6596,,11827
1706,099ec558-3ac5-46f6-81c6-1a32080b3d12,,9278
1707,a696ee94-c96d-4f55-ae8d-cf657a32559e,,9204
1708,b4fba283-4364-4d76-b998-61e5e11e0c06,,26656
1709,8af1bdb6-050e-4471-8242-3ce374fa0b41,,3344
1710,48a359aa-b23d-4c10-9317-3dae11e15d94,,26624
1711,056894b0-f7e7-40a2-b781-129621dd20c0,,21989
1712,a3eb115a-f2b6-4db8-8eeb-f91547670f3d,,16751
1713,59140bb6-1391-4a85-a2b3-fa06247ab15b,,11953
1714,fbe62dfa-b019-4e7e-bbd1-63f1be8a19ac,,26629
1715,d7d8dd2a-416e-4279-86b6-b366ceaf2ae7,,21981
1716,6191ec15-0c3a-4d83-95c6-b139805cf866,,7311
1717,7697bc6a-ad36-4658-bec4-50d7c2f94554,,16457
1718,ade3818a-833d-4f47-aba8-743176badad9,,7143
1719,7d1ea0f3-46e6-4c4b-b26b-477572cb8226,,14088
1720,60b8e408-03fe-46a9-9a93-e031dc152a8d,,26826
1721,93a1862c-1e39-4e12-97f9-16ccafad23bd,,7455
1722,b2a7eb38-3dc6-4ee7-b6b1-79e5335c687a,,7478
1723,c80c6527-4772-418a-977e-7323d888ccd5,,7456
1724,d8cdf0ac-14e9-462a-b228-e555662ce8cd,,9314
1725,da6d0a3f-9f26-4115-b6a2-8d104e865bca,,9390
1726,99f1cf60-4b67-4a07-bd85-aa02fa7ddafa,,3414
1727,0725492a-b241-410c-a5b6-4c1795bfdd7b,,21999
1728,06c7287a-1b33-47f2-a99b-d0dc82f684e2,,11902
1729,89c7b736-0770-465e-9d54-9eb62148bc94,,7245
1730,07042d69-4c56-4f45-b90b-c964d7564b01,,26866
1731,9d27f617-46ed-4456-aa07-e6cb88cba9ab,,7192
1732,9e66a0aa-6e9b-4237-9c14-bf64990156b1,,3464
1733,e01930f5-d5e8-4379-9d3a-75f31b84df68,,7351
1734,9ab1166f-16d3-41b1-99c5-662744ca61d1,,9350
1735,6a77c191-e230-4174-afc2-970360469952,,26846
1736,25c8dba8-3106-4c19-b719-a3e56b6d1a1b,,22043
1737,566135d3-66cf-4dc6-bae7-d7411824f972,,18527
1738,41190e92-039f-477e-bc90-225fced1dc24,,22000
1739,03fdf94e-98f6-44d5-919b-def9bc71f34e,,14519
1740,07f2528c-a577-4937-b2e6-27d222f7cb76,,16569
1741,3198e4fd-b041-4acc-9556-8b11029d26a8,,22151
1742,11152164-5980-409f-902e-ea1dda2b7532,,18483
1743,e72d91d3-0fe9-4c5e-9acb-a962bfd56193,,16736
1744,c035a68f-5de7-478a-8d3b-2bc8cd12aa2f,,22244
1745,eea674e1-ae9d-4645-8a61-6020757f8526,,18206
1746,f596c8ba-e101-4c3c-8a88-ee82bf1c8bfb,,16727
1747,aa9829b6-f0a0-4652-a64e-b4df3f23d98a,,3484
1748,4d5480c2-8266-41a8-b3b9-dad3d8543a10,,26730
1749,6b9da618-63d7-44ff-afd6-75d0d2e103d7,,22253
1750,a0fe262d-4550-4eed-852c-536dbb9e4c20,,9530
1751,0def1ad1-f74e-49cb-a9cc-f89b0fe8e61a,,9290
1752,a811aef7-abee-4e07-b84b-d5fe88d6c34c,,11723
1753,57737f2d-78ce-44fc-b958-df3d50895494,,18365
1754,9ca4891f-2f40-43fa-a6d6-732ecb45198b,,14675
1755,9cb1eb9b-8dcb-4535-abf2-aefdd2d321e4,,7496
1756,7e53007f-3e29-46f0-8620-ca2fc2e342b5,,7479
1757,6c9036df-fe61-4e81-bb3f-07cf5d9d2298,,7324
1758,99267139-2d5d-49dd-b7e0-d78d6a1ee2f8,,26669
1759,ce07ce4c-8aa5-4e24-80ff-2d8f7a40eeb4,,11672
1760,a0d3e167-7519-4acc-8931-86fab828b3b1,,21966
1761,9e192f96-285a-4af7-be21-b9116fe0718e,,3378
1762,10bf4e3c-fec7-49fe-92d2-3147e98fabff,,16389
1763,cefe4264-b2b0-43b7-aabe-c4385255bd85,,11881
1764,39215282-9ea5-4986-9a1a-b3793aee6373,,528
1765,2e41592a-b946-4e6f-a4d2-2383a7e53e4f,,18258
1766,932f908b-953a-4dd7-9402-726ff04d2f0d,,16546
1767,8e394b71-4b7b-4460-a820-1ffddfed42ad,,7203
1768,4e9bb139-8090-4f96-8294-47eae2bed842,,7415
1769,0f15db96-0d76-4e13-9f84-eb153e46b770,,16666
1770,ea891c6e-b9fe-40c9-9fde-ff315f4bec36,,14553
1771,b84ac66d-4865-4ec0-b17f-a9f9e145b467,,14800
1772,66f81666-c2a6-4b7c-9be6-869eee67b2b0,,9477
1773,88a4519c-ab0b-4259-b876-5c9355a7fe21,,9355
1774,68128dbc-4c32-44c6-8e93-d9c2febe2dd2,,7480
1775,9f140e41-c812-46d9-894b-5c6c175dc396,,14745
1776,8e375070-a83e-493a-b401-9ac0ee96533e,,14570
1777,0d841dd8-3bb7-4b81-9504-cc7622f301bc,,14749
1778,f8db94eb-697e-43e4-9364-7e06f6ac15fb,,18248
1779,fa47a0c2-01e4-498c-b8bd-4cbf77c98a48,,9239
1780,6d208aa1-6ca8-4423-be11-c5f9c2bb15d3,,11707
1781,42f11c8a-b63c-4cd3-867f-c47cbabed600,,14752
1782,0eb8d026-df82-469d-a98e-3b6c541c5193,,3131
1783,01639e60-ccb5-4dd7-8193-e48bc64c3775,,14493
1784,5b0b0ab3-49e3-48ad-affc-be4542677408,,18266
1785,92ab0371-528b-4f7b-aa42-bb1d4217a428,,18278
1786,321aceab-c562-4a1f-ac00-473c6883eb03,,12009
1787,99aebe05-fd8c-4e27-8430-326009a563c5,,3433
1788,6883b743-7752-427e-b953-3c1bedaf2587,,22138
1789,dec76f3e-b611-4ceb-aac5-fa96d0dde2d8,,9424
1790,19a4e810-c6a4-4689-a0a9-c79ea35a95b1,,9229
1791,03698f8b-83fa-40b0-86fb-a11fbb277251,,12015
1792,1e00e514-43ff-427d-9570-634c1290ddf5,,22128
1793,01280a24-9bd6-48bf-add6-924e5e5136db,,26753
1794,f187cbc8-c929-4674-abea-9a7f6cf0a7e3,,22125
1795,5c20ac93-b6d1-4aa8-9dfb-24266e16fb65,,2705
1796,1a078280-a32a-41e9-bad2-7466afbff64c,,26786
1797,e36b15cc-dcd4-4736-8e27-c534b61397fa,,7429
1798,6b13655c-1984-43e9-a4dd-513260a00dfc,,7166
1799,377196b6-fa8c-4665-9664-dc50415df561,,9408
1800,be87b053-e412-40c6-88c9-bb13cb4add59,,7298
1801,26caf3e2-15c1-49a8-b432-2be607747bc8,,18203
1802,d39f6628-e9db-4ee7-b56c-9da5be10f3a7,,22261
1803,474b2e4c-e966-4058-b988-cfde8236daa3,,7366
1804,633ca99f-6c06-47f6-acd0-33d368614fba,,26604
1805,981aa301-3184-4978-a6f1-6caa57d17967,,7372
1806,35a31fae-dfa3-41f2-98c6-fa0b6d049d3a,,22185
1807,0420acdd-315e-42fa-9e2b-629fbd2075ff,,9563
1808,fea246d7-0e1a-4534-8a21-71f3f3ce2679,,14603
1809,a13d279a-5998-44ad-9389-7439a98c227f,,7136
1810,7e0b8231-8e38-4b3e-8f09-6fce70e1a361,,543
1811,d94497b6-d515-495f-af9c-5737ae337c5f,,18287
1812,8cb9fa3e-7f31-43f0-a1cd-65f416b11df2,,22194
1813,ea76c260-9b5d-4313-8cec-51fdef6932c1,,22166
1814,3f344534-7ccd-400d-8f9d-c7f8dcaf9599,,11728
1815,9dd67ab2-3e1a-4f07-adf5-5cb4ef028476,,18345
1816,578cf01c-abe1-4a8b-8ab0-faa19c973cc6,,18366
1817,036613fb-2c43-490f-8f90-b1c5a333094e,,3128
1818,5f017d52-b035-411c-92b8-6032db79a484,,18494
1819,4e0b2d50-dcf9-4db6-ac0a-5c8cc179efd1,,7228
1820,282b6534-83e5-47a0-8d43-16e529c5c240,,14674
1821,2a9364bc-4972-4495-8007-5dc198398da5,,18299
1822,08e3fb30-1f84-4a2e-87e5-4c574f4a57c3,,18300
1823,4d6af744-b84d-4b28-88a2-8f27bbe35078,,14512
1824,7f94b9b5-e20f-41c7-8ce3-90458e89065a,,16722
1825,3f08f89e-7e8c-440f-9547-1c47ed770859,,3419
1826,7e6f3eff-d40b-4f2f-89d8-e5203438d0df,,7368
1827,cee96703-41ed-47bd-8a84-0797b862cae2,,7462
1828,625a4e95-160d-40ba-a026-d8bd3f3be6f1,,16607
1829,22fafd34-da84-4d0f-bf7e-0d81ec55629e,,9460
1830,381860ca-5453-49c4-b48e-79a2797d4095,,16519
1831,704abd33-52f5-4c95-a90f-2d08c1870b2e,,18426
1832,28020c78-16ce-4304-a1b0-9f94219b9f2a,,9552
1833,96a84d46-b077-498f-ac08-5c218643d219,,9493
1834,7dbf3298-b1e8-4d95-8426-843a3986188f,,3436
1835,88b25df2-bcf2-4058-99ed-7aa6712bcacf,,533
1836,0a1bc425-345f-4bf1-b505-24acab18222f,,11769
1837,82ee45b7-e24e-47da-9758-a0608f6ec99f,,16713
1838,628aca30-e68c-41fa-b467-4bdd8e4ca62c,,14649
1839,ab59d338-b70c-4ed5-8d2d-28ea445a1ad7,,7271
1840,4bfa8893-414d-47d6-a0a8-3e74f4454810,,9401
1841,00094a74-8c5c-43b5-8ce9-f76a42d7a386,,22236
1842,9d3322b5-3b40-4051-a014-7e01d93a9f37,,26845
1843,3d0691a0-9955-4079-ab79-de7ff200f70a,,11833
1844,85cfeb1b-e7a3-432d-8d85-677379cfcd3f,,14781
1845,c0999b53-34f4-4e9d-abfb-6734958c2dc3,,7210
1846,74b3d6b2-af2b-4114-a2f3-aefff31ad28c,,18353
1847,85e13e0e-0396-4ace-b86a-1470060b2bb0,,22205
1848,bf4aa87b-3248-4cc4-b164-ff1243b451b4,,11700
1849,d5972638-029b-4ed7-a0d4-37dba8915f25,,7483
1850,2526fd41-afb6-451b-80d5-31f6f9a41397,,22129
1851,c0e658f3-4053-491e-8c00-0143e8fc9719,,22273
1852,53bcd478-8881-46fe-b679-6da3b832a61d,,18440
1853,69b118e1-df7f-4d95-b488-62d8f07e6e2a,,500
1854,19ca0c59-385c-459c-8c3a-fd1d82e3858c,,7411
1855,4a4e7f97-7036-4388-ba82-0b414c008bdd,,26686
1856,1fb6b90b-3449-4bf2-8c78-02fec71692c1,,11720
1857,a278aa0e-0cc5-4ecb-8f5a-425be9b16c98,,14595
1858,7285be54-afa9-4b87-9a46-98342e90ad9d,,7295
1859,ea853146-74ed-469a-a1ef-096d6a2589ff,,14739
1860,256757de-8ea7-4d8d-80ec-af9fa477baa1,,26782
1861,a288037b-1980-408e-98e1-db48d4d71db6,,11719
1862,7acd63c8-1b5c-485d-858c-8aceb34c5e71,,11918
1863,274f6cf2-44f7-4697-9185-332533a10ea1,,14578
1864,d7a44043-040a-4766-8916-6a3a08d01e54,,16749
1865,a862daa8-def3-423b-97ca-021b8cd6dde2,,18563
1866,41a55980-64ea-4a9c-bc17-176513550827,,9387
1867,a894b08c-9001-44b9-ab14-ccb2cce4d9e4,,21952
1868,ab977fc7-a0e7-4b87-a893-dd7c8d765d0c,,7189
1869,d42461ae-75df-45c4-9bdf-cc96f9bb8102,,16677
1870,a1ee6b9c-22f2-4cf2-a0e0-698f7f72e483,,18424
1871,c64de1b9-1f79-4f50-a23f-b7719366bc3c,,7490
1872,107558da-e98f-4c5e-ae35-5ab091ae798e,,11937
1873,3c50853e-dced-46ed-8c14-f973d9110adb,,9427
1874,ec51ae06-331b-4ec5-bc96-ef064d383c1b,,16480
1875,3174204b-fe4f-4b60-9fcb-0c6d866bfa41,,9483
1876,708a77cd-64eb-4c38-9cab-cc836f9e5c72,,14716
1877,d7ea5572-c25f-4b2b-813e-a1bec8cdac07,,14653
1878,96e0bf1c-39ed-45c9-8031-ecbf405cfa43,,11934
1879,79740fe2-ab0d-4a38-a70a-e24cd0a5a7d8,,18422
1880,539dbaa8-3560-4fac-8841-e0dede693381,,22229
1881,9cea89f9-c861-4cce-bc20-8be5dc0df8be,,3149
1882,8573faae-9fcd-4ba1-92e9-71a8850c19f7,,7278
1883,2449ab28-6e63-4683-bbdc-f39a5167fc00,,3450
1884,b95159a9-e43e-42a0-b701-31f489cc904b,,16621
1885,6232c161-9358-4f34-b566-b684efed296b,,22060
1886,5070dbcc-616a-4098-919d-f0cced5b8d41,,11980
1887,988f5c59-364e-486a-a87a-e3a408a345fd,,16404
1888,c59b81db-07b8-42ff-8be8-e9a7f5c3ba9a,,14091
1889,57bdcec1-f370-412c-a71b-338dbb23cb47,,14690
1890,e622bf35-a6ca-4529-a533-27b33316c5f1,,7492
1891,a8d5bc57-3485-4eb9-8ac8-c5697d90cda7,,18389
1892,17fac311-5189-44ff-bd85-2256513615ee,,26796
1893,ab742f94-643e-4d95-9ce3-d1644d1618a4,,26824
1894,69ecfcef-0b92-4f96-ab78-faf902f88e8e,,26829
1895,a30a80ee-934b-4a58-9f9f-7e490ba7955e,,3162
1896,6605dee0-adae-4716-8586-f609ce2c4e77,,9250
1897,77c58eff-1912-4304-8a56-337c9301e03d,,9561
1898,d98647e0-7ff5-43b6-bbd6-70f14ea448f9,,11732
1899,55b1978d-0831-4ced-ac62-826d90f8aebd,,7303
1900,0566551f-8569-4cc9-a93b-7be355550e8e,,3129
1901,78da09d5-807e-4c9f-95bb-d400b3f301d5,,11922
1902,8e38ebc5-7575-4a1b-b38b-f0e1f98228de,,9316
1903,0c5290e9-59ae-4325-b518-b5f15b4915e2,,22108
1904,d20d3834-c610-4731-b5c3-6c7945a7d2fb,,7288
1905,a47ab042-39a4-4f8b-84a8-037a9d37115d,,7376
1906,99032ffb-6166-4f9f-9dab-94a9d193e28e,,9439
1907,698de575-6f59-4b36-bfb6-1311039cd4b2,,9345
1908,e5621692-1e83-473c-92b8-f7af1edf3f07,,7388
1909,88324abf-7a87-4ce6-a352-57d3d3571fff,,9389
1910,85c9ec81-41fe-4386-9109-d5376bc041c0,,7403
1911,3c7fa2b4-707d-4ce0-b243-7ce6013b767a,,14099
1912,6b47a5a3-8397-4426-ae8e-0f6a2a8ebec3,,7161
1913,1413d1d1-a626-496a-8809-d3cc092c30d6,,11805
1914,0477f669-61dc-4836-b1a9-a94ad2f2fe62,,14508
1915,1024d596-1f78-4f39-9e36-70a33c5bbe0a,,11965
1916,b0cf784e-cb20-47ba-a222-2932d530c05d,,18518
1917,f004af88-848c-432a-907e-af54b730b38d,,9324
1918,545f7d99-d679-496b-baa7-5437155503cb,,16425
1919,eeae8d7d-9ea7-4a97-acf9-7b930ba28d17,,26623
1920,77b5fa4b-a72d-4251-b08c-a62bbef525fa,,9526
1921,89118af5-8bf5-4a05-8efe-afeb54d7f9ca,,26862
1922,37d2fa9b-5d17-4e9c-9ec0-1a2856d5b814,,9519
1923,f3688daf-0e8b-4cb6-981c-7f46ffe4fa50,,3438
1924,28c82932-63bf-45ea-8ac7-2d498ab94dea,,3415
1925,1cfebd3f-9057-4731-b3a0-ffe85f3acfd5,,7247
1926,a3d4cf69-f989-49ba-a2f1-7e965f60bfa4,,3458
1927,dafcb40e-92e0-4e28-b7bf-a471d224fc98,,16684
1928,997c197c-5bfc-40ed-814e-05ce7f19bef1,,16486
1929,ffb5fc39-9629-47a9-a78c-5d28ff1ac52e,,11839
1930,08c48a04-9524-4a4d-88df-f7e7939ec8ca,,16521
1931,e6846eb2-f5e6-4e9e-ba40-b042d9482862,,16633
1932,b8a37010-a768-4543-a61c-ddef8302eb4d,,21957
1933,90dc7042-ed5c-4241-a17f-4c18c5478a61,,22179
1934,9e774206-137f-4161-8cb2-377e128015a4,,9288
1935,0aaf27b7-9f51-4e76-a68f-0e772593ea84,,14787
1936,4b700555-afef-4ee7-b158-13d32e991bd6,,12018
1937,42c8e90c-ff88-49bc-a606-f4b47c240be0,,9317
1938,0516317b-2580-4947-9e0b-41ad5b338379,,16536
1939,935f6d55-2d95-4870-9a38-80a22cf069b4,,26653
1940,64c97d8c-8bc4-4f64-a532-840ce20769eb,,509
1941,fde9ade5-242d-4f37-a614-da29421054c4,,16415
1942,9aeb5da3-a12c-4bf7-ae33-d840197f9d79,,535
1943,27a04c13-b4cd-48aa-8d9a-1ba2711da45b,,26840
1944,a8058e23-1640-49b8-8012-b1bc406f421d,,11676
1945,7b3588ec-2254-4904-82d4-5f2c101ea32b,,16459
1946,8fefe35a-714b-42be-a5ea-50944acdf670,,26745
1947,b9a637bb-0840-4e8a-993a-a3bec0133141,,9225
1948,0c982ea1-1bd7-4a4a-bd84-d90b58553549,,9245
1949,5d906a4c-ec0f-4d0e-9502-468b67650b9b,,3341
1950,30a02915-7a78-4d3d-b0f5-70f0cf58a294,,3118
1951,fde8091b-d839-4240-9872-601864a634bb,,3476
1952,272a23f3-ddf9-451d-93ee-ebbf6fdcd1f1,,7365
1953,5d58d28d-4d49-44c9-869d-2fbf06dea1a7,,18522
1954,fd7d3e75-3a04-45b9-81ba-a0fa21913495,,9463
1955,da626e8b-e534-42cc-8d75-41748fcdbf46,,11962
1956,fe4695d7-4594-4082-918e-87c1c42c9f35,,14505
1957,dddf94f5-6187-4481-8da7-38c3dc315a31,,11666
1958,5dedeb6e-e350-4629-964c-08a26784ae17,,7498
1959,9a39b171-b78f-4941-9723-1332f67bcf42,,7495
1960,c88ec57e-b6a1-4f68-98a2-c2bc2929796f,,11733
1961,3a5bffdc-f10a-49bc-b11c-1ed5fb0b00a1,,16729
1962,dd5325e2-5c94-4bd5-aabf-681d3fab0b8b,,14754
1963,2123f81a-e201-4c7c-a8e3-8f93cb7cc57e,,14641
1964,552da261-2343-49ee-88ae-993219dcc6b4,,26865
1965,d86cc414-9244-4489-baef-08ed5789831c,,14768
1966,84805edb-514c-4631-ac55-ffd7e1ab1fc7,,9368
1967,da0541b2-74e4-46a8-b8af-27f8ca263c6c,,14740
1968,bae4d945-365e-4635-906c-1f4fc4cf47d2,,14617
1969,b216aea7-8906-4629-88dd-77e2ca7af602,,22142
1970,ddd2de68-e23b-4033-ac73-bb1cb76a84d9,,9261
1971,5a6dc1f8-6ebe-440e-a79e-634e48bb241b,,22065
1972,102c0b10-5044-41e8-94c0-99a2c2406b87,,16517
1973,4576eaaa-20d6-42b8-a6cb-582ec91b91c2,,16391
1974,1f4cf0f6-4ff2-4e28-a06f-7bb58b1d507d,,9475
1975,1832c98d-0ec3-45f0-bcd9-18ca55754026,,16649
1976,ffdeb49a-fd10-4a70-b40e-01bbffcd9841,,7240
1977,bb20afcd-fac8-4566-8240-f65cef2a56d7,,18317
1978,63d62f62-00ea-45db-b908-278f328151a5,,18554
1979,f604354d-4c2c-4ac4-a1e2-9cc563ef6836,,9224
1980,1b162b75-7fe8-420d-a3b7-2ab86e617d61,,11890
1981,38aa055f-d8ab-48c6-80ac-226bc04fe22a,,18472
1982,616d9657-156d-4a2b-9662-b525cc996bf6,,7397
1983,8cde0126-8052-4c1d-afd9-4236cb7ce241,,12022
1984,cefdca49-108c-4dcd-91a0-a1afd300f91d,,16638
1985,714b8171-7497-4876-85fe-754656646410,,16566
1986,76345d4d-fb73-4eb4-a7ae-671f38167343,,9284
1987,e6711740-34e4-45c0-8622-803f7dd0cabe,,3442
1988,6354af5f-14cc-448d-999a-963989752dd8,,26668
1989,8e924652-a5a8-4c15-b64d-bd32546a2cf9,,26823
1990,b8cfd815-cc7b-4fb6-a9b3-ff4a76df81bd,,14704
1991,7e4cf4df-0580-4506-8081-7073e6af19f0,,18225
1992,c1f2ce2c-262c-4a55-8b92-5570671363ca,,16388
1993,59221014-13e8-408b-99cf-6595dd3b4a51,,18340
1994,760d7fc6-5b63-4139-ba25-c12c1a8ce6ac,,534
1995,87ca2b53-d962-4e8c-8ae2-54d88909769c,,18533
1996,4044faeb-305e-4d3e-aac9-66193f267f08,,11928
1997,1bdccf0c-5a67-448f-bcec-cf4415e5ab58,,11908
1998,410798f7-5b29-41f3-9589-40ecb9f12326,,9253
1999,3e6984fc-10f5-4af0-a701-d3c168e8a745,,18336
2000,d7c0e4a9-2ffa-4f58-a134-2ccaba42789b,,14805
2001,bd98039e-d532-41c5-8ea6-345af7b4b2a2,,11983
2002,3bbacb25-81e9-4af3-a83f-6267ba08791f,,14513
2003,eb547efe-323d-4bb6-b4bf-39b4b78f4451,,26670
2004,07d9f819-9077-48a0-aa8b-c78b7a512ee5,,7296
2005,cd8a9a8e-01e1-4062-bc6b-4e58ecbb9bbc,,14499
2006,8cb6eb96-0a73-4772-8d86-0cb574b7bd67,,14744
2007,1a251311-79f8-4c34-a90b-00a1c7fabc78,,26735
2008,7276dfd2-33e8-4b32-8701-c7890d1f3465,,7217
2009,f5d58640-d28c-466d-a8ee-9e6494913305,,16632
2010,bf1ab28f-57c9-495b-92d5-1048b3a02b75,,22112
2011,e6be2516-f216-4075-99c2-1eafdfe096f8,,18400
2012,9b4366f2-422b-4a99-9530-ccc820d882a5,,21930
2013,6f82f498-3a4d-4488-ad51-0077898ef790,,11991
2014,54bb60ab-1ac4-47aa-98e4-dde8ccfe9d33,,16707
2015,4fbb429d-48e9-4332-8eef-e232a04c20a8,,11943
2016,62408b29-9669-4a48-83c8-1996195011eb,,18269
2017,a6942f28-9b49-418f-b323-1a1f2b92abbb,,26621
2018,a74c5da2-9674-4116-ae99-b222d00102c3,,512
2019,e7ce004f-b714-410d-b651-8219b6288bf9,,2714
2020,6c729b15-f4b4-459f-b5c0-05caa817a1f0,,7367
2021,4cd45ad8-2ea9-4df4-9861-a31ce406f316,,18505
2022,0a4f5686-f701-4907-91d5-1f1a4f2f6e89,,18367
2023,36d243cc-20f5-4b38-ac50-e8275b289d60,,16379
2024,3a2faf96-32c8-403f-b4cd-8622d082f364,,7400
2025,c3f502f3-b81c-4d49-a21c-9da107649a42,,11727
2026,d7879d47-77e9-42ee-b349-1eff3cf5383c,,9537
2027,dff511a6-b765-4043-a139-51b7a75085be,,26627
2028,4431b7e2-b4b1-43e4-b0a4-44f366d4048c,,16726
2029,c0c2903c-472b-4f04-b4ea-83f39edf3972,,14646
2030,d9bc5543-cb72-48f3-ac34-1fe35de2d6d8,,22223
2031,f320b131-96a6-4367-ae1f-bf708fce52b1,,9536
2032,602a42d2-5f86-44de-98fe-97d3bccbe428,,26608
2033,48571b92-719f-4d3e-aa0a-7137bd3458cf,,11895
2034,e7aff9d0-0557-47c0-9f20-2cf3aa347bdd,,18363
2035,16a3c812-207f-489b-b2ef-7c5d4eb9c12b,,16402
2036,0762c0a6-4495-41f0-a17f-af078e755439,,18432
2037,7817cba0-1e21-47f4-83d7-003fc66c0291,,3498
2038,57b73964-62cd-48a6-b453-da804e29c6f4,,16427
2039,fe4bc5e4-4cc3-4b4a-a090-ee9e73c4759c,,14548
2040,7df5a367-012e-4628-a6cb-e2f4b845b334,,22246
2041,d14524b6-8453-4e8c-83bf-80476a81fbf7,,14676
2042,0422bcff-0833-4ed5-89c8-970384a2371e,,9441
2043,4a699957-f90c-410e-a432-88015d569988,,3123
2044,df62199a-c310-4c26-90a9-9f1e55260cd5,,26864
2045,b2acb849-daaa-412f-bdfd-ba125f3d0808,,18510
2046,493814b0-f203-441e-ab37-231634d07925,,16520
2047,494fa265-339d-4499-8766-e97ae5322ef8,,7435
2048,b9e08447-dac4-4388-9329-2a0af71585c8,,7230
2049,125bbf2c-2cb0-4862-8363-0131ae006e87,,3495
2050,0809351f-d9a9-4495-8ed3-acdaa93a8411,,16685
2051,1a2bf3a3-04c1-445d-a2ab-4380b363ee1d,,11725
2052,da0e5c15-234a-46c2-b9e9-fce1159f21ac,,7471
2053,c88f1aa9-72cf-4119-87b2-479b67c9bb7b,,22255
2054,545c7805-8deb-4122-9cb8-f1f63be04e99,,16405
2055,fa0a3f9d-c1d8-4c32-8c2e-d4fa70be6b29,,21964
2056,feb3cad6-df9a-43f4-bade-cc0fb74d5d19,,7225
2057,54032ffe-66b2-4914-89a4-f54f4042bf6a,,11896
2058,cc6ce18b-3423-4347-a6de-41cd270ba20e,,14629
2059,d2c1872d-ef21-4d56-8fae-77fd1546586f,,16438
2060,6a82a923-eaea-4a27-bcb5-d6e16cc248dc,,7408
2061,2da93001-2867-4feb-a9b1-6014a0f5403e,,7457
2062,6425fefa-e62c-46bb-bd45-68ad2e933cbe,,9473
2063,d4274649-98c8-49e1-ace4-612f38edf587,,18346
2064,e86622bf-00a6-4267-87cf-bf75c7c7b151,,7331
2065,d17d4eb0-e5f2-44d6-89da-29664f01a42e,,2702
2066,d967c93e-378d-4ad3-a962-2c83b5b0f232,,14708
2067,49c3d4a5-9350-4b85-b141-1f8b1936d6f3,,16580
2068,a861ae5b-4db6-433b-bcd7-15f5b4fbafdb,,18325
2069,1c3aef14-88d6-42d2-8844-cf528b88ae4f,,7317
2070,ff61cb58-c250-4458-b6df-a117fa650369,,26660
2071,d5d48d16-ccf3-49b2-a399-c981e363e6a8,,11884
2072,43d68bf1-4c85-4a1b-8485-f93cbeaaa6d2,,3110
2073,d0cfa37c-f0b4-4489-9d86-8d78b5ec18d8,,3493
2074,bb684119-2784-4cb4-aa44-0c4187fa3a1c,,2697
2075,2918e646-1bcf-44e2-9822-11b1e52ffd54,,26748
2076,d0e2ddf4-f355-4455-9591-5fd57ce0d726,,9215
2077,81b02501-95c5-4cba-8898-d05121fe5b05,,14782
2078,7d105294-6577-4b69-94a6-a7edee27c7f5,,7312
2079,33f988d2-939d-48ad-843d-462f129019dd,,14761
2080,723d6dda-e9ca-4d84-8bb6-8ef6a28c493c,,9571
2081,d77c937a-031c-4a76-aab7-24b76090266e,,16527
2082,42124faa-019f-4454-b27c-5acde47b8713,,18204
2083,e825299e-51ab-4c6d-b51f-4d6641999f38,,3148
2084,5fc21c80-5830-4342-9c86-686a6fefcccf,,26723
2085,7f9d9542-50ed-4b49-bb14-f29b84eee3ee,,14656
2086,a4fe663a-115b-4984-b52f-57a924b84cf0,,26808
2087,7605e346-93f1-438b-8411-8a507750eff1,,14506
2088,d1f2ad96-ddea-44dd-aab3-9db2418babb7,,21926
2089,e4c9b4e3-bfdd-462d-8afa-aa8796a8e9a0,,26841
2090,5c4b550e-ae39-4247-976d-5525daa8d0ed,,22279
2091,5460a3aa-e3a1-4f99-a2eb-fb9feff2ff01,,7229
2092,0b101497-80ce-4e02-a781-62a7a1c97115,,22015
2093,c568d30a-de4a-4b24-8fc0-39cba960afd3,,22115
2094,aeb6e32c-db14-4b16-866d-5cd28839af01,,3399
2095,c64485ab-7fd8-4f11-bc92-65ed16b14e78,,22075
2096,d08e1122-c8fc-4b0b-ad8b-635d3b12accd,,18581
2097,d910626c-b501-4cd8-b0a1-2928686c3613,,21939
2098,47941f04-9339-42ca-b2c2-c1e8798731c9,,16644
2099,b723c9ef-3558-41db-8781-890a91bc16ed,,9404
2100,f3df0307-d8a1-46e4-9ed6-5ad98bc88970,,18484
2101,a8f48e24-42dd-41fa-b96b-545f475940a3,,14109
2102,82e7907c-5562-4f65-8ad9-8ee63f9b0caa,,7491
2103,a6e35e86-6303-4f3c-80e4-8751d6411246,,26724
2104,8739dad9-5094-437d-a50e-2f9f50288786,,14728
2105,4decf99b-0c82-482f-9ed3-8390d8d9f388,,9461
2106,76c8e08a-b065-40b5-b86c-4bb23d78364f,,14517
2107,950e6e28-aed7-4135-9dbe-ee39dde11640,,9518
2108,d9aa2468-0c55-4801-a3e2-2ddff8677ddf,,16730
2109,93d63d55-4cb1-4479-b672-381b9e881161,,16416
2110,f09d0de7-f912-4f6f-bc83-8d4c43d2ec3f,,7344
2111,d68391cc-cffc-4696-b452-9e051212edcd,,9497
2112,93c18faf-e7b8-427e-b914-ef8d19aedb5c,,7467
2113,c5e56ea8-caed-4f5e-be55-bfb7945a3067,,7304
2114,19696d3a-1d54-4d2c-a81d-cedac58a49c9,,7350
2115,50bb7749-cfe7-47a3-8115-ab3aee070c26,,14545
2116,d5e18cd1-25e7-4e35-8e18-bd6363dc1ff8,,9272
2117,fbc79503-99a3-4b24-b8f2-6a2ab342801d,,26688
2118,d5d02c2e-a4d5-4dff-ab56-48a21282c8c4,,11876
2119,d4ab209b-505a-465f-8eb2-8ab9c82150c8,,9540
2120,dc7f0cc0-3e92-4259-b965-9910d6eed128,,14550
2121,824a0ccd-7a92-46dc-a35c-e67a6c7f8aae,,14701
2122,4a6ac59e-5b88-488d-8e1c-6e2438593383,,18264
2123,723d61ba-ce50-4c4c-b366-16ff69926afb,,18540
2124,c617ab29-eae9-4915-91d0-90405bb7170d,,22247
2125,7abe1e2c-052e-4a77-8cc0-7b98060cd52f,,9304
2126,fe2a4307-0a0b-4718-b4b5-c5857273f489,,9555
2127,11d36851-f255-4f21-a4c9-2a4669e9b6f0,,7285
2128,4b601f7d-e814-4196-a668-4bd2d103df87,,16387
2129,2e28a227-875e-4bb4-9e21-48d474324bc2,,14771
2130,398d36be-9cb9-4fbb-b9c4-1e4b0dd37ddf,,18311
2131,ec1d5595-9602-469e-afc2-055611d7e5d0,,7359
2132,4e439e30-410e-4699-9c28-422849ccb850,,9517
2133,d879def3-b6f3-4500-8302-626519bc7abb,,26652
2134,45f11f5e-3713-4168-8a1f-4f3294e7a24b,,9354
2135,73f26e80-5f61-4ed4-8413-020e1c0534f6,,16605
2136,414eb43f-7652-4e42-96ef-728c41ee5f9e,,3127
2137,cb2bb6bd-20c5-4e7c-90c9-28f4b30a811d,,16704
2138,835b4205-3b03-4310-aa7a-fe2c44fcfd05,,9508
2139,9960b340-5dca-432f-9307-04523ed8eb4b,,9501
2140,b72c197e-6cce-440b-bbef-c4895a922b3f,,26839
2141,1023445b-2f63-4a2c-a291-e811323f0dda,,26760
2142,66aea407-851c-41a1-a7ea-4a3a475fa0c9,,22173
2143,82a86a9c-6c2b-4637-98dd-746b874243fd,,18466
2144,bbc2c758-dea0-4625-bc4a-946b8b083bc7,,524
2145,94351ed3-2bfa-4769-a8b3-3801d7b35096,,3431
2146,5797f163-2cea-476d-ba30-2aca76d85dc2,,22241
2147,8ae59be0-4813-4c45-b5d6-828651adac3a,,22011
2148,9b255f88-ec0c-4380-b567-96bec96f21d2,,14510
2149,24da99f5-db91-46d7-a58c-90d020f11d40,,26787
2150,eed17573-a885-4762-9e0c-b437a6e44e16,,26869
2151,f7fc5b97-0e34-4500-ae4d-3b21f1f3c692,,16411
2152,deb0793f-9216-4c58-86da-91616254e190,,16668
2153,aa5f2e57-ac69-4f6b-bdd2-657c7997134a,,18411
2154,721b0b56-13ad-4026-a3a1-133196941691,,22304
2155,57ef615c-0ed8-4ae3-a019-1cecfc217163,,22096
2156,d6fe9df4-a6f2-4530-a4b9-56807199f0da,,3515
2157,d61f51cb-d251-4dc7-bbb1-081ae0819d9c,,3156
2158,f19b635e-d9ec-4c29-8fe5-27506ac796d5,,11699
2159,6a46d1c3-edfa-4f1a-8fbf-5bf5207cfc93,,18507
2160,00819c41-8999-4538-972c-d9d28a211323,,26851
2161,5f56f6cc-5a17-463a-b3c2-0dcfc15cdfaf,,11766
2162,76c7c522-dcf9-4899-98e6-725b5b7afd0b,,9479
2163,f0de2e62-3ae7-4acf-a227-c734094af1e0,,26773
2164,c3ba2df4-c83c-4705-b4af-4dcf26ae2f71,,16587
2165,2b834f53-ceff-400b-8016-f73ab7f81592,,9263
2166,a9f2f876-aa48-47bb-8e6a-e98941bae611,,14587
2167,a7b5981d-7c9a-4d19-b514-08bd5bef00d8,,14753
2168,8226ede6-0e05-4957-9d36-595351cfbd8d,,11822
2169,f0effa7c-ce69-475e-afca-a275cada3809,,16583
2170,e0fb9915-89f3-40bb-b976-1b17b9eeec1f,,3346
2171,af56a30f-aa98-49e9-9bca-3cce0d636ce1,,14558
2172,3465d297-b2f7-4252-9933-6762a931363d,,16582
2173,4663c5dd-a8a2-4b85-aa8e-95d1cf348614,,11796
2174,e7491c78-6a70-44b1-931b-6e7b7f96de8a,,11944
2175,50d76433-305c-450f-9f1a-d912585c8a10,,3432
2176,6a1d4faa-81b8-425d-ae0b-0cacd9729364,,18487
2177,e9e3fb4c-f2c2-4374-bf8b-af69cf30706b,,7404
2178,03b1d2ad-76c3-47c0-9f53-45e4187154ae,,22163
2179,13b5ae5f-d217-4d5d-8dd2-0aea0fba7ae4,,16503
2180,50449cf1-f8d7-4207-b46b-0d967ab8f51f,,18341
2181,fc4efa77-b4d2-4dce-afb7-ecbacc073494,,22252
2182,f1737c50-3a11-4a1f-b299-570bf6c53940,,21982
2183,937a08ef-7d0e-45f4-b7eb-c7ec3fb7cebf,,16408
2184,a9127bc7-dfc6-4643-bc6d-cda8d3a865d5,,3400
2185,4851b273-3e9a-4217-9f36-a3bfa1bf37fc,,22091
2186,3bfc9ded-d559-419f-8027-e70b74dafea3,,9361
2187,f04f881d-54d2-4fe6-be2a-70b812f1dac4,,7142
2188,69dde7b8-3c8e-4a0c-a189-eafadce52182,,14114
2189,bbc60ef7-d261-446e-8efa-affad7613935,,14721
2190,dd979f98-b9af-43fb-a401-97b181f50250,,16641
2191,3de04a08-8083-4a46-839b-f4a9e71dfd6f,,16531
2192,825cfa32-bfe1-40d7-abaf-5683ddb5f9f9,,7321
2193,f12e49f0-190a-471a-908b-88229d4d8ac3,,16549
2194,a98cf807-20e4-4782-9942-95318cb559d5,,14102
2195,fbb79f5f-14fe-4343-aa7b-8fffd33fba42,,9337
2196,3bccedf2-6df2-4e65-917f-cc34892e10ce,,16545
2197,87a95ed5-103b-438c-af2f-3b0c01bf4f22,,14776
2198,14f29607-f3e6-4949-a4b3-4a34a7f2a7b9,,14110
2199,b4ec267e-bc55-4a2a-992a-14aca99627e6,,16488
2200,54805fef-e5da-4eef-bc4a-833ce74ff626,,14736
2201,4cbd6474-e1a6-40aa-a386-bcc541cc167b,,7139
2202,3bb1c402-6328-4033-8b90-a8a84661d825,,26630
2203,e096bbc4-8689-4eb4-9829-0c707e0bb106,,18490
2204,b956ff63-977f-4996-ad33-209c70680ba9,,3333
2205,8878ac49-2e1e-42e2-b7e3-d8f05370d50f,,22005
2206,4f8c6c75-afbb-4fc1-a018-d9b82a8c0a60,,14092
2207,b8a1d823-117e-452a-8c30-c507d358595b,,18262
2208,34a6ae77-3eba-4574-89fb-7a88a94e3996,,3145
2209,da8794db-b01f-4514-a9af-f6d34825a333,,26666
2210,e10bf01e-16d0-489b-be62-3e02e98e03a0,,7198
2211,0bc2be31-424e-432a-a03f-8f1ca9de355b,,14677
2212,67721d12-f974-42eb-9d18-3aed19977bb6,,3133
2213,3b293173-0968-4ab3-884a-2b5f88b1f4b6,,16711
2214,fc45997e-f858-4812-8b5e-c73771d10ca6,,26697
2215,93986144-5dc9-4cd6-b106-b7859ed8cd22,,2691
2216,57e8e25c-4630-4e43-8280-5943424ff62b,,14662
2217,250eef42-e054-42ef-9465-64629fae3438,,7453
2218,f7faed89-e70e-4268-b727-1cff940b87e9,,16538
2219,482588ab-ffec-4617-bfcc-84be936eb9d7,,14115
2220,5c027720-0a40-4d95-b44d-35f4efc4fb01,,26676
2221,270bc765-364d-4c73-a18b-53ba15f3b7c1,,2683
2222,33287f9c-f44b-4eb0-9a6b-bd8e15592d51,,26637
2223,31508482-5bc0-45ed-b55f-29b0454dd443,,11925
2224,df373655-52e4-4ecb-9ce3-d8f181620ab1,,9342
2225,29e81b2d-03f8-4e28-8804-32fa4f3eb323,,7180
2226,3d1615ac-812d-4fcf-b91a-f66c6c6ed2cb,,16568
2227,e2661e16-a42e-4b18-a189-d1cd1aaf2b66,,7163
2228,827ea7c9-ec4d-49d6-a62a-c9d4b9213063,,11765
2229,7d2ed339-61a3-4bec-892b-8ffae96782ce,,9550
2230,aaf0f67d-bf60-4fe4-9f98-2ef4c1c32d62,,9455
2231,8dfd3113-4aac-4692-9c64-860e4de6e191,,18209
2232,b1b69757-ccb7-4ccb-a9ca-1da1900cb11c,,11891
2233,ed97eea4-405f-4765-b6b8-91f62d682194,,3445
2234,e0bdd597-617d-47a5-8b79-674e7852a785,,9344
2235,e4134400-9f47-4763-85ec-7373b079d77c,,18413
2236,3e458b7d-8f07-4f14-a3be-38166fbb48d8,,18274
2237,9b8b3eea-8e03-4715-9aed-3a4d14fbae44,,2701
2238,37ebc4ab-237d-4cf6-9465-d8a47aea0b0e,,14481
2239,c9e57937-0682-4a45-ae18-8587a927a39e,,26707
2240,515c9fe9-dc59-4f76-a926-b3eda755f8a5,,545
2241,db5cf6cc-0a94-4495-ab58-eb5b88018e21,,9313
2242,c621e681-749b-4299-a470-e3f60060a80c,,26695
2243,d519d52d-6790-429f-8f96-62f507789999,,14811
2244,f2622c56-10a4-42af-95c2-2b2a31bb07f7,,11701
2245,8fdb8d23-eac5-424d-9304-168091fff804,,26758
2246,da8abfdf-ad3b-495e-b7a2-c566ad57d7ea,,7406
2247,97918c6a-9af5-4218-a115-941ff5b081d8,,9405
2248,2fbc29b6-366e-4ad1-98aa-829f29aa81e2,,14803
2249,83181d00-2713-429e-9380-7e833df9e441,,22266
2250,9c107b2a-3f8f-403e-a368-defa7bc56e68,,21958
2251,40a3e5b4-d8a2-4dc6-9b25-fc1776f47222,,22084
2252,bca8e2ea-df01-4dbb-bdae-312565f8f3e3,,22211
2253,6598bb70-1510-4ceb-8999-b633d7d1b0eb,,18415
2254,81581a9b-ff6c-46ea-8ec5-77bbd3e69b8d,,11964
2255,0a56e380-bf2b-4441-9411-1bd76e3a8250,,18425
2256,3edc6ebb-a93a-4950-8948-1c31b8a426d2,,9505
2257,fab962ec-2509-4b89-99b2-2d3e71f9cc41,,18382
2258,c15854b3-987b-4f74-8df1-4372bc103ced,,18238
2259,c307d0e4-401c-4a02-bbd9-906deef2dc8c,,16437
2260,48bd9e52-e6f4-4c03-b4e8-5cfbfa25700f,,7164
2261,c949d775-3e6c-4307-8037-c8a03b5548cb,,9373
2262,a3bedce2-a036-4905-a82b-498e02338254,,11826
2263,2d88b80c-a5ea-4f10-83c1-6bf6cbbfeb9c,,9279
2264,366051f4-3a49-4ec6-985f-69eb9064eade,,18302
2265,1ab91e49-40c8-49e9-b20b-ff0fa8970c0a,,22291
2266,e4c4f839-ec8d-4a62-826f-9af7fb94d318,,3480
2267,e0540597-5bb6-443c-81c4-03f98a365d4f,,7390
2268,ab5c5b8f-9024-4abb-979d-5697e07444d5,,26727
2269,c9c6fb0a-e797-4ae4-9d5b-ad22289b981f,,11824
2270,1f4cc9b1-444f-4586-aa16-fe16254bc715,,9564
2271,532caf66-8357-4c71-8f19-1c7cfd6ae007,,3371
2272,7f84198a-62e7-44b1-b5b5-4c8a3bfa8ffa,,9413
2273,aa0317f6-bf81-4f18-816e-ffd28b15ee22,,21947
2274,684d3db9-1e1d-4549-99ee-5751bc98b924,,3420
2275,6252eea5-68c3-4d27-9d14-eed293282101,,7452
2276,7bdd3038-4bea-4226-bc61-0ef4a1489e50,,7310
2277,56f4db35-3b96-4815-abde-05e1433d3b2d,,3474
2278,1cbdf9cf-465d-4bff-be55-1134e026080f,,18289
2279,518592c5-feb4-464b-82f6-e13aeb07b19d,,18332
2280,13215893-becf-4536-ae98-811de3436e8e,,21934
2281,661c46c2-140e-4b28-a2b3-9559fb4da04d,,11999
2282,5aefd6ba-e340-425e-a1a9-4effef481352,,467
2283,f8c78f3b-46c6-43f7-a98c-62048ae9fb07,,9509
2284,1eedebaf-1d2a-4c7b-9244-af865125c887,,7370
2285,12c62ca7-a7c0-4baa-9f4a-8e2214500b57,,26644
2286,5d3d8c67-5380-4a03-ad29-0b4d38052f00,,7346
2287,b6299121-71eb-4ac5-82ee-bfb61aa0c838,,18548
2288,d096f8f7-ded2-4210-8314-8c091d51700c,,14466
2289,af97e5a4-d858-4d76-b782-bc6a14b4573f,,9425
2290,020efa7e-04eb-4c95-89cb-200eda03ea5b,,26628
2291,d0222e02-c917-4810-af43-2b664932a85b,,9322
2292,0b241543-9766-45f5-80ae-70f43b0f11ea,,11882
2293,1066be24-1991-4070-a326-40c81261bf6e,,16622
2294,eced8084-a480-405b-ab69-4ac650f8385d,,18528
2295,3326125c-425d-4dcc-906b-2d22ead62d46,,21943
2296,db1355a6-a7a6-4bbc-b1d0-88a4d1f34134,,18519
2297,8278accb-3cf7-4ece-86ba-37320e9fbc54,,14667
2298,75537408-ab40-46af-8c78-570dc86d313f,,7185
2299,dc516b3f-b680-4d7f-9b25-9d2762c5c537,,14798
2300,85c3a3ba-a0e8-40d2-af1b-f8167c813e9c,,16606
2301,43bcf789-151b-46ac-b55d-92dfa33505ee,,26673
2302,bf26e60a-ab5b-479d-8cc0-0548fd4f72a7,,9351
2303,8f57a5a4-55d6-42c1-afbf-6f1d9781e124,,14809
2304,8a1c1204-6b5a-4df5-86c3-8d2cc4876b2b,,9228
2305,4d92261b-ab5b-41f4-a2ac-a0c0c3daa541,,9232
2306,b1250b84-d9d5-4f4a-a9d3-85fe2e13a799,,16385
2307,7829bbca-4d46-4f9b-84c0-8f458e507448,,16703
2308,9e88ff02-7fab-4394-90a3-beb4be702bb0,,26726
2309,e387082d-8041-4b90-97af-39d9e3b44bf0,,14668
2310,a9cdc4ca-1870-4a69-8ad7-f01ef5fc431d,,22133
2311,55263c60-83b2-41d7-9507-06ab8f0a3326,,26856
2312,4a02ee3e-17ea-452a-b024-594ffd8faceb,,22234
2313,2845ae71-e968-4915-9172-0fa5d9b17e4a,,9340
2314,2b96eadc-06f8-4122-8a59-4d8adf357509,,11777
2315,2ce6416a-1b67-4e49-b5b8-74a633f0d038,,14551
2316,97a3f620-845d-447a-8fe0-630b0086f9a4,,16747
2317,012c3b6d-af43-4829-910a-a89baf611e6f,,9269
2318,350cfba0-8e4e-4e9a-b288-efb4939d6dd2,,18380
2319,3bcaa174-7936-4492-ad3c-936e225e59f9,,2678
2320,cd557438-e383-4dba-bfaa-3556294cc377,,3463
2321,e5e2104b-76ea-4dc3-9327-e52faf217256,,3504
2322,aea6ac71-982a-47f1-947c-b24d246492d4,,11692
2323,cb3c7e81-9b59-44a5-b3c7-ef1aec7316d4,,7382
2324,f6571904-7f1d-4470-82e8-ad1f9b2b9607,,3488
2325,63f97cdb-ecbb-4502-9f88-581d71c0e8c7,,11941
2326,a553cca7-f4a4-492d-a839-27f2a667a6d1,,16723
2327,cbe34fa1-af08-46e1-a30f-3dc6cc284925,,18319
2328,e198df6d-f410-457f-8637-f5abc75d9c50,,3473
2329,a29c0e49-26ec-40c1-92aa-85b6e2501b3e,,26805
2330,c915ac33-fd30-4497-9a8c-72a1b0339667,,14686
2331,d0699a9c-9df4-4a6b-9416-6c5bef7769b9,,3387
2332,b51162f8-be73-40e1-895f-e5b57484ca48,,7299
2333,6351bfaf-cbf4-40b7-aa29-7807c4b31ac1,,14693
2334,0284c278-2755-4087-923a-12818a024ac5,,22165
2335,622bac90-1086-45e3-9881-d295cab3f6a5,,16410
2336,a83d8ae2-36eb-4121-9955-19f7506c3443,,16560
2337,bb6b162c-1650-474f-ba5d-cf47b86b0635,,7167
2338,3737a16d-a236-4867-9e9c-ead9fe9847da,,22237
2339,5c09a272-ed24-4e1a-960e-d4df3f57d469,,21932
2340,8e0fb6ff-7529-4843-914a-76a3942b9c37,,16650
2341,21ef8be6-5d69-45e5-a37b-64458905d9da,,14706
2342,93af792f-da3d-4cf0-8f0a-3a5ec2c17da7,,14112
2343,1cedbdcc-2a74-4357-b26b-86209482edd0,,16610
2344,14ea505d-2235-443d-bb6c-1e8457ba87ab,,11835
2345,3a127647-4b42-4576-82be-938922e9046a,,18575
2346,7575e9f6-70d1-44d1-918e-d7cdc95c2ee4,,7405
2347,1ae00936-2072-4361-b543-53764af630ef,,491
2348,da4a18e3-eb99-41d5-bbf5-7c18bedc1430,,16443
2349,703a7ebe-448b-4ec6-8d6c-201a6a869de4,,18508
2350,fc267c3e-be31-493c-b425-e4a7deb09702,,9241
2351,3138883f-57ef-489e-98f3-9966b8d74ed0,,22063
2352,c74fa85e-e1ff-4fe1-a29d-a4b5d5365972,,18298
2353,5a65dd9b-f0c4-4fd7-bc2c-46795b7c2c5f,,7444
2354,276019ff-dcfb-4a16-86d5-311717aa2f7f,,18387
2355,2de71b40-bf03-4a57-82b6-53b155686be4,,11899
2356,3d84c976-ecfe-4b03-905f-e8380663341e,,22074
2357,e428773c-e3d9-4c5c-9d57-f4152d6be525,,7269
2358,7479e82f-9c9d-42a9-86cc-729d37c7dabc,,26763
2359,afb5247a-8cf4-4d8d-bba6-89870f4ad152,,3406
2360,1a825422-fe16-4572-90ff-2e84a8c1de25,,22095
2361,657a4d40-502e-4372-a299-22aea7514c9a,,11942
2362,6e47c89f-c355-4260-9917-8eb37d5f21eb,,16646
2363,dce592bf-f768-4f11-8806-d4546b53f77e,,14515
2364,e69a4ef9-7265-41f8-8a87-8218b429ae74,,7138
2365,87789ea6-8134-4a8e-b572-d1e25c1b7282,,22052
2366,2f34b8f3-17f9-46d9-898a-474010ee1cc2,,26683
2367,4634c2e8-fdb8-4e51-b03a-3d474dcd5815,,11993
2368,80aebf17-887e-4ca1-9e49-a51a0ef3cdfb,,9216
2369,a5bc7929-b242-4a11-8ade-f16d613f7b1a,,21968
2370,44323fd6-54af-420d-90d1-302eecd62ba1,,3444
2371,f3b66850-b6bb-41fe-88be-1c564399c727,,11776
2372,3633ba08-fb34-47e6-9d9b-ec9e8f117e48,,14613
2373,b2181b74-ada5-4616-8be7-b6c17854abfe,,7340
2374,b27394d2-8e5c-42dd-98ed-09891aa1d9c9,,11861
2375,92f9eeda-566a-4216-8c56-ee8be650ed02,,22160
2376,4448f4c8-1211-42a3-be9c-eb8785e86401,,11829
2377,8b467834-32e3-4c0d-82dd-607aacc25a35,,7172
2378,806a41f9-6fc6-4f9c-ab33-3b868a2019d1,,18290
2379,308d5932-58bf-46ca-9146-f0e5031ee1a4,,11877
2380,7a6e2500-cbb6-4ea7-845a-ec3f54079cf0,,3416
2381,eec4f6bc-4152-4775-a5f8-8555d6f6dab4,,7319
2382,814ac3ad-83c2-44df-9221-f411267d9c9f,,9391
2383,4e1f7bae-9cea-438a-bd64-e484d1ac2e6f,,7158
2384,7303867f-b826-4bde-9a2c-82d29794c130,,14799
2385,1d38e125-71ef-4480-9a8a-d9680fd0bf42,,7451
2386,8e36e89e-e41a-430e-9801-3af3fe7a1283,,16600
2387,0d539eff-06ef-4db9-8a91-46b3dd81e1c1,,14797
2388,2664e117-4354-4af6-8dc6-d4ae1c8eccf8,,14631
2389,e95e98ad-bf80-4258-b407-fa350dedbf4f,,7279
2390,72c1c34e-4741-433d-b7ab-c663a3431baf,,7124
2391,0fa6522c-c52c-46a5-b1fa-c5e78b615da3,,22287
2392,92fae579-0c0f-4af0-9f56-2a1fd6682b11,,16456
2393,8ee369d1-5362-48c2-bef0-1718a692c492,,7177
2394,3a469524-5ab2-4bb4-9dd1-8dec12e7d818,,16705
2395,8171d875-edae-4d49-884c-fc060b62fd1a,,11767
2396,d9c79a6f-f7b7-4d3a-8956-dd74dccd9f43,,7377
2397,2d7bb04a-bf53-47b8-b6c7-4891a200a65d,,9233
2398,96e6131e-5b6d-47af-8acc-2cb5a0fd6a82,,16696
2399,58ac38fd-278f-4089-a392-28546c8f5dce,,7348
2400,87d7ea9f-7883-4491-99d2-9698c4d9067b,,14475
2401,8b0f3c05-f2e8-437f-ac42-900969f7f8e4,,494
2402,7692309d-549e-45c4-aaf4-16948608f7ef,,14778
2403,720b3038-207b-4c3c-9fb9-c1cc86d81033,,11984
2404,ce6032f4-ddea-420e-82a1-33ac3f32c712,,12003
2405,c1e07b3d-8441-4469-8d5b-d0a1d6157210,,11670
2406,48d06d84-9b5a-4995-8413-b905d20d912c,,7255
2407,ee2a359f-3f65-49dd-94a0-d0bb6430eff2,,11722
2408,bddd442b-c71b-44c2-a031-b8443e5c201e,,9308
2409,96c9d890-3344-4a1d-9c04-60f088b45999,,9575
2410,35cdfcfe-966c-470a-9cef-bea210e64e8a,,16734
2411,be09755f-a588-4a57-b2be-ecfe1e54d663,,16390
2412,71990e4c-5fe1-4571-afa8-743c817d8ff1,,22146
2413,f2e1d20a-f2d1-492b-baeb-5a867086a3e6,,16530
2414,2224597c-b53e-433e-9f1b-ab5ad0aa6ce0,,16697
2415,f84139e1-8665-4c4e-a50a-edec66e32667,,22130
2416,40b3d36b-3823-4dc3-b5be-319e619e80dc,,18568
2417,b7e216e0-805d-42c6-ad95-14eb1662a472,,14592
2418,5f64342e-bc23-4320-8976-b43329bbba6a,,14791
2419,e7fb8496-0086-47d9-a6da-f066c6d8dfc6,,26747
2420,493b4606-b8ec-4be7-87bd-10e9d6915c43,,14524
2421,9fbec5f0-4d58-43f5-b79a-4bcc0584385a,,11866
2422,122993e9-224e-40e3-963a-fdb85ce518db,,11648
2423,aeb7e7c9-0fba-4e95-befb-9ed2a0fd2e40,,7497
2424,1cef180a-5f66-430b-bfa0-c7bb16072890,,22230
2425,d41b50ba-038a-470c-90d9-ed4fc24253e4,,14557
2426,70f56085-3a2c-443c-833d-237223b39095,,18371
2427,ab9a2661-c334-477e-99dd-8650e1c07b63,,26710
2428,81a86424-269a-4784-83c2-4d9807135396,,22035
2429,87aec1a0-33b8-4a81-b825-c6a25d382202,,7181
2430,b4e6a762-341f-427d-9965-bb9b81e63d6d,,14683
2431,49b3a7f8-9cc6-4f18-a6a0-b77526fdfd3d,,3141
2432,282830b8-8337-4aed-a0be-8ba8d6da12e9,,18295
2433,92c6d189-72e2-498d-89d8-a009eb81525c,,7413
2434,c212e492-ea01-4dae-b2d3-9c59992a8635,,16695
2435,6b7fb84e-a189-466d-ace2-8142cb7a376c,,16451
2436,6bfce066-9f66-4df2-ba40-f0d58465a05a,,22047
2437,0de04348-1189-4245-9b3f-c1d07f1a2861,,26641
2438,3816de13-8ec1-464d-9547-561ec537cde9,,3354
2439,0d55e0e3-00cc-49dd-a0e5-41398272298d,,11936
2440,61a15e4d-8eeb-4875-ac7e-12f3568f0759,,22210
2441,b1a88739-19df-473e-be2b-5abafdfbe6b0,,487
2442,70d7a175-05d7-40fa-b49f-f744bec3bd96,,3328
2443,78f501a0-ee77-4738-aad8-89b6ce239a83,,22180
2444,d3b43f2d-eec7-403d-80b7-374a08fc025e,,14718
2445,9054138a-56b4-4089-a869-3ab29994fb1e,,9467
2446,0b4859d2-7de2-4a62-8a54-d899e5f4e90f,,14600
2447,07c02b8a-234e-4e5f-98ec-c80509ecf3ae,,16617
2448,b6f2a2a7-dbb6-4240-b585-1827853b7d5f,,18252
2449,b5ad11ea-6e12-41e4-ab29-67d31f705906,,3460
2450,75a46ce3-3a93-4fcc-9b6d-38f789b0c851,,14534
2451,6718059f-7a15-46d1-9fad-6c9863c6b40c,,26798
2452,8091d5ba-15f1-4ffe-9951-8ae039a501d1,,22303
2453,889401d1-ec08-448f-ad92-2b12a694402a,,22175
2454,14eeda50-3ad9-4bb5-ba4e-484df3b1815b,,2700
2455,02a59cc6-f67c-40d2-9e6a-83ef52e3be88,,7419
2456,cd52be42-1716-4dcf-9d2f-e33c6b81ef41,,26607
2457,b52dfc42-9856-45c4-b277-79532cdaf47c,,11892
2458,71b45afa-d065-4361-8c7e-40f87e68e13e,,3475
2459,2a6da633-7ed3-415f-aa84-5553262b6d33,,22119
2460,6bd300aa-8ca6-4c34-8d19-6fcaed571908,,3481
2461,4f5432c0-da3a-4bca-a420-1118381487e4,,7246
2462,68c84b03-be96-4a8a-a390-69a83c000d3b,,531
2463,d34ae8d7-2e5a-4246-af92-ee7e6c00119c,,7293
2464,8c94e4ff-cea2-4f53-a588-6404b3371dd4,,3403
2465,b5ca4a64-5693-406c-aa36-d93337c7e6d4,,14492
2466,2606bf0a-e915-406c-b076-6f089c5624da,,7238
2467,cd674ec9-0262-4f40-8e94-8c67e0388e3d,,16690
2468,bbb1c47a-a17d-4b49-a016-a5add553d1e0,,16636
2469,95edd35b-ad63-4877-b038-ff88004deec0,,22228
2470,1d8feed8-5a3e-44f5-a115-53b1436e3b52,,9544
2471,408a3d0a-67dc-4731-99b9-182b08545275,,18213
2472,3f4b3b80-1f4f-4605-8ea0-9b0d728ccdbf,,9553
2473,4026e5a9-8976-4afe-b76a-ff133eccd400,,3500
2474,4eadb137-c674-47d7-9934-7cee20c5c961,,11836
2475,7a604a9e-559d-4492-a0f2-f223fb0b6934,,16715
2476,ee724d0e-ec83-4e5d-83f8-931c274b8181,,21933
2477,2ce1e16c-ff40-4594-aa90-aaf66bbba005,,22072
2478,dc0efd8d-2d86-4eb2-9da5-480e495b116c,,22235
2479,d3c6b417-916c-4398-97aa-5e004b7b15b9,,21954
2480,2f87e487-4348-4ea0-af21-cc6a8e50bcae,,11793
2481,705726f1-04cc-447f-83d1-ca828886538f,,11803
2482,094435ee-19d3-4b48-aa6f-d4ec9fbfbcc6,,18333
2483,50cdd5af-beaf-4e67-b68f-eacd40d5a766,,18488
2484,e6df4f25-848f-485b-84cb-e715ac461c44,,14779
2485,d8658bde-6f77-4ef4-bcb9-d5a1f3adf543,,2715
2486,9b39b991-94ce-4ff1-b820-d6c592a808fd,,26749
2487,1c387e8a-2233-421b-9682-cf601ae04a0f,,11646
2488,380e210c-5481-4ac8-9ad6-072137177665,,14780
2489,e2c73db4-1d94-4c4b-b3bc-7f5ed9af88fb,,26863
2490,cf8dd8fd-7320-40da-bec0-4da76703ebd6,,3439
2491,9d8a91d9-d300-4b69-84fe-fefad61fd4dd,,11959
2492,c32e9ca0-c5f2-424b-b306-80efed4bcf88,,7252
2493,d63bd50c-3871-4e45-8dab-5403475e6a4f,,7266
2494,75838e81-4592-4676-9ddc-eb4e17621b10,,9298
2495,245a3e31-ff8f-4762-860f-4c0a8e67a221,,11974
2496,c681cc3e-7e21-4b76-9e19-67606c60249e,,7338
2497,38926a52-c1a6-459b-a996-3700361cdc51,,3372
2498,935fbd11-5912-4021-abfb-17da898ba132,,26819
2499,df081711-3e8b-4653-8b1b-ad1beedb4f32,,16739
2500,2dcedf00-efc3-4740-ad30-c96780906e68,,11975
2501,18be9c63-f136-4e99-8e03-86ab32340bf8,,16489
2502,51435b43-3e5a-4a08-bddc-9dc43ec619fd,,3107
2503,c237cc41-f6f4-4aa8-b3ee-61f9a43bf78a,,14480
2504,e72d532a-8b71-4aea-8a8b-cd24074a8b0b,,9327
2505,16f03475-8fd6-4b38-a4f0-841709fca81e,,26714
2506,f9cc9dab-c78d-49f8-b474-74f2de0cd136,,14528
2507,dec4d263-a99d-4dc2-8dbb-902819d4ef8b,,18458
2508,d7f74e3c-fd98-47a9-8f30-7bc9437a35b9,,11691
2509,37e5adad-4a0f-46f7-b260-0e28b1a8990c,,16564
2510,c55ae322-19c6-4bbf-a8e5-8e8bb30e0496,,7410
2511,e0bf58cc-cf8f-49fd-ad7d-24a60a99bc94,,16511
2512,75a76321-d41c-4c95-a5b5-ef2e8424ea01,,26671
2513,8c45e353-0b38-4dc6-aa86-c71705eda51d,,26767
2514,7c36a6f2-9b21-4ea9-b613-344f21879265,,26617
2515,b5bbdc30-0573-4d42-9e09-37502d634318,,26788
2516,b9aed8a0-a22c-43bc-9d15-92e1af9c049b,,16458
2517,973483ad-3e36-4ccb-ab7d-dd6a40719ff3,,9515
2518,b8a23e62-7fd8-4301-9e5c-0749e0384851,,16706
2519,83b3f6aa-d9ef-476c-a50b-12cd0782d323,,26790
2520,2fdb895c-1705-4ba3-b665-d065907af243,,3150
2521,54e97c3a-7e54-49ff-a376-28b36d4d7118,,7302
2522,064c783d-1804-47f0-b641-c37cde810477,,26832
2523,011a3db3-9a25-493f-9fea-3f71a515c670,,515
2524,bd9ae30d-7f1d-4e04-a5e0-c434bc5c4bfa,,9453
2525,b872465d-0712-40da-a952-96e12c48c798,,9471
2526,2169ebcd-a654-4466-9a23-615ea97efb1e,,3108
2527,1caf3b97-408a-4b4e-8c64-7e7332633f30,,16496
2528,b2cf0323-f2b8-40d3-b23a-9d9e0cbfde14,,16474
2529,7c951812-2b96-45e9-8f58-9d656f70e849,,26736
2530,12b0e796-96f1-4496-8be8-02d653361f0c,,11949
2531,5d21b153-be7c-4c3b-8382-8364c7e0270f,,26658
2532,b8acc06c-4e17-41f1-aa0e-3e72dd298620,,11779
2533,99322b99-6507-423d-bd14-85058315a07a,,18439
2534,23e60bf6-5379-41f2-a612-1d0052b81b25,,22301
2535,92e0ebe4-4d05-47e3-9d9a-38ce7ab4f28a,,11828
2536,36efa7c9-6d69-44c9-9bcf-5f03b6deae0c,,18557
2537,9b33b7dd-9bad-4284-ab1d-b479e51b9082,,18409
2538,1cb32bff-5e23-42fc-933f-789b9d9bd570,,14746
2539,7287e7cb-1fc0-4ba1-8cae-a44e23be1e87,,14107
2540,e7d86925-34a5-4f17-a14d-c070f889fcd2,,14538
2541,4364a5af-6ea9-4297-907f-265f7e1358a6,,26816
2542,d08e9e1a-a7e0-4150-84c8-a656654bb2ca,,7345
2543,bd1df9f0-0f4b-4b04-94ce-602641581f40,,7141
2544,da5165ed-aa14-4b31-8c3e-60ef07d1347c,,9562
2545,7b10eab0-028f-4be1-ad28-94a6a260b4d7,,11807
2546,dc17ec44-0a45-40d3-b7ef-5463508bad38,,3518
2547,9b760df9-79c4-4e76-be67-a345a0494b99,,9548
2548,3b315afe-0a50-4710-9d2c-4ba4843cf255,,2685
2549,e6ddf018-2e31-4ed8-b8e2-d704cee0965a,,14561
2550,a86f771d-472c-4c5e-bc0e-c2c6218ed44a,,18379
2551,248c5ca7-bf86-416f-9304-0a72dcc810ff,,26848
2552,ff3f92ae-0ed3-4af2-aaef-04733485e2ce,,3417
2553,45af8311-57ea-4505-a8b4-e9298d30bdc7,,9520
2554,951759d8-5483-4167-b157-ecd52d39953e,,9430
2555,7b09948e-2a61-4ab9-9ebf-59bd72d41821,,22002
2556,402dfad6-9718-4e77-9bbc-d27e582b7534,,14806
2557,1387706d-86f2-4aac-b12c-d7d1ef956494,,14488
2558,9b45242b-0574-4e40-a105-ea9d373e5062,,26871
2559,a50b2a49-d7cf-4172-a98c-9a5bc8c0ba7f,,7398
2560,761edbe3-9497-4228-bb02-276a33de4f89,,18460
2561,bcf8d30b-028f-49b9-a484-1e6c32a09840,,18291
2562,7ee71c9e-42a4-490a-9fcf-87fb18c8881a,,18462
2563,9085b545-7de1-4253-9451-3a2ee565421c,,14556
2564,b7285428-c2e5-4879-9589-5bbdfcb0e872,,11746
2565,f0726dc1-d6f0-4ff9-a546-184096ad0937,,22277
2566,6bd6c318-c8e7-4b5b-a788-8441909d0416,,16635
2567,b0678da2-dc38-4f45-848e-42542a6065ad,,16424
2568,89e99955-5f0b-4281-897b-31e6bde3efcb,,16712
2569,efedd83a-86f1-47e7-a972-07783c4bc770,,16640
2570,6c358b24-1c63-489a-8a73-9c2a88567fb0,,9262
2571,ee2798f0-e54a-4310-ad51-6f0c19c15582,,2693
2572,57ed7fd3-a5fd-4d28-97ab-91555aa4d4a4,,11995
2573,6995239f-3f95-4446-b09a-13f6b7662c9e,,9484
2574,6506751c-aec5-4877-a011-a119db110bff,,26743
2575,4d874658-1edf-4089-8e38-434ecfd55c55,,14598
2576,3d4e7a98-2828-45f4-9621-59531dbf879b,,26712
2577,6fb3fd7f-53d8-41f9-9f14-178fc88c0540,,26646
2578,1240904c-1029-423a-a35b-2b5e8bf18d8f,,18473
2579,1c5a30ce-3e16-4e5b-9a7a-e126134d7ad3,,11926
2580,0bc8b709-e846-42e2-be52-e88922af4abc,,18493
2581,49e69bb0-2c28-4220-9bd2-c2494127f492,,18316
2582,998b99f5-d56f-40d2-a610-694006c25a07,,9359
2583,7c5edef3-8a6a-435d-9373-1fc348195eb0,,9468
2584,90e6772f-0c07-48df-9e6b-53ef94898dcf,,3125
2585,e1b17b68-819e-44b6-9932-0bdc4ae572c9,,9366
2586,e872e6ae-db01-4e38-aff3-43a650535ea7,,14643
2587,0893d3b4-54eb-498c-b59d-c0371edb169c,,3113
2588,63fbc3cd-71e5-407a-9337-2be4a9eb776c,,9440
2589,31ce24eb-bd67-48e9-855e-5ff2296c8a34,,16395
2590,c8493f7b-b98c-4cae-ab04-c3ae17bd8c24,,26742
2591,f38a8388-7a48-4675-b80c-b39bd7ed75b0,,14671
2592,c1c693f8-e342-42dc-bab7-5243e8927bb9,,18360
2593,43cd6579-3eba-4a0d-a167-d78fa12c91bd,,26772
2594,cc833896-94d0-44ac-90b2-85c046bf5760,,18347
2595,1d160bfc-ace1-43e0-a3bb-a42d25db4d60,,22290
2596,71e87c7a-03c3-47bb-b92f-3af7089dbef9,,22271
2597,349d1617-b74b-45b3-9da5-00106309201b,,3517
2598,b9a5940d-3464-4731-894d-1d20e7a57433,,16596
2599,5e022557-4860-4afa-bcbd-c7f0b65a013d,,22134
2600,bc28f05e-85ce-4f29-aa6a-416fe5e3fc9a,,3413
2601,eb9d45b1-e955-4c6f-905b-afa02903d9ae,,9307
2602,1e575e8e-e3af-480f-aff5-9007b8422b49,,16656
2603,41a5af5c-e9f0-4968-98cd-fc42cb7769c6,,21927
2604,e9530d1b-ca9c-4131-9456-e971c3c16f29,,26639
2605,529e887b-1114-4e4c-b9c4-7554d3092aa2,,14540
2606,e5258ab7-c76d-48ef-8db9-cd9b136b4856,,22022
2607,0cb0c017-82ad-406e-90b8-e059a057822f,,11819
2608,a9597860-e83d-4025-91c1-6a6a92ac2421,,7162
2609,deacfff8-d048-41bc-97d7-005dea0fe4df,,11832
2610,e2774416-6a1a-4481-9094-16fb223d5d34,,9429
2611,fbbf7479-a0ba-4fae-99af-07812519d713,,3350
2612,5feb61ea-b092-4141-bf56-7f7d9fd28eb5,,18394
2613,03ca5edd-fe12-4140-a9d5-82da0d2fe137,,18391
2614,4950e866-2aa0-4b09-b845-5b6a1fbe8e25,,26647
2615,a378be06-9a1a-47ed-ad7a-d7434789feff,,7242
2616,fc9fc3af-850b-46ec-b9ab-aa2cab66f67c,,16714
2617,d4981400-da75-4f43-8cb8-cd5137c58954,,538
2618,74e94b27-1237-4b58-bb64-7231f14bb136,,2707
2619,8006227c-dbe1-4555-bdc0-b423fb95d014,,9419
2620,21b559a0-cde0-4792-880b-dc4a0bca60db,,18309
2621,ba251d4a-ac79-4114-aace-787d52184ca5,,16581
2622,e45a3dc9-13dd-4efb-ba4d-97add6630899,,26643
2623,1f522cc6-f641-461b-9200-86aa0a2a6f39,,9372
2624,0799eae9-e401-40af-9271-ca3eb34d0638,,16383
2625,61643814-3689-4f1f-92cd-afe86f31e76a,,16665
2626,2099eca0-7d4a-4046-a102-39564f908c58,,16510
2627,f2250905-2a4e-418c-acd9-0b7dc676ede7,,14584
2628,298c379e-c798-4041-9bb3-4dbe7df1d000,,9267
2629,a45a5d24-21a5-4de6-80fb-4023af3df5fb,,14565
2630,3e7594b1-d7c3-434c-a95c-8a2cccd08c04,,16398
2631,a4551dfb-fe9d-49b3-8f21-7c9b1b302625,,14682
2632,f0ede768-9d0e-4dde-b39e-9cb6282f1078,,18253
2633,7704dc07-5946-47bc-8c73-36e9d864e29f,,14533
2634,92effbb1-d7ae-4b39-a9ef-88cfc99e584b,,7389
2635,2ff649ac-8a34-4a24-86df-7bb8cbaa2fc2,,16525
2636,188230ba-74bb-49ba-81c8-6a5865fe5132,,14518
2637,7ef11749-70ff-48a4-b032-db1d152e428c,,7458
2638,ce6ebad3-b317-49ed-b0b5-41eb34b33492,,16542
2639,1d349ea0-239e-41fd-88f2-2daf891ed860,,26659
2640,2b929172-5089-4bd6-845e-4ae2bb3f6296,,7260
2641,d2a30a51-9752-4b8d-8b04-d1ff2c34c100,,9222
2642,671ac581-f893-44fb-9c6e-185d0a31fb70,,14089
2643,ad171ce4-7345-4379-ac01-eb889f2ef047,,16553
2644,2d50bb44-1ba3-4f88-b27b-f4be72883994,,11967
2645,67d70394-4033-4890-b78a-2ac615a77a78,,16728
2646,744cc6ec-9efd-48e0-8fae-88750d1e3b2c,,14623
2647,8a60061b-4dcf-4230-bfe5-1b452bcd03c8,,26721
2648,7ff79b4b-07e3-49b4-a378-50ca4afa3071,,14511
2649,3e7d70ca-fdfa-4aa8-a17f-882b6394a488,,3117
2650,6196a65c-d0f7-42f5-9612-58cc0ecddd40,,11987
2651,c07598c2-a66d-4ef5-876e-4a4689a4c0ed,,7263
2652,e4ed77bd-f922-4f3d-929f-f2742b4ca240,,9328
2653,08359b59-eb23-4b83-9bc6-e308bc4f2c0d,,9547
2654,cbd0a3a4-12a3-4641-9074-2fbe9fa164c8,,9452
2655,66e4d254-8da8-4cc2-8a3c-eb1045cd0ef3,,3392
2656,37d1a5e7-689b-4228-a373-c1c3917600da,,14665
2657,faa91728-f20e-4c3a-b2b6-7b1a038a38d1,,9275
2658,dbc84d2b-0932-431c-b1af-64af2fe6e5a3,,14702
2659,fd8fa8c4-3b50-44e6-87d5-8cb5c310d418,,16508
2660,d499c4ba-7059-4ff0-b84f-afd797fe545b,,14697
2661,5874b9aa-b39b-443e-8c1a-2dd5635898e2,,16472
2662,0f9eece6-011e-48c4-bff7-a830bca97302,,14637
2663,e14526e3-889e-4122-861c-d2fee382e3a9,,22017
2664,baf96060-34a1-4dcf-950f-304311c54da4,,9481
2665,3dbd6f41-11d5-4cca-8e56-bdc2ffc3ba0f,,7482
2666,bbcdffbb-b095-46eb-b367-34af7b2141e7,,7305
2667,28e27cfe-60a2-4e5f-8e2e-49b966bd8b0d,,16396
2668,c7f37a64-968d-4efa-b50c-81c744ff85d4,,18501
2669,29e5fa06-8fb3-4585-adfa-fd66748d8f65,,473
2670,f303ed93-df2d-4f70-a695-7865be32c23a,,7420
2671,631b910a-7ffa-4b51-a318-869c9ec70b44,,9558
2672,cad6f190-5c56-4932-9528-0d7dc54e374c,,9318
2673,a31454a4-a7f0-4335-b331-9386226af18f,,22040
2674,04402512-5533-4f6b-8465-be8148987300,,464
2675,a020025d-5b11-43d5-af08-1623bc6c4907,,7268
2676,cb54f891-7c02-4428-8031-9cab6f15f48b,,22001
2677,cac15339-8ac5-418e-b687-6c923894b5fe,,22159
2678,8aa98587-81ef-4536-ae93-31d405fa7d68,,18453
2679,d8b74e55-0cde-4d3e-ab72-aed1458f01a1,,14688
2680,5217b66e-dc94-437f-a15c-7c3e8e7a9b7b,,18368
2681,f0beffbf-0ff7-4cee-bbbb-81911192af71,,7171
2682,78d72e4b-1514-4bd7-92d3-2c33880f4e25,,22038
2683,04a2d532-f4ef-404b-9dd5-b5d0eee3a6bc,,14502
2684,62cf02cc-b19a-4ae9-9faf-9a5dea6add33,,11994
2685,704f60c7-e9d3-4e98-9ccb-7bf681fbea7c,,11842
2686,17df5635-e666-4bbf-8139-99f4332dae3c,,22093
2687,668e2c5d-56f5-478e-928c-11abd609f892,,3137
2688,bd47a752-c001-4163-bab4-d5ed1947d793,,16608
2689,3d1d4d89-74e8-4e56-bfd5-0e3a6fcf49bd,,26705
2690,af0553b9-c0c3-4d45-80a7-feefaba0d496,,16708
2691,ee57ab57-3ac5-4045-8ea9-9688b33b9f53,,2696
2692,db5b5fa5-0cca-4e91-8d39-44a8a44760c4,,11979
2693,c2735cbc-c5da-421f-bfbe-3b8d2133382d,,22105
2694,dbfd9b65-fcba-4333-bf0f-0cfcbe94efde,,11911
2695,76d73172-ebb6-49a2-a159-f99e5f4aa6b9,,18467
2696,6b2460b8-ef50-4676-a09b-507b88d0d3d7,,22207
2697,32091251-36e7-4b60-8644-646e039669e5,,14723
2698,0ac73f30-74b1-4122-bc94-6821f20495a5,,14615
2699,0df4cd69-0cff-489b-a471-3913bebf5e93,,7394
2700,ad9acd27-6068-4927-a6ef-0ce3a7c9bab5,,7200
2701,9f504c82-9c8e-4f14-8219-8be8d934e890,,14569
2702,8cc535ea-2e77-4b03-b04f-350023220806,,7216
2703,77ccd8b4-7777-470b-9e23-21f1a280f847,,22114
2704,760f2131-1253-432d-88ea-d8faa1216180,,9369
2705,2e50335c-544d-4b14-871b-4461afa5235c,,11889
2706,966119be-5021-4d8a-bd85-f1f56e8e75e0,,14645
2707,755f447a-f34d-497b-b8dc-1f839cbc5d5c,,14560
2708,bb53b3ce-0027-4e3a-93a4-b3438226aab2,,7236
2709,ddb53dc5-d6f6-4ba0-86b5-882066a51e60,,18503
2710,c797eec2-6dbe-43c7-b166-4cca939ff7be,,22123
2711,ce22303b-15c9-42a0-8b66-82d9974210e3,,9392
2712,54ed7fac-d54c-4804-9be9-b86f09ff91ae,,9559
2713,ae7e8ac6-e68b-46b5-96ab-3635fd609055,,18569
2714,c45982db-d90f-407a-8807-55678564b4fc,,14689
2715,57286984-976b-442a-bf49-b45f64cb66b0,,7386
2716,53c167d4-748f-4cad-8eb6-cc4af7eb1dfc,,21995
2717,dfa6ae5a-d75c-4dbf-aadf-a369ac8e2099,,22232
2718,65ba2fbf-44f8-4b08-8e60-6d5e26670d8f,,7152
2719,a859e188-326a-4c8f-94e0-45506ddfc950,,14555
2720,50901ef7-1b48-47e3-ba1c-3100432ed49a,,11742
2721,40dcc072-e3e1-4460-8745-e98c64529124,,21996
2722,fe98ba55-f3d3-44b1-a58a-cb77f47b776d,,18573
2723,7025be9b-e7c3-45d6-b348-c12c17dcbce3,,11837
2724,1835c127-f27d-425b-b2dc-be5e9b0255f1,,16514
2725,ff5084d1-eadb-441f-a88a-0ab30bff5535,,7489
2726,8fe5d52f-19e8-4215-99f0-e62284b1e958,,9442
2727,0c2dad3e-9c63-4ace-8c3a-e6f5ccfa3b52,,9294
2728,2ed10733-ba93-4ff8-b103-c8bdbeacfe05,,22109
2729,003808e8-f016-440a-90cf-6cf2e2aef78a,,18263
2730,bb8d2b7a-5407-4b99-b291-1491afb95909,,16597
2731,4cb32ba9-0512-4fb9-9edf-ddac15a64180,,21941
2732,fa0d003a-7b7c-4462-9656-a27c633c590d,,16471
2733,0c618cc4-f43f-4a2b-afb1-981b17a1c7de,,3501
2734,924deb4c-5f80-4414-ae21-3f1eaa0e9fdc,,11730
2735,d1b0928a-d5f1-428a-9c9b-fb69252b1db8,,22097
2736,3ca5c068-692f-479d-a212-870147fc6618,,3423
2737,995c3659-e07a-43ec-84c4-e517176f6572,,9271
2738,5857b8fa-496f-4423-96e4-0608a7fc815c,,9375
2739,2ab7a572-adff-4c13-b548-e89851039fd3,,16667
2740,0d2ccdb5-097a-4ccb-a8c7-adef6cdbc2e6,,22278
2741,8319081c-4c0d-4731-abf2-4cc9b0cb65de,,18328
2742,7c8dab0d-cb97-47ac-a4b4-6acebe09a37f,,22106
2743,eda94ecc-9503-484a-9f4a-180e66fc52f7,,22169
2744,7cd30057-a9e8-4fb3-a197-d621fcacb896,,9393
2745,57a405f7-3707-4880-b1a1-df424e317362,,18323
2746,f6be01b5-48c3-4326-b7a6-52ec02c8131d,,12001
2747,ddbe2039-a14c-4c9a-87d9-2f5aa70364e6,,16637
2748,871d5598-b400-4a4b-9658-56d5e0cec8a5,,9528
2749,f6f3a287-c9a1-45b0-9bdc-9dea55861157,,22064
2750,1562ab34-fc4b-4966-bb1f-ce6871b317e4,,7371
2751,e400c819-1161-4ac0-9fc5-e2f7a356e982,,9312
2752,53af69ff-4d88-483d-bd4d-45a1521c3141,,22174
2753,9b27e1ec-0272-462d-bebd-8dd06c9aeb7a,,11878
2754,0c61ddd0-0e6b-4a19-a636-8b9672ab303d,,26650
2755,e2cf5d2c-0d66-47cb-b62f-4a896c5c2145,,18327
2756,56f12cce-4878-49ac-9da8-fd3f1be16d03,,2684
2757,740b0e71-4d45-430f-a2ee-2b91e90bad66,,9338
2758,c5ce533b-8f3d-4f38-9647-01b0b490bdbb,,7190
2759,8b5cc18d-afc5-4245-9b8a-61aa3e514aec,,14685
2760,23748003-99c4-4f93-b82d-72251e3a2efe,,26750
2761,d8b6df41-80a2-45d6-8f7b-5487faf98323,,11887
2762,eebbf106-564e-4c04-983c-47ae49fa40db,,3512
2763,b25d8215-1197-4807-8535-232394f1070d,,7155
2764,1be42007-3e7e-48eb-8184-621b61258690,,16731
2765,cdd692bb-f044-4dc1-bbd3-85bd4183bc89,,3402
2766,5ce27a87-6be4-4732-9052-f2419b72c49f,,14496
2767,ff198eaa-51ec-4174-b929-24b450564fd1,,26699
2768,c705613e-5d17-4d8b-a9a0-9aa672164b06,,16732
2769,6daf4c19-0604-4cc3-a063-3fe8decc001b,,7188
2770,922a8eb9-4180-44d6-b4a1-68f71e101aa6,,7450
2771,a2702d58-471d-4e0d-ac4c-24ad4d3d7f68,,16570
2772,0a8a955f-01cd-48d4-a185-5fd8e795d6ef,,7385
2773,fbdc16cb-40fe-4d38-b457-b9968bb02e67,,18423
2774,2f72916a-ace1-46a4-bea0-5c145d73a778,,26632
2775,b898fbee-529d-4793-9bcd-98dbf78c8c4c,,14577
2776,e922e7ee-cf7b-44ec-930f-b087d66878dc,,26619
2777,7d3229c0-6b5c-421a-b844-176393cb1d3f,,16735
2778,9147ba09-ed74-4264-b3ba-b71619239738,,7195
2779,053b8ec9-2e3c-452a-b0bd-41e4d567f0a5,,18383
2780,4aa50e89-0ea0-4387-b202-94ed8250d3af,,7227
2781,a5a2a745-b458-44f5-84af-636a4dc28653,,497
2782,848263bd-ed19-4239-9283-218afcaa79ef,,18560
2783,27bbfd87-4185-41ea-98ba-dfb621f7eeb3,,22300
2784,a4a0e7f9-7f3c-4ed8-8715-83fa5607c36b,,3130
2785,8372df0b-5eeb-4653-b6ba-1b86acf38760,,11966
2786,d8dec0b4-0884-45e7-a469-dc08a2c84336,,12016
2787,600f6a3b-4ff2-43f7-b9d7-98f503b183a7,,18210
2788,ba647e5e-beca-4ef9-94bf-ae7a56f2e5e4,,11816
2789,58ae58f3-93a6-4ac8-8786-702571e00f7f,,7316
2790,4647a2f1-0a12-4742-b9bf-8c54679a0601,,18235
2791,7b88e4f8-8ffa-4286-a867-6b55b969ae94,,18334
2792,227bcce7-6f5b-4ad2-852c-0a8ed7abf8d1,,18580
2793,571dced3-9dd8-418b-a0b2-72a261bba2aa,,14714
2794,15001fe9-d75a-40a0-beaa-b9cb83d6c6c0,,11894
2795,5db93626-6e54-4f2b-857c-0641d423dc44,,506
2796,f864ec70-96ae-49d9-9c20-e7e47f8507c2,,14583
2797,2207bc84-054e-4967-8649-48768c85c469,,7273
2798,ad7f6b94-3a95-481b-9ddb-3c77f4c136ce,,3393
2799,5d836503-8fa2-41ac-a61d-6f60103a4bfd,,11659
2800,7a0bfff1-22da-4528-bc92-cd72519f5e6c,,26792
2801,4fb74ae2-726e-4185-a7a9-fcd71a524a20,,26755
2802,7dac6531-95be-4040-879a-35554f580c2e,,22054
2803,f32f4590-dc78-4a93-a2b6-b0cbac690de3,,11963
2804,280ef5c8-f7d1-4888-bebb-29a645e3bbc7,,16473
2805,0dbba3eb-2347-4842-85ec-a4d884565375,,7196
2806,6102a622-1bbc-45ec-ac8f-e749e99d87f6,,26704
2807,2cf97bcc-79ce-4f7b-ae09-6648b5e64bf5,,3120
2808,ac11f106-8288-4070-b94d-592956168345,,22062
2809,bb436f44-8ef9-488c-ab16-d77b5b90efd7,,9443
2810,2e35d172-b91b-42e4-aeda-dfce07b94080,,478
2811,40ae3b65-6e19-4a07-8357-6880d1a55be7,,11750
2812,1b377da9-e966-4e77-9129-da1507100cde,,14732
2813,9ba826fb-1b74-4d53-9706-650110cb86fb,,22071
2814,10c4c933-dd72-4de9-98fc-c5ac9acc0ea4,,22254
2815,a0874260-454b-4751-8e67-d8ce2fca6314,,16382
2816,de63a5ec-7334-426e-9926-b3f1d44d001d,,14769
2817,f2e27bda-65a8-4782-b16e-605f5dff1e92,,26775
2818,377f0675-0812-402d-b867-b19897ae7595,,14747
2819,a9244be0-828c-4331-bb62-fda1234673b9,,16460
2820,16f63730-9383-4619-bf4a-7f09960fda38,,16724
2821,cbb9a2dd-12b4-4c36-b4a4-b454953841b4,,26655
2822,e8b9bff8-cf5f-4e0b-9a19-d78599c6d60b,,9219
2823,ebbd8c11-8a72-4056-aa20-43b416bde08f,,9524
2824,0d89e4ac-9212-4e2a-a621-fbd5632bd073,,11903
2825,c1f3894b-a64e-4003-b6cb-0b1c6677f386,,16661
2826,35328f87-129b-4e84-975b-2bf6b7911487,,18566
2827,669ccc36-7f0a-436c-ad2b-887bf10f9518,,18428
2828,b0c915c1-f51c-456f-aa12-ad4adfbe4268,,22042
2829,cbb2d9b7-42f9-46c2-a231-28f6918bb5f6,,26815
2830,74147da8-b872-48e4-889b-4e6ceb8475a3,,22293
2831,d36003c5-db0e-4d98-a2c7-18dbc4c610b3,,26827
2832,4bbd1add-9bed-414a-aea7-133c49b76fc6,,18491
2833,1b8388e7-c683-49c2-87c6-2c90c77ed361,,21980
2834,6e3f9339-df82-48a8-95fa-f5dba7548421,,18285
2835,1d8e8550-412f-459a-b588-119d05732439,,11996
2836,6369bc90-9a4b-43b8-9396-b3071cb4d0f4,,18296
2837,d4878cc7-f8ac-4dd2-b83f-71b07296d8f0,,16440
2838,18237c02-a103-4fdb-b57b-44b7e75650e7,,14541
2839,83adea38-6a73-4aad-a761-3007ec437b34,,3430
2840,2da27381-90bb-4a89-ad63-d00725ed1ed0,,12008
2841,7b99db07-a451-49af-b5a1-86705ffec4de,,18357
2842,934ed36b-f272-4ee2-8b56-04c6d1f64d05,,16693
2843,430ea161-f835-4258-8f54-d6df63b95ef8,,26612
2844,b73cc53b-d7c2-476d-b214-931e8e97139a,,9341
2845,1294786a-2252-4564-8bc5-4a491a141d5c,,9446
2846,2b7e9d1a-0f74-44d8-95a1-9ffe5ab45291,,18284
2847,0fb73fd3-2869-4366-b4d5-63e180b80e10,,18223
2848,119dca6d-1fb6-4c61-8175-c8fc7ea337b1,,18418
2849,baa8fb3d-4689-4798-bce5-b47952dd85f2,,18555
2850,5b8e620c-120f-444d-ad12-414f705c0f97,,3331
2851,c1191421-d357-4043-ba42-fe9f03e97b12,,9532
2852,4b381d28-e416-47ec-8f2a-adc8125df336,,496
2853,dc2e3c54-65ea-4b80-ab57-2a5b7bdb56c9,,9297
2854,33630d7f-1eb5-43e3-8e49-2bf5b46dcbc1,,14103
2855,b7b0bcdb-f26b-421c-88fa-dfb8375a11bd,,14573
2856,6ff9387d-dd44-482c-863d-2c9185eaa493,,14487
2857,2a724848-2e28-470d-bec7-f3d1b54a028d,,18572
2858,681cc4f2-420e-42bf-b191-166345d3a819,,14098
2859,0dd37437-a972-4d5f-938d-ffa5db6ebc2b,,9203
2860,61a2649d-cb72-45d6-8c33-d2caeab2d2e8,,3491
2861,e87a7d6e-f6aa-4689-b86b-f56f52a8ca5c,,3111
2862,2727210a-f610-47a1-997b-21ca26fee1cf,,14642
2863,7e7e0b49-41d1-483c-99bf-278877a97f4c,,14648
2864,ff8ce3df-3581-409f-9072-f57daae4a343,,3453
2865,f9085527-6d76-453e-ab37-2903b149740b,,16601
2866,b299e782-296b-454d-bc63-89517100194e,,26778
2867,78aeb824-aca4-4d10-aea8-e86c9db0df97,,11872
2868,3fae281b-4f13-4b53-9266-4eb066758c7b,,14762
2869,6a605497-41e8-4c70-8286-5e2c65aca6b9,,11724
2870,042d6ac6-414f-4553-bf09-536430664129,,7332
2871,7d814e43-4dcc-45aa-aa5a-08494e5e562d,,9462
2872,3440f30f-9a83-49b6-8d63-8bf7a3e41883,,3348
2873,836bf50c-d2f7-423d-b857-6827bad6644f,,26651
2874,a3ca7f1e-86db-4cf0-91c5-ec7f2ce09c73,,14111
2875,7aff9baa-c553-4599-a3bd-44d8adecf891,,9554
2876,dd5f8e22-5d9c-4926-a9ee-f5f809f0cfcd,,26834
2877,042d2186-cf1a-4935-8633-5455bbb6ddff,,18267
2878,a9fe02b8-9dbb-47ad-b7d7-eb63cc73a06b,,22137
2879,0ac7633a-a0b4-4304-85b5-bd5c09ccf41c,,16428
2880,37bed610-574a-4ef4-b659-af27954313cd,,498
2881,dfb9a539-c716-43df-90b1-0c66b7ce5549,,16447
2882,4c30b70f-8a8b-4056-8fdc-76275ee81d3b,,9242
2883,52202bff-1c49-4e74-be6e-f0e49b676666,,9464
2884,bd8e52c0-878f-432d-9cee-2d16e0f175e9,,16552
2885,4af312b2-c118-481a-b63f-e1e96d436f2c,,485
2886,ef2aaee2-1d63-40c7-aae8-fd985d7967fd,,9214
2887,8dc0937d-1927-4c51-b67d-7110e0f9affc,,22190
2888,4c170e43-98da-4ae3-acca-415011f6c35f,,14593
2889,51e7f19b-df4c-4d6b-9e98-c37303ff1deb,,11860
2890,a4a0a11a-faf3-4bc5-ac80-392f30cb63b4,,7160
2891,fe38ef4d-5b1b-42e3-97af-db8495612b47,,527
2892,7906459f-12fd-4618-89d7-258dc71bec7b,,2699
2893,babe4283-10ce-48c8-acbe-e8b9fd42b8ab,,22122
2894,c84846f4-00e9-4d0b-80d7-9b35109d8a23,,26811
2895,7d772045-c744-4419-87fc-38b4db0effc2,,3407
2896,76c7435b-78d9-4fbf-84f6-f06e6c28d163,,9398
2897,953e39ac-51a1-4ac2-8d90-f088c46f56e6,,9488
2898,19db6c5b-d6cc-41c7-8b55-e0e7f354336c,,9301
2899,d5ce8176-644f-4c8d-8504-70ee13cdc265,,16594
2900,d58fb90a-9eaf-48a0-ab43-70425e67e3cf,,22079
2901,8251b5d7-df37-4451-9c8a-945a0cda1d7a,,7337
2902,646920a8-569d-4637-8e34-5464f7f19ee3,,11945
2903,88777728-2d44-4f3d-b38c-5f17075da20a,,16603
2904,412a9ca2-7404-4677-aac4-00330e055c79,,26734
2905,c71e18c8-73e7-404e-b91f-9e35dda84b6c,,18280
2906,67fa32b4-4abe-4f70-adde-de0ee94e328c,,22226
2907,862510ad-ea71-40da-81fe-8ace3ccbe290,,26754
2908,461bd0d4-d2f5-4b12-a79e-ff8de7e83e76,,14785
2909,3394662a-f62f-4bea-8184-841a34cdf98f,,7212
2910,bfbcac18-ec7b-4737-b972-667e756a5628,,26744
2911,f9af8fa2-e10e-4fe3-a464-1b8efbcda504,,22018
2912,0429c9e2-bc8d-466a-9149-5e91c23a3f1c,,25861
2913,25c31cba-5ccd-4761-aead-5ae3f7f0adbc,,14751
2914,be738606-da5e-4397-a8f8-bbcb53f18ace,,11644
2915,71acb0b1-845c-4e0c-af0e-d47bbe26578b,,18228
2916,40646978-b05b-40e3-9472-b191fb4d077c,,532
2917,3177b3b7-eea9-4f6d-ba5f-7b86dc9e1837,,9386
2918,b3116c82-6cee-4309-9cbb-9bc32ba922d2,,16446
2919,3c3c3c5f-2635-41e6-88af-42a40192395d,,9339
2920,5d9c822d-e418-4fe9-b3ce-7011dc5f16e1,,9566
2921,97dc573a-d1d2-4a2b-8aac-a6af53f474e1,,22098
2922,c4e4a1af-5eb3-4a54-9d46-35a6445fb4fa,,14536
2923,00b89b0b-cbbb-4474-8b88-ca89804bcc90,,22070
2924,c1ec3e1e-422e-4643-b76c-769352fb7352,,7307
2925,82e745f0-4292-40c5-afe3-b1b7fb520507,,18305
2926,f62372c9-ecc2-4997-a062-f6e58f85710d,,26817
2927,519fe40b-3374-4359-86f8-577035583fac,,9557
2928,52cdb7be-d06f-45d2-b177-b090849d5738,,22195
2929,67187959-f679-4fbe-9e7a-713932f18904,,7235
2930,dda4da32-4841-4985-b836-e66574a97484,,3146
2931,6e3e5cfd-52ca-4c44-84d1-47ba20e3413d,,7439
2932,5e40d942-938c-43d5-a4c4-2f8460ec2abb,,11912
2933,d81e7dcc-31b3-4ae9-9857-143e8066cf10,,3507
2934,599b8fcd-fa61-4794-b67c-1487c20940a4,,22037
2935,01dc419a-a531-47aa-96a3-5e31a587ee0a,,7460
2936,5bfbd2f2-bb0f-425e-b9d1-681dda88eff0,,16623
2937,b3922f86-874c-4a0d-b07c-eed7800bbb35,,18214
2938,974c7cdc-cf6f-40f5-800d-c81fa5a5e963,,18308
2939,c8630ce6-c203-4a15-b350-27518446775f,,26756
2940,7ddaaa96-ff0c-41f6-b19e-2e74e4a21cdd,,22187
2941,b6fefaee-eda6-42a2-9ae3-9dfadbfd1775,,3404
2942,69b6d53c-45d1-4a36-adb5-721c87dbbf8c,,18486
2943,1b45c178-e420-4aec-b7e9-b5387a80fd79,,7428
2944,e748af20-fbc3-4eeb-84a9-dd68ea9ff714,,11703
2945,42f458b9-f5b1-481d-a7f5-0140afcf9f94,,14793
2946,fe05d7db-3e0c-47bd-8ab9-43bc21d2a827,,18430
2947,e3522155-9035-432b-ab7a-9ad4baf32e10,,22170
2948,0ab23507-dcdf-4240-9c7f-1db369885d70,,26731
2949,d969efe4-57f7-49fa-b242-25391f1b6e2b,,22029
2950,77b7264c-08d7-4f50-80a7-b50be8009b4f,,3411
2951,e0e3aa0c-7958-4e19-9297-f5c47ecbbd24,,14535
2952,a10a2b28-ddca-40cd-93d6-3eadfa769954,,7356
2953,d8c09dd3-acea-4747-b379-3609005dc3a6,,18329
2954,1d777edd-5ba7-4965-acf4-941bb51b377c,,14597
2955,f48f9f55-deff-4cf3-8fe8-46c8dc868af1,,18404
2956,c88ee641-2783-4178-822e-de759ba5df90,,11931
2957,b1d64805-4852-4039-805a-e4ce78e347b9,,7339
2958,eb3bd7e6-5de2-437f-b0c9-46993245cefd,,9231
2959,bf1ae9cf-856b-404a-9f0a-e18debdbe30e,,11870
2960,5e2619e6-a01a-4ddc-97ea-23a528ba7cf7,,16558
2961,c2eb7ff9-1370-457a-8f96-db2e5b652469,,9347
2962,494dadd6-f701-4ece-b41a-6c70276d7f3d,,7205
2963,ce9c6561-1ff4-462c-ad4b-c5452a888ee7,,16463
2964,64164079-bb37-428e-9b3b-811fe3ff9e56,,14696
2965,62defdd6-2826-4ad8-9d7d-88d8023d4743,,18465
2966,7fdd55bf-ff12-43a6-b9ed-43656f52b2f0,,21977
2967,620d9e56-26ff-4b47-9166-77a328eaba64,,3376
2968,f59477d2-1921-46ff-9c08-bc0c8357789f,,21988
2969,04c138e4-2e86-49c2-b157-8d628f4b71f7,,9254
2970,0ed9b254-0346-4bd2-b3da-dae9ab847ec5,,9335
2971,e9a34e74-d53f-4b84-a1ff-97b32295dedc,,18463
2972,afa3f1f2-ae7c-4be2-b589-aaa08243bf90,,22158
2973,4e4d343e-5e2c-4c28-a76a-3228a96247d6,,7363
2974,c79f88b5-f8f4-411d-929c-892ce4c51a44,,3384
2975,4017a45d-ce5d-4ad3-b96e-063f4e90a02f,,16720
2976,d8fa0a7b-ba72-48c8-87ca-10ffa558f2b6,,7204
2977,46a3a5e3-755a-4288-9246-9d3c3dca2c1c,,9570
2978,77a2ca8a-3529-4b0d-836e-83778803d7d6,,11668
2979,feed19b3-2360-4180-b908-a8e10350a2b1,,9572
2980,9e2ece58-ae01-41aa-a450-a87efe33d041,,3135
2981,f7c5d402-0861-4b16-a616-d8246f44b031,,16688
2982,6d7ae34e-2c1c-4813-8dfa-d750b4843b6b,,22281
2983,e783617c-dc37-46a1-a458-ec48c4fa8711,,7380
2984,4d0be865-b3a5-4b74-bef3-1e45bbe33ba5,,18283
2985,d746256e-9024-416e-8227-b03c795485a1,,16466
2986,f2ef0527-8821-42eb-a85c-49d5c04e86b8,,11757
2987,6a70203d-4045-4cc5-8f6e-175eab894980,,14795
2988,4dd71cfa-6754-4e8c-aece-ef5ede6a042c,,16464
2989,152e7851-4583-400f-a6c0-f4fb8b87bafb,,16671
2990,d23cc0c1-dcdc-4ab9-8304-fa91d4f86b98,,7421
2991,175a7eee-4ffc-4369-addd-c933960b9764,,14586
2992,6f4b3961-6f65-4f11-9c15-c8c7da7ebd79,,7292
2993,92ffe034-61cd-4469-a711-fb9d47ad8f1d,,11818
2994,61aca7d0-d120-4d22-ba30-21df41443f9c,,16572
2995,6e44a07c-0ce5-4286-8ce6-3993a0836c58,,26789
2996,6c1ec449-89ea-4469-93f2-165cea796236,,7197
2997,a2367e47-9b4d-4b7f-a2b0-08bd8592abaf,,14654
2998,2000a3f7-09da-4d70-986a-23466fd388b1,,18261
2999,56bbcaa9-f813-4803-b4d4-80c25c3cfb3f,,9249
3000,40feadaf-a0a1-4222-ba77-a41795a954cf,,18330
3001,1d594fe5-c5f2-4f32-95ab-def892fcb2f5,,22219
3002,b0f03dfa-676d-45ac-97f9-d3b04f4f4b9b,,488
3003,06540068-6787-48cc-b3fd-b920c6446f9d,,26857
3004,d0744732-5274-42e3-b056-95c19a97ae06,,18294
3005,a22537ab-9676-4c14-ba3c-02858e5600a6,,16573
3006,cb82a7a0-cdea-48cc-8748-eb34d1a2d7b0,,16544
3007,4904f57e-1abb-4431-9347-eaef5740025a,,9421
3008,b7c93272-fcbe-4918-9cc4-0049171ab9f5,,7275
3009,3e168e26-f4ed-4218-bb5a-5fdab5894e44,,9478
3010,944a468c-fa0e-4d4c-9418-45036175add8,,11770
3011,3c020e0f-1b60-4d5c-a2ab-e530ae3cad6b,,523
3012,80a3328b-08a2-44c8-8d5a-1b81cc6aacca,,14661
3013,e1f6649e-e296-4df0-8dc4-72b8ad9fd62e,,3519
3014,9e804b32-5c17-4a6b-bbf8-6bc82c2b8e35,,9469
3015,87d392ac-abfb-4549-9533-5ec74b1627e5,,16687
3016,125cddaf-fae5-4ed6-8091-b6615b2a54da,,18245
3017,2db8a97f-3736-4310-8213-739a4b79ba83,,14748
3018,0a01cdb9-8284-44ff-abf8-f9ba4ec14008,,11932
3019,30375ad7-9fe7-4428-abc9-fc04a2c33cf6,,18240
3020,a0851099-397e-4ad3-a1df-508d74a73c29,,3514
3021,ca8044d5-b702-436a-87ba-a24c488a4afa,,3457
3022,fadb2e57-1b7e-4451-821f-f1c45d604311,,14568
3023,7abe1069-5e40-420c-83b4-f26f1b1b5606,,11924
3024,9a2204cb-8363-4d3f-9d43-ca3aae006c27,,7354
3025,053e2959-4725-47e1-b608-774e27da3216,,16742
3026,df67bac9-7791-44f8-a9c8-5fb2443cf306,,2680
3027,c73f8ad7-3f09-4151-9fcf-6de9b30fcef1,,22132
3028,96727cdd-5f59-4cbe-bde5-834c9e00282d,,18385
3029,b5b25023-c4cd-4a69-8b52-8c80c348a27d,,11702
3030,5f438217-0239-4b3b-a1db-40ac373333f6,,14775
3031,d32a2903-2ff4-4416-8955-74ae84547d44,,22009
3032,cc2bf926-4714-4ee5-bb22-73c84648426f,,3483
3033,7ae3540d-c202-4cfd-ae07-41116fb2c1d9,,18355
3034,8737b33d-497f-4522-a366-570190638da3,,14486
3035,83cca3a1-1efd-4c8f-b4d7-621ac40ee6f2,,16672
3036,98d4c22d-c86c-429b-87ba-9f8f1528594e,,11844
3037,f975e964-6129-4042-a8b6-7de6c77371e4,,3154
3038,02057584-22c3-47c1-99b6-690161c5d777,,14722
3039,f11a7b6d-0702-4f7a-8186-158fe8044bab,,14609
3040,78ac9352-6017-4466-bef3-c9b987e2f95b,,14618
3041,6c52623e-ee10-4f6e-bf2d-d31d5725edcc,,26645
3042,e53e7767-d5b0-47df-ad27-e4bebfd09b87,,9259
3043,17726ac0-2594-4464-9421-0e20ee2ac715,,7423
3044,5197ce91-555b-4c91-a307-7b4d5c8daa43,,11898
3045,b9ceae21-0a39-4879-868a-31c5a16e5bd9,,9513
3046,884438b4-5c2c-42e9-b242-df6fd936dedf,,22118
3047,df19b2a1-20d4-4d23-b818-abb2a9362901,,3358
3048,970ba824-406e-4cbc-b47f-4e6b2138ebd2,,16448
3049,3cce562c-7d80-464d-8031-92046fea6383,,26625
3050,54c59c86-12f1-43fd-90f9-200c8bd67b01,,26720
3051,856cdd28-961a-4f08-bf8e-4a1ea2c104a7,,547
3052,95f5aabf-13c0-47d6-a346-341a4f65c42e,,7218
3053,c24e1a2a-4b82-4d71-8982-83d106a4f42e,,3370
3054,83d9bcb9-7d59-4230-af66-bd0bb007af1d,,26800
3055,4e08e895-658d-461c-89c4-424dc55a6189,,11735
3056,fb6588e4-4114-441c-9c2c-ef933d4afe6d,,7126
3057,33374fd4-cac7-4d38-b974-576617aa340e,,3347
3058,6e00d130-1121-4d83-ab7b-b12acb8190dc,,14788
3059,43667005-a348-4dd4-9709-5c65f71be0a5,,11664
3060,4dd0de4a-e097-4b6a-943b-0296fd83f8fa,,14559
3061,9d129be2-fd43-421e-95d5-9f1085ac028e,,26606
3062,8bda7d9b-9738-4c1f-9d21-7a2bfb379ba3,,14796
3063,eddd611f-f447-4f07-b473-a104a3ab3f0a,,16625
3064,6a15fd28-2df8-461b-b48b-186d7575fd4e,,14465
3065,01bca712-cd1f-403e-b1c0-eb6fe6d79b33,,3151
3066,381fa80e-7beb-41f4-a020-507f997f9d5e,,14773
3067,a3f0a76e-3d8d-41ab-ae5e-a4ab1579e5f2,,22292
3068,34a1bc5a-946f-4f9c-9e2a-c979e0aa4bf8,,7442
3069,97312c37-3259-46bc-a141-6c3361712172,,9343
3070,253c2dd5-6d48-4b5b-abc8-949af2152c67,,9237
3071,1dc7b5ad-e16a-4550-95c9-79f93aa3d3ed,,18475
3072,0ba634b3-dd4e-4c9d-bb7f-638d1a83f916,,9500
3073,9a2c77e1-d382-414a-b776-c8a8aa6caa50,,11954
3074,df1e89b4-0457-4884-a2bb-5df76bad1cad,,9357
3075,9a4186aa-971e-4b9f-9ed9-aee787aee72e,,16522
3076,02d2ecc0-4339-4da3-a6a7-2d3bb7e1c08b,,18230
3077,4794c6fb-77d7-4891-a1e9-e6cf915e9ef4,,7318
3078,00cdc7f1-89d0-4f6b-b452-f85e432f1289,,9197
3079,44c38ea0-b555-4b9a-8d53-90cbb742c9e8,,14619
3080,3f0cddfa-44fb-46b0-afd6-67782da4f8f4,,22004
3081,bd504d9d-76da-4c2b-bd30-21bb9f16b066,,16567
3082,5fe7cde6-b07b-4df1-9d88-7af51d1071d5,,18322
3083,acefc076-42f5-4471-b2a7-2ddd3c1aa19b,,12005
3084,7453d42b-eacc-4c32-b8c7-87dfb6a9d394,,18502
3085,28f97c68-eb44-4bfa-9b4b-2e4d0fdbfb75,,11988
3086,91402c07-b544-44a4-bfdf-c685bf630b4e,,16551
3087,f708e0cd-83db-4696-a834-eda0246b4661,,16561
3088,92dcaa4e-8553-4798-83e2-7f2ac93657d1,,9264
3089,b78f7297-3d21-4820-b069-3a0491385eee,,18451
3090,c1f4ad62-85f2-41e6-9579-7773f5f16791,,14113
3091,7e3c4bfe-1e07-4072-96c3-8e1737a455aa,,26692
3092,a815c0b2-4b7f-4547-9a7d-e8ce202658b2,,9309
3093,65c73cfb-ba4b-46ce-a250-3e3d6d169936,,18416
3094,c3a0785c-1206-4f45-b56f-1cbab611ecd4,,26764
3095,90cac2b4-c639-4415-bb86-8c0c3e60a2de,,21953
3096,ca515c4d-1e75-4a45-a7a4-d0778b07fe7f,,9378
3097,418b619c-4d44-471f-89e3-822201764567,,11907
3098,6216eeca-9af3-4da1-a5cd-b84904eae167,,7424
3099,c96dc51a-6c95-48e5-bee5-0855259273d5,,11853
3100,17638117-1e90-4518-95a9-3a0de66528ee,,26849
3101,38ae2bac-f51e-4ad6-81f0-aab7deb27c31,,7251
3102,abf50637-4c90-4dc5-bd8c-eecb4f3e3885,,9418
3103,4c9c8d38-fa16-4591-b4bf-529ce16ff807,,11873
3104,2dc84a3d-53e0-481d-b355-804d49d564e7,,490
3105,d3c03bee-7cf8-4a28-b0b2-78f0f1abe91f,,3429
3106,5c00a760-3f33-4347-b8cf-d4925844e6ae,,22012
3107,ad1abd0a-a00c-48fc-8b6a-915a97765212,,7253
3108,dd74389c-b144-4932-a825-bba8743b9cc3,,16557
3109,4af5b4ef-2b7d-4432-96ce-7d80e85c0984,,9416
3110,800842fb-4691-4e29-8bdb-06b6a19dab72,,16444
3111,1f9f99de-c8ac-4933-b8f9-b71e5551a2e3,,474
3112,87e2ffe6-b771-437c-b7ca-f670b96d46b6,,16698
3113,4edf7482-a189-4980-a8b4-1c25af4016d2,,9218
3114,9ea5f9a7-9ae4-445c-9b18-cc15b07fa9f0,,16750
3115,9112645b-03bb-4916-8061-3ff587bde959,,9326
3116,219ad118-2c84-427c-b71e-f3b90e2e0283,,14784
3117,3421b9f9-d7b2-4eea-bfa2-d81fa0c857dd,,3395
3118,051f3ced-b42f-494f-bdbd-6d75e25bc7fe,,9305
3119,3dc35474-805d-48c2-94a6-557bb4d497bc,,18335
3120,0075b47c-1f00-4650-a540-ef2cddeeb1b7,,9410
3121,48022b86-5b84-4331-897b-c93a86304ea8,,9302
3122,fda8e68c-d6be-4cf0-b162-3f99b9e10bf4,,14606
3123,6356ceb2-100f-46a8-b6a2-bdcd2b4834ba,,14695
3124,a8b6af76-7ca3-4b0b-8e15-41068c8b5b09,,26626
3125,198fd2a7-f45e-4e00-af99-d34342a72595,,18293
3126,03405278-dbae-43a8-b47a-39495f2183c2,,18546
3127,f8414d6b-5c9b-4de5-b8f1-046b64bf2b13,,9260
3128,18c49eb7-f07f-4f95-882b-e2f57a04007d,,7449
3129,f579b451-a353-4826-a92d-78f8e976ddbf,,18445
3130,d7c29a0c-77f5-433d-bb3e-17156c2a03cb,,2698
3131,6c52d61a-22ae-469a-825a-4c54c13b5937,,7262
3132,de77da22-7be1-41df-a50f-c190f55939fe,,16565
3133,555afcb4-50c2-4e2a-b4fe-001f6c27e266,,9238
3134,a1a74981-7a26-4318-a259-342eeb6c6e6f,,22140
3135,eb417918-a42c-4bef-a6a3-bb37b38b91e3,,18292
3136,ea265e53-ab00-477b-8b8e-6d5f70843aee,,11675
3137,ccd2c248-b599-498e-beba-6129cce7cae6,,7259
3138,5fb8f25f-3921-48ba-addd-5c92ead5da32,,11754
3139,1ec53458-8ce5-4474-8406-2dac68141d38,,18288
3140,bb666e36-a98d-4c97-a0ea-b6f7ccd6d788,,14607
3141,f51e4383-4411-4f7c-badf-4255f5ca59cc,,7148
3142,cdd180f6-fd96-437d-804a-986d267d628b,,7426
3143,9f31352e-5fa3-4e67-b749-f95240cb40fa,,9400
3144,aaf78101-f5bf-401f-a028-20fc6757a3f9,,18561
3145,750b8f9b-a057-4cd2-9074-909ac58fd2ca,,16378
3146,2e467721-f6a5-445e-b909-c87a2ab9f87c,,18537
3147,f91023b9-424b-4365-83d0-2bf722a80471,,22200
3148,68c3dfa0-bf47-47e7-91a1-6286d0b5c53e,,21944
3149,fc7fc220-5b55-4c4f-9e8a-97c784c0b673,,484
3150,c8ea8338-4703-4fed-93c8-6a82c7c0ed37,,11817
3151,46d38423-c50d-4d1a-bda1-7cab0a7733df,,9223
3152,137da7fe-3e61-4f2e-b20a-58f01092e743,,14703
3153,532211ff-5dff-4d9b-91d3-d3bc13a8f58c,,26706
3154,498e4ee6-1ed0-495f-a46c-55d3c2298f0e,,16485
3155,08d6b209-311e-4fec-b14b-3acd2cb5bd23,,22028
3156,7fda5b6d-3b28-40e6-8951-fc8d228e08d9,,11788
3157,6edd1ba4-0359-469b-91c4-b62ef75bd282,,14522
3158,e4d5d08d-e181-46ce-8b4c-f2d4ba507327,,536
3159,79f5152c-8e55-4f90-b1d4-00b3bf6f3fe3,,9235
3160,485e7676-f785-4a7f-ad73-7583657a0516,,16449
3161,d60f238c-34b0-4b2e-b460-6a0756e0cb13,,7427
3162,829a9ef2-d0e3-46bb-8989-c8365d996791,,7199
3163,525b2c6e-bddc-4495-b18e-c2fe6fc9d788,,7341
3164,4ab190a0-4adb-4879-8daa-3303125de7c0,,16631
3165,6d0656f3-1b14-4300-802e-3559a1ba1a51,,11858
3166,5ea26ac4-9167-4bb8-aae3-35f022a806a6,,16725
3167,de3c08b8-60fb-47f9-af95-d91fd4f09381,,14090
3168,7eeab006-1e7a-4dc6-9c52-f43821852cc5,,9531
3169,9c178add-1373-4883-83da-61781467e486,,11656
3170,9c1ef7c2-d17e-4222-833b-bee541d1433a,,22164
3171,228d463c-b833-447b-937a-2f4e04888b9f,,9489
3172,4bc2d1de-3e56-4343-910c-7341b1aa8b87,,7231
3173,205a52a7-b8dd-4084-932d-7144e89b55e2,,14589
3174,8b29911d-0034-4fda-b245-dd61014235df,,9428
3175,96667ac5-8a04-42db-a061-0fe86ba35d77,,7120
3176,e188dcb9-73e5-42a4-b044-c8f9d57f116b,,7440
3177,f53a1a31-24f1-4942-9a2e-80a072e00879,,7464
3178,bf623ce2-d0a6-43dd-aca9-3e3bb43e730c,,26801
3179,6a0bec14-ee44-45f0-ab4d-dca56da3f2c1,,18395
3180,b71bec22-c126-4977-8c7a-1c6da992352a,,3159
3181,3aad7191-44b5-4d3c-9b25-3b0f36dc394b,,16475
3182,d10b103e-3b7f-483b-8fa5-af337f378e07,,21969
3183,a73bdf82-5d53-4bea-8010-cf42c25d8d1e,,26693
3184,810b8785-98dc-4a9b-baeb-efd0dc986e02,,22085
3185,38786eb8-b42d-4636-a5c0-b538ba908797,,14764
3186,c835bf23-75ad-4336-968d-92aa492a1178,,3434
3187,4e865ec6-9eb6-45eb-97e7-4c24a7eca4d5,,26737
3188,665db816-ec09-444b-aad5-b3b6476c84d1,,26852
3189,dabeb28a-983c-4d29-8d21-22d2b037d663,,26675
3190,0b0c5753-69bd-4174-b369-260eaef7e44e,,16602
3191,8a3b4939-54ce-442e-8620-2ef2c738283d,,11946
3192,c010260f-bae1-469f-9868-7840a7ce1605,,18407
3193,63302935-c4b3-48bf-ae01-faf52edf587b,,26870
3194,0847dd83-a7d6-4ae5-b89a-a071799d35e1,,16406
3195,20cfe2d3-71d4-468d-bde4-76adb5e685e2,,540
3196,83b7fd30-54e9-4416-9e55-f03f3bd6e0eb,,16699
3197,9178637c-29c1-4f22-ada2-1801b5127b59,,18498
3198,04a27056-9c71-414a-a390-80dff4f012db,,18255
3199,02dd81fa-5787-4aeb-bd4f-13c2a5b531f6,,26791
3200,f5d823d5-f652-4a62-9ccc-b1f772ce352f,,16694
3201,cd1605ed-592c-4850-8fc6-074c1f5f1f4a,,22088
3202,6667fd36-d8c3-43d6-bbd4-5dc41dfa542c,,11743
3203,7534e1a2-0300-4b9b-b4a2-0e8f0af7812a,,16432
3204,6676bbc0-ce3d-4fca-af13-767f935c1b7e,,9456
3205,e63809ea-564e-42e3-9909-57738f4dd2fe,,16599
3206,343015f5-867d-457c-a79a-7129ab451f98,,26642
3207,0af89479-e129-4e8c-8da4-6a94cc249712,,7425
3208,456f3376-7f24-44c2-b09f-120aaf525f42,,18247
3209,a945df2a-b45e-4166-a9bd-b648718aaf8f,,9539
3210,b4f6aece-a171-4dbe-8521-0d429de78e6d,,18338
3211,c3ea5fd0-d19a-43a2-9613-b14ddb96dbf3,,22023
3212,697d2040-722e-43b7-bbd2-407949f29bcb,,3332
3213,f158045a-ef08-4c60-8810-128eb472c142,,3356
3214,3f0f4538-c3c0-4e64-b119-17d18a6bdd5e,,16422
3215,aef37ac5-a8a3-4124-8eab-4ef513330bfe,,7132
3216,22043e33-2b19-4d14-ac76-511001de4238,,14756
3217,56d95ad8-188a-4256-a3d5-ce6073720b6a,,9227
3218,70cf2de8-785d-42e6-a630-ca05d672976b,,21931
3219,0996dba2-96ed-45b7-a516-3d1b46dc36f8,,7133
3220,a08550a3-8e02-499a-8320-5583dc65c766,,22003
3221,fa899fc8-706f-4f0f-8358-8664eb9a9082,,11909
3222,f6c11f20-c0ab-4a1c-a3c8-9d46e990fed7,,18249
3223,ad002609-ded3-4c2b-9b64-7c358a8d57b0,,11734
3224,21a73665-55d2-42f2-bb6a-4824ecbf3925,,16651
3225,5ee6b383-e07e-42ec-963f-100fa8175653,,26761
3226,1542b31e-1948-45c8-8472-7bb05577e53a,,11745
3227,e61b5c55-7759-49b3-bebc-bc7fce131f8d,,21962
3228,27cb7a7b-c414-4e72-b65d-1096917a059d,,22066
3229,35b0112a-1925-4db0-a25d-57760811ea87,,18331
3230,71c66205-0a50-40a5-b8b1-5ea7f0e6ba90,,18381
3231,fbff5e69-1fab-47e3-9d9f-eb713767b612,,9486
3232,61bf3597-3683-4020-8ab3-31f1aeb41823,,26654
3233,7db7dda6-ce48-4154-ae2d-b3e3389f1b31,,18562
3234,513a4d88-fd9b-4942-be53-9a90953617de,,14720
3235,e85b9633-a5bc-4971-aee0-6fcd439f9c96,,9319
3236,10338dea-6f98-48d7-b917-9688a2f1e4a6,,3479
3237,37604e92-dd6a-43af-9ffb-feaeda4f8f48,,18429
3238,2006a079-69ef-4a6b-a168-c18b30836815,,3116
3239,6bc98ad5-83b6-49c1-9acd-4710f7bb8b3e,,3462
3240,eb2bb592-67ca-49b3-8db2-3eea0fb6c7b6,,16753
3241,e080b826-c6c7-4262-bead-4f5a92f6bec9,,18348
3242,ae7a2a8e-e8b0-4273-8c9e-06b5684aab67,,16630
3243,62e6b26c-f096-499e-94e1-435959fd69e8,,11721
3244,616915ab-f3e4-49d7-9a88-453c48723414,,16609
3245,d5be270c-5712-468f-a463-fb95a9407acd,,18239
3246,336b532f-68f6-4b61-b8ea-ba9829ca4126,,14684
3247,a5156dc7-00a9-4976-971b-f7ff36323ecc,,11764
3248,d7fa8de7-0635-45f0-95a2-b57fbd06cc33,,11665
3249,7fc777cb-5dce-48e7-86c4-bb5b24f3cbd9,,11781
3250,4e3e8e94-b397-4efb-a575-4420374414bb,,3352
3251,bedab782-dc6d-4889-bbd5-6f18879c173d,,14564
3252,55c41138-2e07-486c-a5a4-25d95e135cd3,,3132
3253,94df6e6f-9cf6-4a08-a09c-f6d96e390508,,14777
3254,ac172de3-8c08-41a9-a27d-bb75b669b58c,,542
3255,96fb0cb9-b558-4daf-92e6-d2d4acdf448e,,7461
3256,ac5eda53-6a4a-4ca0-8aca-094dc7ac31ca,,9543
3257,ea7c41d9-1edb-46b0-a3ff-93cb4eed977d,,18512
3258,6adbfa69-d618-46ec-90ba-3bc920b90b7b,,9243
3259,27218bc6-bb84-41a2-85fa-3ee15c1fe625,,11669
3260,14ca54ed-79ec-418f-bc86-ad35b8a0646d,,7179
3261,fb7cf1de-fa2c-4555-9ad8-788035275a83,,11671
3262,453c0209-cb80-4f64-82c3-7a817e171540,,26716
3263,c7bbacf4-73f6-47ea-a6fa-311d5c8a6a2f,,16380
3264,741bee98-3447-4349-a25c-fdec25429788,,14717
3265,ad0a8c1d-b467-4928-9420-375c8889f1cc,,18402
3266,db4b2162-1b37-45e5-8135-8bfcf790ee6d,,18220
3267,3922094a-1df0-4cd0-aa45-cd4a5397ee10,,7214
3268,5852d723-72a2-4c8f-955f-ea9a0160bef6,,7237
3269,3fb6a788-e419-4819-97ce-aca95aa35b58,,11761
3270,143d59fe-4f06-4611-88be-4acd63184d7b,,3509
3271,046231d9-d835-4ab8-b46f-61544a780385,,14734
3272,af9749e4-a9ba-4e5c-b2b1-4c3e151033b6,,16397
3273,bcd0e562-70aa-4a49-9037-1785a974318d,,21997
3274,25388e3f-f2fa-4ce7-9175-fec380bcd679,,18359
3275,e43b443f-33e1-4c40-81ba-5c95f37ff48c,,7134
3276,da4795ea-ab73-4eff-b97c-6a8167ff8f5b,,16654
3277,424a6c61-e4aa-45a4-bd77-7294c2f6ab37,,9377
3278,1155da57-2d34-4207-8f96-4c8d65943e5d,,9448
3279,62e8dae4-364e-4b18-81a0-bdbb3601c086,,11862
3280,c60c671a-d499-4bb3-9d1a-5413cb47cb2f,,14106
3281,256b91e6-0869-427b-9642-1f7deb871d87,,16719
3282,9927b66e-a75e-4a76-a913-039faaeb47c6,,11802
3283,30a321d4-dfb9-4b5b-807d-9fc538b29c59,,16548
3284,107551eb-9f11-496f-a48c-db03f885a560,,18377
3285,f7a43ce6-b28c-4552-aed1-0eba2640a59c,,26850
3286,02b40294-3920-4b97-b887-637480a42d27,,7261
3287,01a18c36-c074-4766-baaa-4abd1bba646e,,11947
3288,93a1136a-98f5-4cad-bf3e-96e12ef3a8b4,,495
3289,eb7e4577-b43a-49bc-bc10-2f71030db742,,7325
3290,649b8e10-d6cc-450f-8e34-4a0dc94075b3,,22259
3291,f26a14ad-4c4f-4719-9b2e-1902c3791398,,18307
3292,d9b4c005-ccd1-42d5-b3cd-b94f4b52bde6,,7431
3293,1059c759-8617-40bb-a81a-8b465b2d5e78,,16467
3294,4bae3811-2853-41c4-87dd-de1d03a8df71,,9266
3295,76cdb583-e38b-4a8f-8ea6-23af1c85b84e,,11708
3296,dbd4e4b7-23dd-4997-8219-f323e1c4b49c,,7323
3297,6f4eab6e-6f4c-46b7-947b-5ff048951de0,,22215
3298,4e8aaba5-16e6-4e00-b2f8-cd7e0560269a,,26770
3299,4ec4e10d-a53c-482f-8403-7dd38393a138,,3447
3300,668914f7-aa96-465c-a356-881c0a8aae57,,11831
